
./run_bare_hw_matrix_clang_quant.elf:     file format elf64-littleriscv


Disassembly of section .text.init:

0000000080000000 <_start>:
    80000000:	4081                	li	ra,0
    80000002:	4101                	li	sp,0
    80000004:	4181                	li	gp,0
    80000006:	4201                	li	tp,0
    80000008:	4281                	li	t0,0
    8000000a:	4301                	li	t1,0
    8000000c:	4381                	li	t2,0
    8000000e:	4401                	li	s0,0
    80000010:	4481                	li	s1,0
    80000012:	4501                	li	a0,0
    80000014:	4581                	li	a1,0
    80000016:	4601                	li	a2,0
    80000018:	4681                	li	a3,0
    8000001a:	4701                	li	a4,0
    8000001c:	4781                	li	a5,0
    8000001e:	4801                	li	a6,0
    80000020:	4881                	li	a7,0
    80000022:	4901                	li	s2,0
    80000024:	4981                	li	s3,0
    80000026:	4a01                	li	s4,0
    80000028:	4a81                	li	s5,0
    8000002a:	4b01                	li	s6,0
    8000002c:	4b81                	li	s7,0
    8000002e:	4c01                	li	s8,0
    80000030:	4c81                	li	s9,0
    80000032:	4d01                	li	s10,0
    80000034:	4d81                	li	s11,0
    80000036:	4e01                	li	t3,0
    80000038:	4e81                	li	t4,0
    8000003a:	4f01                	li	t5,0
    8000003c:	4f81                	li	t6,0
    8000003e:	62f9                	lui	t0,0x1e
    80000040:	3002a073          	csrs	mstatus,t0
    80000044:	4285                	li	t0,1
    80000046:	02fe                	slli	t0,t0,0x1f
    80000048:	0002d363          	bgez	t0,8000004e <_start+0x4e>
    8000004c:	a001                	j	8000004c <_start+0x4c>
    8000004e:	00000297          	auipc	t0,0x0
    80000052:	09028293          	addi	t0,t0,144 # 800000de <_start+0xde>
    80000056:	30529073          	csrw	mtvec,t0
    8000005a:	00301073          	fscsr	zero
    8000005e:	f0000053          	fmv.w.x	ft0,zero
    80000062:	f00000d3          	fmv.w.x	ft1,zero
    80000066:	f0000153          	fmv.w.x	ft2,zero
    8000006a:	f00001d3          	fmv.w.x	ft3,zero
    8000006e:	f0000253          	fmv.w.x	ft4,zero
    80000072:	f00002d3          	fmv.w.x	ft5,zero
    80000076:	f0000353          	fmv.w.x	ft6,zero
    8000007a:	f00003d3          	fmv.w.x	ft7,zero
    8000007e:	f0000453          	fmv.w.x	fs0,zero
    80000082:	f00004d3          	fmv.w.x	fs1,zero
    80000086:	f0000553          	fmv.w.x	fa0,zero
    8000008a:	f00005d3          	fmv.w.x	fa1,zero
    8000008e:	f0000653          	fmv.w.x	fa2,zero
    80000092:	f00006d3          	fmv.w.x	fa3,zero
    80000096:	f0000753          	fmv.w.x	fa4,zero
    8000009a:	f00007d3          	fmv.w.x	fa5,zero
    8000009e:	f0000853          	fmv.w.x	fa6,zero
    800000a2:	f00008d3          	fmv.w.x	fa7,zero
    800000a6:	f0000953          	fmv.w.x	fs2,zero
    800000aa:	f00009d3          	fmv.w.x	fs3,zero
    800000ae:	f0000a53          	fmv.w.x	fs4,zero
    800000b2:	f0000ad3          	fmv.w.x	fs5,zero
    800000b6:	f0000b53          	fmv.w.x	fs6,zero
    800000ba:	f0000bd3          	fmv.w.x	fs7,zero
    800000be:	f0000c53          	fmv.w.x	fs8,zero
    800000c2:	f0000cd3          	fmv.w.x	fs9,zero
    800000c6:	f0000d53          	fmv.w.x	fs10,zero
    800000ca:	f0000dd3          	fmv.w.x	fs11,zero
    800000ce:	f0000e53          	fmv.w.x	ft8,zero
    800000d2:	f0000ed3          	fmv.w.x	ft9,zero
    800000d6:	f0000f53          	fmv.w.x	ft10,zero
    800000da:	f0000fd3          	fmv.w.x	ft11,zero
    800000de:	00000297          	auipc	t0,0x0
    800000e2:	03e28293          	addi	t0,t0,62 # 8000011c <trap_entry>
    800000e6:	30529073          	csrw	mtvec,t0
    800000ea:	03a70197          	auipc	gp,0x3a70
    800000ee:	89a18193          	addi	gp,gp,-1894 # 83a6f984 <__global_pointer$>
    800000f2:	13a6f217          	auipc	tp,0x13a6f
    800000f6:	1cd20213          	addi	tp,tp,461 # 93a6f2bf <__heap_start+0x3f>
    800000fa:	fc027213          	andi	tp,tp,-64
    800000fe:	f1402573          	csrr	a0,mhartid
    80000102:	4585                	li	a1,1
    80000104:	00b57063          	bgeu	a0,a1,80000104 <_start+0x104>
    80000108:	00150113          	addi	sp,a0,1
    8000010c:	0152                	slli	sp,sp,0x14
    8000010e:	9112                	add	sp,sp,tp
    80000110:	01451613          	slli	a2,a0,0x14
    80000114:	9232                	add	tp,tp,a2
    80000116:	0a80006f          	j	800001be <_init>
    8000011a:	0001                	nop

000000008000011c <trap_entry>:
    8000011c:	716d                	addi	sp,sp,-272
    8000011e:	e406                	sd	ra,8(sp)
    80000120:	e80a                	sd	sp,16(sp)
    80000122:	ec0e                	sd	gp,24(sp)
    80000124:	f012                	sd	tp,32(sp)
    80000126:	f416                	sd	t0,40(sp)
    80000128:	f81a                	sd	t1,48(sp)
    8000012a:	fc1e                	sd	t2,56(sp)
    8000012c:	e0a2                	sd	s0,64(sp)
    8000012e:	e4a6                	sd	s1,72(sp)
    80000130:	e8aa                	sd	a0,80(sp)
    80000132:	ecae                	sd	a1,88(sp)
    80000134:	f0b2                	sd	a2,96(sp)
    80000136:	f4b6                	sd	a3,104(sp)
    80000138:	f8ba                	sd	a4,112(sp)
    8000013a:	fcbe                	sd	a5,120(sp)
    8000013c:	e142                	sd	a6,128(sp)
    8000013e:	e546                	sd	a7,136(sp)
    80000140:	e94a                	sd	s2,144(sp)
    80000142:	ed4e                	sd	s3,152(sp)
    80000144:	f152                	sd	s4,160(sp)
    80000146:	f556                	sd	s5,168(sp)
    80000148:	f95a                	sd	s6,176(sp)
    8000014a:	fd5e                	sd	s7,184(sp)
    8000014c:	e1e2                	sd	s8,192(sp)
    8000014e:	e5e6                	sd	s9,200(sp)
    80000150:	e9ea                	sd	s10,208(sp)
    80000152:	edee                	sd	s11,216(sp)
    80000154:	f1f2                	sd	t3,224(sp)
    80000156:	f5f6                	sd	t4,232(sp)
    80000158:	f9fa                	sd	t5,240(sp)
    8000015a:	fdfe                	sd	t6,248(sp)
    8000015c:	34202573          	csrr	a0,mcause
    80000160:	341025f3          	csrr	a1,mepc
    80000164:	860a                	mv	a2,sp
    80000166:	7be000ef          	jal	80000924 <handle_trap>
    8000016a:	34151073          	csrw	mepc,a0
    8000016e:	428d                	li	t0,3
    80000170:	02ae                	slli	t0,t0,0xb
    80000172:	3002a073          	csrs	mstatus,t0
    80000176:	60a2                	ld	ra,8(sp)
    80000178:	6142                	ld	sp,16(sp)
    8000017a:	61e2                	ld	gp,24(sp)
    8000017c:	7202                	ld	tp,32(sp)
    8000017e:	72a2                	ld	t0,40(sp)
    80000180:	7342                	ld	t1,48(sp)
    80000182:	73e2                	ld	t2,56(sp)
    80000184:	6406                	ld	s0,64(sp)
    80000186:	64a6                	ld	s1,72(sp)
    80000188:	6546                	ld	a0,80(sp)
    8000018a:	65e6                	ld	a1,88(sp)
    8000018c:	7606                	ld	a2,96(sp)
    8000018e:	76a6                	ld	a3,104(sp)
    80000190:	7746                	ld	a4,112(sp)
    80000192:	77e6                	ld	a5,120(sp)
    80000194:	680a                	ld	a6,128(sp)
    80000196:	68aa                	ld	a7,136(sp)
    80000198:	694a                	ld	s2,144(sp)
    8000019a:	69ea                	ld	s3,152(sp)
    8000019c:	7a0a                	ld	s4,160(sp)
    8000019e:	7aaa                	ld	s5,168(sp)
    800001a0:	7b4a                	ld	s6,176(sp)
    800001a2:	7bea                	ld	s7,184(sp)
    800001a4:	6c0e                	ld	s8,192(sp)
    800001a6:	6cae                	ld	s9,200(sp)
    800001a8:	6d4e                	ld	s10,208(sp)
    800001aa:	6dee                	ld	s11,216(sp)
    800001ac:	7e0e                	ld	t3,224(sp)
    800001ae:	7eae                	ld	t4,232(sp)
    800001b0:	7f4e                	ld	t5,240(sp)
    800001b2:	7fee                	ld	t6,248(sp)
    800001b4:	6151                	addi	sp,sp,272
    800001b6:	30200073          	mret
    800001ba:	0100006f          	j	800001ca <_exit>

00000000800001be <_init>:
    800001be:	187030ef          	jal	80003b44 <main>
    800001c2:	0080006f          	j	800001ca <_exit>
    800001c6:	0040006f          	j	800001ca <_exit>

00000000800001ca <_exit>:
    800001ca:	10500073          	wfi
    800001ce:	bff5                	j	800001ca <_exit>

Disassembly of section .text:

00000000800001d0 <exit>:
    800001d0:	1101                	addi	sp,sp,-32
    800001d2:	ec06                	sd	ra,24(sp)
    800001d4:	e822                	sd	s0,16(sp)
    800001d6:	1000                	addi	s0,sp,32
    800001d8:	fea42623          	sw	a0,-20(s0)
    800001dc:	a009                	j	800001de <exit+0xe>
    800001de:	10500073          	wfi
    800001e2:	bff5                	j	800001de <exit+0xe>

00000000800001e4 <abort>:
    800001e4:	1141                	addi	sp,sp,-16
    800001e6:	e406                	sd	ra,8(sp)
    800001e8:	e022                	sd	s0,0(sp)
    800001ea:	0800                	addi	s0,sp,16
    800001ec:	4505                	li	a0,1
    800001ee:	fe3ff0ef          	jal	800001d0 <exit>

00000000800001f2 <memcpy>:
    800001f2:	7139                	addi	sp,sp,-64
    800001f4:	fc06                	sd	ra,56(sp)
    800001f6:	f822                	sd	s0,48(sp)
    800001f8:	0080                	addi	s0,sp,64
    800001fa:	fea43423          	sd	a0,-24(s0)
    800001fe:	feb43023          	sd	a1,-32(s0)
    80000202:	fcc43c23          	sd	a2,-40(s0)
    80000206:	fe043503          	ld	a0,-32(s0)
    8000020a:	fca43823          	sd	a0,-48(s0)
    8000020e:	fe843503          	ld	a0,-24(s0)
    80000212:	fca43423          	sd	a0,-56(s0)
    80000216:	4501                	li	a0,0
    80000218:	fca43023          	sd	a0,-64(s0)
    8000021c:	a009                	j	8000021e <memcpy+0x2c>
    8000021e:	fc043503          	ld	a0,-64(s0)
    80000222:	fd843583          	ld	a1,-40(s0)
    80000226:	02b57663          	bgeu	a0,a1,80000252 <memcpy+0x60>
    8000022a:	a009                	j	8000022c <memcpy+0x3a>
    8000022c:	fd043503          	ld	a0,-48(s0)
    80000230:	fc043603          	ld	a2,-64(s0)
    80000234:	9532                	add	a0,a0,a2
    80000236:	00054503          	lbu	a0,0(a0)
    8000023a:	fc843583          	ld	a1,-56(s0)
    8000023e:	95b2                	add	a1,a1,a2
    80000240:	00a58023          	sb	a0,0(a1)
    80000244:	a009                	j	80000246 <memcpy+0x54>
    80000246:	fc043503          	ld	a0,-64(s0)
    8000024a:	0505                	addi	a0,a0,1
    8000024c:	fca43023          	sd	a0,-64(s0)
    80000250:	b7f9                	j	8000021e <memcpy+0x2c>
    80000252:	fe843503          	ld	a0,-24(s0)
    80000256:	fc040113          	addi	sp,s0,-64
    8000025a:	70e2                	ld	ra,56(sp)
    8000025c:	7442                	ld	s0,48(sp)
    8000025e:	6121                	addi	sp,sp,64
    80000260:	8082                	ret

0000000080000262 <memset>:
    80000262:	7139                	addi	sp,sp,-64
    80000264:	fc06                	sd	ra,56(sp)
    80000266:	f822                	sd	s0,48(sp)
    80000268:	0080                	addi	s0,sp,64
    8000026a:	fea43423          	sd	a0,-24(s0)
    8000026e:	feb42223          	sw	a1,-28(s0)
    80000272:	fcc43c23          	sd	a2,-40(s0)
    80000276:	fe843503          	ld	a0,-24(s0)
    8000027a:	fca43823          	sd	a0,-48(s0)
    8000027e:	4501                	li	a0,0
    80000280:	fca43423          	sd	a0,-56(s0)
    80000284:	a009                	j	80000286 <memset+0x24>
    80000286:	fc843503          	ld	a0,-56(s0)
    8000028a:	fd843583          	ld	a1,-40(s0)
    8000028e:	02b57363          	bgeu	a0,a1,800002b4 <memset+0x52>
    80000292:	a009                	j	80000294 <memset+0x32>
    80000294:	fe444503          	lbu	a0,-28(s0)
    80000298:	fd043583          	ld	a1,-48(s0)
    8000029c:	fc843603          	ld	a2,-56(s0)
    800002a0:	95b2                	add	a1,a1,a2
    800002a2:	00a58023          	sb	a0,0(a1)
    800002a6:	a009                	j	800002a8 <memset+0x46>
    800002a8:	fc843503          	ld	a0,-56(s0)
    800002ac:	0505                	addi	a0,a0,1
    800002ae:	fca43423          	sd	a0,-56(s0)
    800002b2:	bfd1                	j	80000286 <memset+0x24>
    800002b4:	fe843503          	ld	a0,-24(s0)
    800002b8:	fc040113          	addi	sp,s0,-64
    800002bc:	70e2                	ld	ra,56(sp)
    800002be:	7442                	ld	s0,48(sp)
    800002c0:	6121                	addi	sp,sp,64
    800002c2:	8082                	ret

00000000800002c4 <strlen>:
    800002c4:	1101                	addi	sp,sp,-32
    800002c6:	ec06                	sd	ra,24(sp)
    800002c8:	e822                	sd	s0,16(sp)
    800002ca:	1000                	addi	s0,sp,32
    800002cc:	fea43423          	sd	a0,-24(s0)
    800002d0:	fe843503          	ld	a0,-24(s0)
    800002d4:	010000ef          	jal	800002e4 <my_strlen>
    800002d8:	fe040113          	addi	sp,s0,-32
    800002dc:	60e2                	ld	ra,24(sp)
    800002de:	6442                	ld	s0,16(sp)
    800002e0:	6105                	addi	sp,sp,32
    800002e2:	8082                	ret

00000000800002e4 <my_strlen>:
    800002e4:	1101                	addi	sp,sp,-32
    800002e6:	ec06                	sd	ra,24(sp)
    800002e8:	e822                	sd	s0,16(sp)
    800002ea:	1000                	addi	s0,sp,32
    800002ec:	fea43423          	sd	a0,-24(s0)
    800002f0:	fe843503          	ld	a0,-24(s0)
    800002f4:	fea43023          	sd	a0,-32(s0)
    800002f8:	a009                	j	800002fa <my_strlen+0x16>
    800002fa:	fe043503          	ld	a0,-32(s0)
    800002fe:	00054503          	lbu	a0,0(a0)
    80000302:	c901                	beqz	a0,80000312 <my_strlen+0x2e>
    80000304:	a009                	j	80000306 <my_strlen+0x22>
    80000306:	fe043503          	ld	a0,-32(s0)
    8000030a:	0505                	addi	a0,a0,1
    8000030c:	fea43023          	sd	a0,-32(s0)
    80000310:	b7ed                	j	800002fa <my_strlen+0x16>
    80000312:	fe043503          	ld	a0,-32(s0)
    80000316:	fe843583          	ld	a1,-24(s0)
    8000031a:	8d0d                	sub	a0,a0,a1
    8000031c:	fe040113          	addi	sp,s0,-32
    80000320:	60e2                	ld	ra,24(sp)
    80000322:	6442                	ld	s0,16(sp)
    80000324:	6105                	addi	sp,sp,32
    80000326:	8082                	ret

0000000080000328 <strnlen>:
    80000328:	7179                	addi	sp,sp,-48
    8000032a:	f406                	sd	ra,40(sp)
    8000032c:	f022                	sd	s0,32(sp)
    8000032e:	1800                	addi	s0,sp,48
    80000330:	fea43423          	sd	a0,-24(s0)
    80000334:	feb43023          	sd	a1,-32(s0)
    80000338:	fe843503          	ld	a0,-24(s0)
    8000033c:	fca43c23          	sd	a0,-40(s0)
    80000340:	a009                	j	80000342 <strnlen+0x1a>
    80000342:	fe043503          	ld	a0,-32(s0)
    80000346:	fff50593          	addi	a1,a0,-1
    8000034a:	feb43023          	sd	a1,-32(s0)
    8000034e:	4581                	li	a1,0
    80000350:	fcb43823          	sd	a1,-48(s0)
    80000354:	c919                	beqz	a0,8000036a <strnlen+0x42>
    80000356:	a009                	j	80000358 <strnlen+0x30>
    80000358:	fd843503          	ld	a0,-40(s0)
    8000035c:	00054503          	lbu	a0,0(a0)
    80000360:	00a03533          	snez	a0,a0
    80000364:	fca43823          	sd	a0,-48(s0)
    80000368:	a009                	j	8000036a <strnlen+0x42>
    8000036a:	fd043503          	ld	a0,-48(s0)
    8000036e:	8905                	andi	a0,a0,1
    80000370:	c901                	beqz	a0,80000380 <strnlen+0x58>
    80000372:	a009                	j	80000374 <strnlen+0x4c>
    80000374:	fd843503          	ld	a0,-40(s0)
    80000378:	0505                	addi	a0,a0,1
    8000037a:	fca43c23          	sd	a0,-40(s0)
    8000037e:	b7d1                	j	80000342 <strnlen+0x1a>
    80000380:	fd843503          	ld	a0,-40(s0)
    80000384:	fe843583          	ld	a1,-24(s0)
    80000388:	8d0d                	sub	a0,a0,a1
    8000038a:	fd040113          	addi	sp,s0,-48
    8000038e:	70a2                	ld	ra,40(sp)
    80000390:	7402                	ld	s0,32(sp)
    80000392:	6145                	addi	sp,sp,48
    80000394:	8082                	ret

0000000080000396 <strcmp>:
    80000396:	7179                	addi	sp,sp,-48
    80000398:	f406                	sd	ra,40(sp)
    8000039a:	f022                	sd	s0,32(sp)
    8000039c:	1800                	addi	s0,sp,48
    8000039e:	fea43423          	sd	a0,-24(s0)
    800003a2:	feb43023          	sd	a1,-32(s0)
    800003a6:	a009                	j	800003a8 <strcmp+0x12>
    800003a8:	fe843503          	ld	a0,-24(s0)
    800003ac:	00150593          	addi	a1,a0,1
    800003b0:	feb43423          	sd	a1,-24(s0)
    800003b4:	00054503          	lbu	a0,0(a0)
    800003b8:	fca40fa3          	sb	a0,-33(s0)
    800003bc:	fe043503          	ld	a0,-32(s0)
    800003c0:	00150593          	addi	a1,a0,1
    800003c4:	feb43023          	sd	a1,-32(s0)
    800003c8:	00054503          	lbu	a0,0(a0)
    800003cc:	fca40f23          	sb	a0,-34(s0)
    800003d0:	a009                	j	800003d2 <strcmp+0x3c>
    800003d2:	fdf44503          	lbu	a0,-33(s0)
    800003d6:	4581                	li	a1,0
    800003d8:	fcb43823          	sd	a1,-48(s0)
    800003dc:	cd01                	beqz	a0,800003f4 <strcmp+0x5e>
    800003de:	a009                	j	800003e0 <strcmp+0x4a>
    800003e0:	fdf44503          	lbu	a0,-33(s0)
    800003e4:	fde44583          	lbu	a1,-34(s0)
    800003e8:	8d2d                	xor	a0,a0,a1
    800003ea:	00153513          	seqz	a0,a0
    800003ee:	fca43823          	sd	a0,-48(s0)
    800003f2:	a009                	j	800003f4 <strcmp+0x5e>
    800003f4:	fd043503          	ld	a0,-48(s0)
    800003f8:	8905                	andi	a0,a0,1
    800003fa:	f55d                	bnez	a0,800003a8 <strcmp+0x12>
    800003fc:	a009                	j	800003fe <strcmp+0x68>
    800003fe:	fdf44503          	lbu	a0,-33(s0)
    80000402:	fde44583          	lbu	a1,-34(s0)
    80000406:	8d0d                	sub	a0,a0,a1
    80000408:	fd040113          	addi	sp,s0,-48
    8000040c:	70a2                	ld	ra,40(sp)
    8000040e:	7402                	ld	s0,32(sp)
    80000410:	6145                	addi	sp,sp,48
    80000412:	8082                	ret

0000000080000414 <strcpy>:
    80000414:	7179                	addi	sp,sp,-48
    80000416:	f406                	sd	ra,40(sp)
    80000418:	f022                	sd	s0,32(sp)
    8000041a:	1800                	addi	s0,sp,48
    8000041c:	fea43423          	sd	a0,-24(s0)
    80000420:	feb43023          	sd	a1,-32(s0)
    80000424:	fe843503          	ld	a0,-24(s0)
    80000428:	fca43c23          	sd	a0,-40(s0)
    8000042c:	a009                	j	8000042e <strcpy+0x1a>
    8000042e:	fe043503          	ld	a0,-32(s0)
    80000432:	00150593          	addi	a1,a0,1
    80000436:	feb43023          	sd	a1,-32(s0)
    8000043a:	00054503          	lbu	a0,0(a0)
    8000043e:	fd843583          	ld	a1,-40(s0)
    80000442:	00158613          	addi	a2,a1,1
    80000446:	fcc43c23          	sd	a2,-40(s0)
    8000044a:	00a58023          	sb	a0,0(a1)
    8000044e:	c119                	beqz	a0,80000454 <strcpy+0x40>
    80000450:	a009                	j	80000452 <strcpy+0x3e>
    80000452:	bff1                	j	8000042e <strcpy+0x1a>
    80000454:	fe843503          	ld	a0,-24(s0)
    80000458:	fd040113          	addi	sp,s0,-48
    8000045c:	70a2                	ld	ra,40(sp)
    8000045e:	7402                	ld	s0,32(sp)
    80000460:	6145                	addi	sp,sp,48
    80000462:	8082                	ret

0000000080000464 <atol>:
    80000464:	7179                	addi	sp,sp,-48
    80000466:	f406                	sd	ra,40(sp)
    80000468:	f022                	sd	s0,32(sp)
    8000046a:	1800                	addi	s0,sp,48
    8000046c:	fea43423          	sd	a0,-24(s0)
    80000470:	4501                	li	a0,0
    80000472:	fea43023          	sd	a0,-32(s0)
    80000476:	fca42e23          	sw	a0,-36(s0)
    8000047a:	a009                	j	8000047c <atol+0x18>
    8000047c:	fe843503          	ld	a0,-24(s0)
    80000480:	00054503          	lbu	a0,0(a0)
    80000484:	02000593          	li	a1,32
    80000488:	00b51963          	bne	a0,a1,8000049a <atol+0x36>
    8000048c:	a009                	j	8000048e <atol+0x2a>
    8000048e:	fe843503          	ld	a0,-24(s0)
    80000492:	0505                	addi	a0,a0,1
    80000494:	fea43423          	sd	a0,-24(s0)
    80000498:	b7d5                	j	8000047c <atol+0x18>
    8000049a:	fe843503          	ld	a0,-24(s0)
    8000049e:	00054503          	lbu	a0,0(a0)
    800004a2:	02d00593          	li	a1,45
    800004a6:	00b50c63          	beq	a0,a1,800004be <atol+0x5a>
    800004aa:	a009                	j	800004ac <atol+0x48>
    800004ac:	fe843503          	ld	a0,-24(s0)
    800004b0:	00054503          	lbu	a0,0(a0)
    800004b4:	02b00593          	li	a1,43
    800004b8:	02b51363          	bne	a0,a1,800004de <atol+0x7a>
    800004bc:	a009                	j	800004be <atol+0x5a>
    800004be:	fe843503          	ld	a0,-24(s0)
    800004c2:	00054503          	lbu	a0,0(a0)
    800004c6:	fd350513          	addi	a0,a0,-45
    800004ca:	00153513          	seqz	a0,a0
    800004ce:	fca42e23          	sw	a0,-36(s0)
    800004d2:	fe843503          	ld	a0,-24(s0)
    800004d6:	0505                	addi	a0,a0,1
    800004d8:	fea43423          	sd	a0,-24(s0)
    800004dc:	a009                	j	800004de <atol+0x7a>
    800004de:	a009                	j	800004e0 <atol+0x7c>
    800004e0:	fe843503          	ld	a0,-24(s0)
    800004e4:	00054503          	lbu	a0,0(a0)
    800004e8:	c915                	beqz	a0,8000051c <atol+0xb8>
    800004ea:	a009                	j	800004ec <atol+0x88>
    800004ec:	fe043503          	ld	a0,-32(s0)
    800004f0:	00151593          	slli	a1,a0,0x1
    800004f4:	050e                	slli	a0,a0,0x3
    800004f6:	952e                	add	a0,a0,a1
    800004f8:	fea43023          	sd	a0,-32(s0)
    800004fc:	fe843503          	ld	a0,-24(s0)
    80000500:	00150593          	addi	a1,a0,1
    80000504:	feb43423          	sd	a1,-24(s0)
    80000508:	00054503          	lbu	a0,0(a0)
    8000050c:	fe043583          	ld	a1,-32(s0)
    80000510:	952e                	add	a0,a0,a1
    80000512:	fd050513          	addi	a0,a0,-48
    80000516:	fea43023          	sd	a0,-32(s0)
    8000051a:	b7d9                	j	800004e0 <atol+0x7c>
    8000051c:	fdc42503          	lw	a0,-36(s0)
    80000520:	c909                	beqz	a0,80000532 <atol+0xce>
    80000522:	a009                	j	80000524 <atol+0xc0>
    80000524:	fe043583          	ld	a1,-32(s0)
    80000528:	4501                	li	a0,0
    8000052a:	8d0d                	sub	a0,a0,a1
    8000052c:	fca43823          	sd	a0,-48(s0)
    80000530:	a031                	j	8000053c <atol+0xd8>
    80000532:	fe043503          	ld	a0,-32(s0)
    80000536:	fca43823          	sd	a0,-48(s0)
    8000053a:	a009                	j	8000053c <atol+0xd8>
    8000053c:	fd043503          	ld	a0,-48(s0)
    80000540:	fd040113          	addi	sp,s0,-48
    80000544:	70a2                	ld	ra,40(sp)
    80000546:	7402                	ld	s0,32(sp)
    80000548:	6145                	addi	sp,sp,48
    8000054a:	8082                	ret

000000008000054c <putchar>:
    8000054c:	1101                	addi	sp,sp,-32
    8000054e:	ec06                	sd	ra,24(sp)
    80000550:	e822                	sd	s0,16(sp)
    80000552:	1000                	addi	s0,sp,32
    80000554:	fea42623          	sw	a0,-20(s0)
    80000558:	fec44503          	lbu	a0,-20(s0)
    8000055c:	2f5040ef          	jal	80005050 <write_serial>
    80000560:	fec42503          	lw	a0,-20(s0)
    80000564:	fe040113          	addi	sp,s0,-32
    80000568:	60e2                	ld	ra,24(sp)
    8000056a:	6442                	ld	s0,16(sp)
    8000056c:	6105                	addi	sp,sp,32
    8000056e:	8082                	ret

0000000080000570 <puts>:
    80000570:	1101                	addi	sp,sp,-32
    80000572:	ec06                	sd	ra,24(sp)
    80000574:	e822                	sd	s0,16(sp)
    80000576:	1000                	addi	s0,sp,32
    80000578:	fea43423          	sd	a0,-24(s0)
    8000057c:	a009                	j	8000057e <puts+0xe>
    8000057e:	fe843503          	ld	a0,-24(s0)
    80000582:	00054503          	lbu	a0,0(a0)
    80000586:	cd09                	beqz	a0,800005a0 <puts+0x30>
    80000588:	a009                	j	8000058a <puts+0x1a>
    8000058a:	fe843503          	ld	a0,-24(s0)
    8000058e:	00150593          	addi	a1,a0,1
    80000592:	feb43423          	sd	a1,-24(s0)
    80000596:	00054503          	lbu	a0,0(a0)
    8000059a:	fb3ff0ef          	jal	8000054c <putchar>
    8000059e:	b7c5                	j	8000057e <puts+0xe>
    800005a0:	4529                	li	a0,10
    800005a2:	fabff0ef          	jal	8000054c <putchar>
    800005a6:	4501                	li	a0,0
    800005a8:	fe040113          	addi	sp,s0,-32
    800005ac:	60e2                	ld	ra,24(sp)
    800005ae:	6442                	ld	s0,16(sp)
    800005b0:	6105                	addi	sp,sp,32
    800005b2:	8082                	ret

00000000800005b4 <dequantize>:
    800005b4:	7179                	addi	sp,sp,-48
    800005b6:	f406                	sd	ra,40(sp)
    800005b8:	f022                	sd	s0,32(sp)
    800005ba:	1800                	addi	s0,sp,48
    800005bc:	fea43423          	sd	a0,-24(s0)
    800005c0:	feb43023          	sd	a1,-32(s0)
    800005c4:	fcc42e23          	sw	a2,-36(s0)
    800005c8:	4501                	li	a0,0
    800005ca:	fca42c23          	sw	a0,-40(s0)
    800005ce:	a009                	j	800005d0 <dequantize+0x1c>
    800005d0:	fd842503          	lw	a0,-40(s0)
    800005d4:	fdc42583          	lw	a1,-36(s0)
    800005d8:	04b55763          	bge	a0,a1,80000626 <dequantize+0x72>
    800005dc:	a009                	j	800005de <dequantize+0x2a>
    800005de:	fe843503          	ld	a0,-24(s0)
    800005e2:	6110                	ld	a2,0(a0)
    800005e4:	fd842583          	lw	a1,-40(s0)
    800005e8:	962e                	add	a2,a2,a1
    800005ea:	00060603          	lb	a2,0(a2)
    800005ee:	d00677d3          	fcvt.s.w	fa5,a2
    800005f2:	6508                	ld	a0,8(a0)
    800005f4:	00159613          	slli	a2,a1,0x1
    800005f8:	926d                	srli	a2,a2,0x3b
    800005fa:	9e2d                	addw	a2,a2,a1
    800005fc:	4056561b          	sraiw	a2,a2,0x5
    80000600:	060a                	slli	a2,a2,0x2
    80000602:	9532                	add	a0,a0,a2
    80000604:	00052707          	flw	fa4,0(a0)
    80000608:	10e7f7d3          	fmul.s	fa5,fa5,fa4
    8000060c:	fe043503          	ld	a0,-32(s0)
    80000610:	058a                	slli	a1,a1,0x2
    80000612:	952e                	add	a0,a0,a1
    80000614:	00f52027          	fsw	fa5,0(a0)
    80000618:	a009                	j	8000061a <dequantize+0x66>
    8000061a:	fd842503          	lw	a0,-40(s0)
    8000061e:	2505                	addiw	a0,a0,1
    80000620:	fca42c23          	sw	a0,-40(s0)
    80000624:	b775                	j	800005d0 <dequantize+0x1c>
    80000626:	fd040113          	addi	sp,s0,-48
    8000062a:	70a2                	ld	ra,40(sp)
    8000062c:	7402                	ld	s0,32(sp)
    8000062e:	6145                	addi	sp,sp,48
    80000630:	8082                	ret

0000000080000632 <quantize>:
    80000632:	7159                	addi	sp,sp,-112
    80000634:	f486                	sd	ra,104(sp)
    80000636:	f0a2                	sd	s0,96(sp)
    80000638:	1880                	addi	s0,sp,112
    8000063a:	fea43423          	sd	a0,-24(s0)
    8000063e:	feb43023          	sd	a1,-32(s0)
    80000642:	fcc42e23          	sw	a2,-36(s0)
    80000646:	fdc42503          	lw	a0,-36(s0)
    8000064a:	257d                	addiw	a0,a0,31
    8000064c:	41f5559b          	sraiw	a1,a0,0x1f
    80000650:	01b5d59b          	srliw	a1,a1,0x1b
    80000654:	9d2d                	addw	a0,a0,a1
    80000656:	4055551b          	sraiw	a0,a0,0x5
    8000065a:	fca42c23          	sw	a0,-40(s0)
    8000065e:	42fe0537          	lui	a0,0x42fe0
    80000662:	fca42a23          	sw	a0,-44(s0)
    80000666:	4501                	li	a0,0
    80000668:	fca42823          	sw	a0,-48(s0)
    8000066c:	a009                	j	8000066e <quantize+0x3c>
    8000066e:	fd042503          	lw	a0,-48(s0)
    80000672:	fd842583          	lw	a1,-40(s0)
    80000676:	1cb55363          	bge	a0,a1,8000083c <quantize+0x20a>
    8000067a:	a009                	j	8000067c <quantize+0x4a>
    8000067c:	fd042503          	lw	a0,-48(s0)
    80000680:	0055151b          	slliw	a0,a0,0x5
    80000684:	fca42623          	sw	a0,-52(s0)
    80000688:	fcc42503          	lw	a0,-52(s0)
    8000068c:	0205059b          	addiw	a1,a0,32 # 42fe0020 <UART0_BASE+0x32fe0020>
    80000690:	fdc42503          	lw	a0,-36(s0)
    80000694:	00b54863          	blt	a0,a1,800006a4 <quantize+0x72>
    80000698:	a009                	j	8000069a <quantize+0x68>
    8000069a:	02000513          	li	a0,32
    8000069e:	faa43023          	sd	a0,-96(s0)
    800006a2:	a809                	j	800006b4 <quantize+0x82>
    800006a4:	fdc42503          	lw	a0,-36(s0)
    800006a8:	fcc42583          	lw	a1,-52(s0)
    800006ac:	9d0d                	subw	a0,a0,a1
    800006ae:	faa43023          	sd	a0,-96(s0)
    800006b2:	a009                	j	800006b4 <quantize+0x82>
    800006b4:	fa043503          	ld	a0,-96(s0)
    800006b8:	fca42423          	sw	a0,-56(s0)
    800006bc:	4501                	li	a0,0
    800006be:	fca42223          	sw	a0,-60(s0)
    800006c2:	fca42023          	sw	a0,-64(s0)
    800006c6:	a009                	j	800006c8 <quantize+0x96>
    800006c8:	fc042503          	lw	a0,-64(s0)
    800006cc:	fc842583          	lw	a1,-56(s0)
    800006d0:	04b55663          	bge	a0,a1,8000071c <quantize+0xea>
    800006d4:	a009                	j	800006d6 <quantize+0xa4>
    800006d6:	fe043503          	ld	a0,-32(s0)
    800006da:	fcc42583          	lw	a1,-52(s0)
    800006de:	fc042603          	lw	a2,-64(s0)
    800006e2:	9db1                	addw	a1,a1,a2
    800006e4:	058a                	slli	a1,a1,0x2
    800006e6:	952e                	add	a0,a0,a1
    800006e8:	00052507          	flw	fa0,0(a0)
    800006ec:	15c000ef          	jal	80000848 <q_fabsf>
    800006f0:	faa42e27          	fsw	fa0,-68(s0)
    800006f4:	fbc42707          	flw	fa4,-68(s0)
    800006f8:	fc442787          	flw	fa5,-60(s0)
    800006fc:	a0e79553          	flt.s	a0,fa5,fa4
    80000700:	c519                	beqz	a0,8000070e <quantize+0xdc>
    80000702:	a009                	j	80000704 <quantize+0xd2>
    80000704:	fbc42787          	flw	fa5,-68(s0)
    80000708:	fcf42227          	fsw	fa5,-60(s0)
    8000070c:	a009                	j	8000070e <quantize+0xdc>
    8000070e:	a009                	j	80000710 <quantize+0xde>
    80000710:	fc042503          	lw	a0,-64(s0)
    80000714:	2505                	addiw	a0,a0,1
    80000716:	fca42023          	sw	a0,-64(s0)
    8000071a:	b77d                	j	800006c8 <quantize+0x96>
    8000071c:	fc442707          	flw	fa4,-60(s0)
    80000720:	f00007d3          	fmv.w.x	fa5,zero
    80000724:	a0e79553          	flt.s	a0,fa5,fa4
    80000728:	cd09                	beqz	a0,80000742 <quantize+0x110>
    8000072a:	a009                	j	8000072c <quantize+0xfa>
    8000072c:	fc442787          	flw	fa5,-60(s0)
    80000730:	42fe0537          	lui	a0,0x42fe0
    80000734:	f0050753          	fmv.w.x	fa4,a0
    80000738:	18e7f7d3          	fdiv.s	fa5,fa5,fa4
    8000073c:	f8f42e27          	fsw	fa5,-100(s0)
    80000740:	a801                	j	80000750 <quantize+0x11e>
    80000742:	3f800537          	lui	a0,0x3f800
    80000746:	f00507d3          	fmv.w.x	fa5,a0
    8000074a:	f8f42e27          	fsw	fa5,-100(s0)
    8000074e:	a009                	j	80000750 <quantize+0x11e>
    80000750:	f9c42787          	flw	fa5,-100(s0)
    80000754:	faf42c27          	fsw	fa5,-72(s0)
    80000758:	fb842787          	flw	fa5,-72(s0)
    8000075c:	fe843503          	ld	a0,-24(s0)
    80000760:	6508                	ld	a0,8(a0)
    80000762:	fd042583          	lw	a1,-48(s0)
    80000766:	058a                	slli	a1,a1,0x2
    80000768:	952e                	add	a0,a0,a1
    8000076a:	00f52027          	fsw	fa5,0(a0) # 3f800000 <UART0_BASE+0x2f800000>
    8000076e:	fc442787          	flw	fa5,-60(s0)
    80000772:	f0000753          	fmv.w.x	fa4,zero
    80000776:	a0e7a553          	feq.s	a0,fa5,fa4
    8000077a:	c129                	beqz	a0,800007bc <quantize+0x18a>
    8000077c:	a009                	j	8000077e <quantize+0x14c>
    8000077e:	4501                	li	a0,0
    80000780:	faa42a23          	sw	a0,-76(s0)
    80000784:	a009                	j	80000786 <quantize+0x154>
    80000786:	fb442503          	lw	a0,-76(s0)
    8000078a:	fc842583          	lw	a1,-56(s0)
    8000078e:	02b55663          	bge	a0,a1,800007ba <quantize+0x188>
    80000792:	a009                	j	80000794 <quantize+0x162>
    80000794:	fe843503          	ld	a0,-24(s0)
    80000798:	6108                	ld	a0,0(a0)
    8000079a:	fcc42583          	lw	a1,-52(s0)
    8000079e:	fb442603          	lw	a2,-76(s0)
    800007a2:	9db1                	addw	a1,a1,a2
    800007a4:	95aa                	add	a1,a1,a0
    800007a6:	4501                	li	a0,0
    800007a8:	00a58023          	sb	a0,0(a1)
    800007ac:	a009                	j	800007ae <quantize+0x17c>
    800007ae:	fb442503          	lw	a0,-76(s0)
    800007b2:	2505                	addiw	a0,a0,1
    800007b4:	faa42a23          	sw	a0,-76(s0)
    800007b8:	b7f9                	j	80000786 <quantize+0x154>
    800007ba:	a895                	j	8000082e <quantize+0x1fc>
    800007bc:	fb842707          	flw	fa4,-72(s0)
    800007c0:	3f800537          	lui	a0,0x3f800
    800007c4:	f00507d3          	fmv.w.x	fa5,a0
    800007c8:	18e7f7d3          	fdiv.s	fa5,fa5,fa4
    800007cc:	faf42827          	fsw	fa5,-80(s0)
    800007d0:	4501                	li	a0,0
    800007d2:	faa42623          	sw	a0,-84(s0)
    800007d6:	a009                	j	800007d8 <quantize+0x1a6>
    800007d8:	fac42503          	lw	a0,-84(s0)
    800007dc:	fc842583          	lw	a1,-56(s0)
    800007e0:	04b55663          	bge	a0,a1,8000082c <quantize+0x1fa>
    800007e4:	a009                	j	800007e6 <quantize+0x1b4>
    800007e6:	fe043503          	ld	a0,-32(s0)
    800007ea:	fcc42583          	lw	a1,-52(s0)
    800007ee:	fac42603          	lw	a2,-84(s0)
    800007f2:	9db1                	addw	a1,a1,a2
    800007f4:	058a                	slli	a1,a1,0x2
    800007f6:	952e                	add	a0,a0,a1
    800007f8:	00052787          	flw	fa5,0(a0) # 3f800000 <UART0_BASE+0x2f800000>
    800007fc:	fb042707          	flw	fa4,-80(s0)
    80000800:	10e7f553          	fmul.s	fa0,fa5,fa4
    80000804:	088000ef          	jal	8000088c <q_round_clamp_i8>
    80000808:	fe843583          	ld	a1,-24(s0)
    8000080c:	618c                	ld	a1,0(a1)
    8000080e:	fcc42603          	lw	a2,-52(s0)
    80000812:	fac42683          	lw	a3,-84(s0)
    80000816:	9e35                	addw	a2,a2,a3
    80000818:	95b2                	add	a1,a1,a2
    8000081a:	00a58023          	sb	a0,0(a1)
    8000081e:	a009                	j	80000820 <quantize+0x1ee>
    80000820:	fac42503          	lw	a0,-84(s0)
    80000824:	2505                	addiw	a0,a0,1
    80000826:	faa42623          	sw	a0,-84(s0)
    8000082a:	b77d                	j	800007d8 <quantize+0x1a6>
    8000082c:	a009                	j	8000082e <quantize+0x1fc>
    8000082e:	a009                	j	80000830 <quantize+0x1fe>
    80000830:	fd042503          	lw	a0,-48(s0)
    80000834:	2505                	addiw	a0,a0,1
    80000836:	fca42823          	sw	a0,-48(s0)
    8000083a:	bd15                	j	8000066e <quantize+0x3c>
    8000083c:	f9040113          	addi	sp,s0,-112
    80000840:	70a6                	ld	ra,104(sp)
    80000842:	7406                	ld	s0,96(sp)
    80000844:	6165                	addi	sp,sp,112
    80000846:	8082                	ret

0000000080000848 <q_fabsf>:
    80000848:	1101                	addi	sp,sp,-32
    8000084a:	ec06                	sd	ra,24(sp)
    8000084c:	e822                	sd	s0,16(sp)
    8000084e:	1000                	addi	s0,sp,32
    80000850:	fea42627          	fsw	fa0,-20(s0)
    80000854:	fec42787          	flw	fa5,-20(s0)
    80000858:	f0000753          	fmv.w.x	fa4,zero
    8000085c:	a0e79553          	flt.s	a0,fa5,fa4
    80000860:	c909                	beqz	a0,80000872 <q_fabsf+0x2a>
    80000862:	a009                	j	80000864 <q_fabsf+0x1c>
    80000864:	fec42787          	flw	fa5,-20(s0)
    80000868:	20f797d3          	fneg.s	fa5,fa5
    8000086c:	fef42427          	fsw	fa5,-24(s0)
    80000870:	a031                	j	8000087c <q_fabsf+0x34>
    80000872:	fec42787          	flw	fa5,-20(s0)
    80000876:	fef42427          	fsw	fa5,-24(s0)
    8000087a:	a009                	j	8000087c <q_fabsf+0x34>
    8000087c:	fe842507          	flw	fa0,-24(s0)
    80000880:	fe040113          	addi	sp,s0,-32
    80000884:	60e2                	ld	ra,24(sp)
    80000886:	6442                	ld	s0,16(sp)
    80000888:	6105                	addi	sp,sp,32
    8000088a:	8082                	ret

000000008000088c <q_round_clamp_i8>:
    8000088c:	1101                	addi	sp,sp,-32
    8000088e:	ec06                	sd	ra,24(sp)
    80000890:	e822                	sd	s0,16(sp)
    80000892:	1000                	addi	s0,sp,32
    80000894:	fea42627          	fsw	fa0,-20(s0)
    80000898:	fec42707          	flw	fa4,-20(s0)
    8000089c:	f00007d3          	fmv.w.x	fa5,zero
    800008a0:	a0e78553          	fle.s	a0,fa5,fa4
    800008a4:	cd19                	beqz	a0,800008c2 <q_round_clamp_i8+0x36>
    800008a6:	a009                	j	800008a8 <q_round_clamp_i8+0x1c>
    800008a8:	fec42787          	flw	fa5,-20(s0)
    800008ac:	3f000537          	lui	a0,0x3f000
    800008b0:	f0050753          	fmv.w.x	fa4,a0
    800008b4:	00e7f7d3          	fadd.s	fa5,fa5,fa4
    800008b8:	c0079553          	fcvt.w.s	a0,fa5,rtz
    800008bc:	fea43023          	sd	a0,-32(s0)
    800008c0:	a831                	j	800008dc <q_round_clamp_i8+0x50>
    800008c2:	fec42787          	flw	fa5,-20(s0)
    800008c6:	bf000537          	lui	a0,0xbf000
    800008ca:	f0050753          	fmv.w.x	fa4,a0
    800008ce:	00e7f7d3          	fadd.s	fa5,fa5,fa4
    800008d2:	c0079553          	fcvt.w.s	a0,fa5,rtz
    800008d6:	fea43023          	sd	a0,-32(s0)
    800008da:	a009                	j	800008dc <q_round_clamp_i8+0x50>
    800008dc:	fe043503          	ld	a0,-32(s0)
    800008e0:	fea42423          	sw	a0,-24(s0)
    800008e4:	fe842503          	lw	a0,-24(s0)
    800008e8:	08000593          	li	a1,128
    800008ec:	00b54863          	blt	a0,a1,800008fc <q_round_clamp_i8+0x70>
    800008f0:	a009                	j	800008f2 <q_round_clamp_i8+0x66>
    800008f2:	07f00513          	li	a0,127
    800008f6:	fea42423          	sw	a0,-24(s0)
    800008fa:	a009                	j	800008fc <q_round_clamp_i8+0x70>
    800008fc:	fe842583          	lw	a1,-24(s0)
    80000900:	f8000513          	li	a0,-128
    80000904:	00b54863          	blt	a0,a1,80000914 <q_round_clamp_i8+0x88>
    80000908:	a009                	j	8000090a <q_round_clamp_i8+0x7e>
    8000090a:	f8100513          	li	a0,-127
    8000090e:	fea42423          	sw	a0,-24(s0)
    80000912:	a009                	j	80000914 <q_round_clamp_i8+0x88>
    80000914:	fe840503          	lb	a0,-24(s0)
    80000918:	fe040113          	addi	sp,s0,-32
    8000091c:	60e2                	ld	ra,24(sp)
    8000091e:	6442                	ld	s0,16(sp)
    80000920:	6105                	addi	sp,sp,32
    80000922:	8082                	ret

0000000080000924 <handle_trap>:
    80000924:	715d                	addi	sp,sp,-80
    80000926:	e486                	sd	ra,72(sp)
    80000928:	e0a2                	sd	s0,64(sp)
    8000092a:	0880                	addi	s0,sp,80
    8000092c:	fea43423          	sd	a0,-24(s0)
    80000930:	feb43023          	sd	a1,-32(s0)
    80000934:	fcc43c23          	sd	a2,-40(s0)
    80000938:	126000ef          	jal	80000a5e <read_csr_mtval>
    8000093c:	fca43823          	sd	a0,-48(s0)
    80000940:	02faf537          	lui	a0,0x2faf
    80000944:	08050513          	addi	a0,a0,128 # 2faf080 <UART0_BASE-0xd050f80>
    80000948:	65f1                	lui	a1,0x1c
    8000094a:	20058593          	addi	a1,a1,512 # 1c200 <UART0_BASE-0xffe3e00>
    8000094e:	736040ef          	jal	80005084 <init_uart>
    80000952:	00005517          	auipc	a0,0x5
    80000956:	d1150513          	addi	a0,a0,-751 # 80005663 <matrix_kernel_qmatmul_f32_noblk+0x47d>
    8000095a:	762040ef          	jal	800050bc <print_uart>
    8000095e:	fe843503          	ld	a0,-24(s0)
    80000962:	11c000ef          	jal	80000a7e <print_uart_hex>
    80000966:	00005517          	auipc	a0,0x5
    8000096a:	c1f50513          	addi	a0,a0,-993 # 80005585 <matrix_kernel_qmatmul_f32_noblk+0x39f>
    8000096e:	74e040ef          	jal	800050bc <print_uart>
    80000972:	fe843503          	ld	a0,-24(s0)
    80000976:	198000ef          	jal	80000b0e <print_uart_int_dec>
    8000097a:	00005517          	auipc	a0,0x5
    8000097e:	bd250513          	addi	a0,a0,-1070 # 8000554c <matrix_kernel_qmatmul_f32_noblk+0x366>
    80000982:	73a040ef          	jal	800050bc <print_uart>
    80000986:	00005517          	auipc	a0,0x5
    8000098a:	dc350513          	addi	a0,a0,-573 # 80005749 <matrix_kernel_qmatmul_f32_noblk+0x563>
    8000098e:	72e040ef          	jal	800050bc <print_uart>
    80000992:	fe043503          	ld	a0,-32(s0)
    80000996:	0e8000ef          	jal	80000a7e <print_uart_hex>
    8000099a:	00005517          	auipc	a0,0x5
    8000099e:	bd950513          	addi	a0,a0,-1063 # 80005573 <matrix_kernel_qmatmul_f32_noblk+0x38d>
    800009a2:	71a040ef          	jal	800050bc <print_uart>
    800009a6:	fd043503          	ld	a0,-48(s0)
    800009aa:	0d4000ef          	jal	80000a7e <print_uart_hex>
    800009ae:	00005517          	auipc	a0,0x5
    800009b2:	c0850513          	addi	a0,a0,-1016 # 800055b6 <matrix_kernel_qmatmul_f32_noblk+0x3d0>
    800009b6:	706040ef          	jal	800050bc <print_uart>
    800009ba:	fe844503          	lbu	a0,-24(s0)
    800009be:	4589                	li	a1,2
    800009c0:	00b51a63          	bne	a0,a1,800009d4 <handle_trap+0xb0>
    800009c4:	a009                	j	800009c6 <handle_trap+0xa2>
    800009c6:	00005517          	auipc	a0,0x5
    800009ca:	a4a50513          	addi	a0,a0,-1462 # 80005410 <matrix_kernel_qmatmul_f32_noblk+0x22a>
    800009ce:	6ee040ef          	jal	800050bc <print_uart>
    800009d2:	a009                	j	800009d4 <handle_trap+0xb0>
    800009d4:	557d                	li	a0,-1
    800009d6:	fca42623          	sw	a0,-52(s0)
    800009da:	a009                	j	800009dc <handle_trap+0xb8>
    800009dc:	fcc42583          	lw	a1,-52(s0)
    800009e0:	4511                	li	a0,4
    800009e2:	06b54263          	blt	a0,a1,80000a46 <handle_trap+0x122>
    800009e6:	a009                	j	800009e8 <handle_trap+0xc4>
    800009e8:	fe043503          	ld	a0,-32(s0)
    800009ec:	fcc42583          	lw	a1,-52(s0)
    800009f0:	0025959b          	slliw	a1,a1,0x2
    800009f4:	952e                	add	a0,a0,a1
    800009f6:	fca43023          	sd	a0,-64(s0)
    800009fa:	00005517          	auipc	a0,0x5
    800009fe:	bbf50513          	addi	a0,a0,-1089 # 800055b9 <matrix_kernel_qmatmul_f32_noblk+0x3d3>
    80000a02:	6ba040ef          	jal	800050bc <print_uart>
    80000a06:	fc043503          	ld	a0,-64(s0)
    80000a0a:	074000ef          	jal	80000a7e <print_uart_hex>
    80000a0e:	00005517          	auipc	a0,0x5
    80000a12:	afa50513          	addi	a0,a0,-1286 # 80005508 <matrix_kernel_qmatmul_f32_noblk+0x322>
    80000a16:	6a6040ef          	jal	800050bc <print_uart>
    80000a1a:	fc043503          	ld	a0,-64(s0)
    80000a1e:	4108                	lw	a0,0(a0)
    80000a20:	faa42e23          	sw	a0,-68(s0)
    80000a24:	fbc46503          	lwu	a0,-68(s0)
    80000a28:	056000ef          	jal	80000a7e <print_uart_hex>
    80000a2c:	00005517          	auipc	a0,0x5
    80000a30:	b8a50513          	addi	a0,a0,-1142 # 800055b6 <matrix_kernel_qmatmul_f32_noblk+0x3d0>
    80000a34:	688040ef          	jal	800050bc <print_uart>
    80000a38:	a009                	j	80000a3a <handle_trap+0x116>
    80000a3a:	fcc42503          	lw	a0,-52(s0)
    80000a3e:	2505                	addiw	a0,a0,1
    80000a40:	fca42623          	sw	a0,-52(s0)
    80000a44:	bf61                	j	800009dc <handle_trap+0xb8>
    80000a46:	0e000513          	li	a0,224
    80000a4a:	f86ff0ef          	jal	800001d0 <exit>
    80000a4e:	fe043503          	ld	a0,-32(s0)
    80000a52:	fb040113          	addi	sp,s0,-80
    80000a56:	60a6                	ld	ra,72(sp)
    80000a58:	6406                	ld	s0,64(sp)
    80000a5a:	6161                	addi	sp,sp,80
    80000a5c:	8082                	ret

0000000080000a5e <read_csr_mtval>:
    80000a5e:	1101                	addi	sp,sp,-32
    80000a60:	ec06                	sd	ra,24(sp)
    80000a62:	e822                	sd	s0,16(sp)
    80000a64:	1000                	addi	s0,sp,32
    80000a66:	34302573          	csrr	a0,mtval
    80000a6a:	fea43423          	sd	a0,-24(s0)
    80000a6e:	fe843503          	ld	a0,-24(s0)
    80000a72:	fe040113          	addi	sp,s0,-32
    80000a76:	60e2                	ld	ra,24(sp)
    80000a78:	6442                	ld	s0,16(sp)
    80000a7a:	6105                	addi	sp,sp,32
    80000a7c:	8082                	ret

0000000080000a7e <print_uart_hex>:
    80000a7e:	715d                	addi	sp,sp,-80
    80000a80:	e486                	sd	ra,72(sp)
    80000a82:	e0a2                	sd	s0,64(sp)
    80000a84:	0880                	addi	s0,sp,80
    80000a86:	fea43423          	sd	a0,-24(s0)
    80000a8a:	4501                	li	a0,0
    80000a8c:	fea40023          	sb	a0,-32(s0)
    80000a90:	00005597          	auipc	a1,0x5
    80000a94:	93058593          	addi	a1,a1,-1744 # 800053c0 <matrix_kernel_qmatmul_f32_noblk+0x1da>
    80000a98:	618c                	ld	a1,0(a1)
    80000a9a:	fcb43c23          	sd	a1,-40(s0)
    80000a9e:	00005597          	auipc	a1,0x5
    80000aa2:	91258593          	addi	a1,a1,-1774 # 800053b0 <matrix_kernel_qmatmul_f32_noblk+0x1ca>
    80000aa6:	618c                	ld	a1,0(a1)
    80000aa8:	fcb43823          	sd	a1,-48(s0)
    80000aac:	fca407a3          	sb	a0,-49(s0)
    80000ab0:	453d                	li	a0,15
    80000ab2:	faa42c23          	sw	a0,-72(s0)
    80000ab6:	a009                	j	80000ab8 <print_uart_hex+0x3a>
    80000ab8:	fb842503          	lw	a0,-72(s0)
    80000abc:	02054f63          	bltz	a0,80000afa <print_uart_hex+0x7c>
    80000ac0:	a009                	j	80000ac2 <print_uart_hex+0x44>
    80000ac2:	fe843503          	ld	a0,-24(s0)
    80000ac6:	00f57593          	andi	a1,a0,15
    80000aca:	fd040513          	addi	a0,s0,-48
    80000ace:	952e                	add	a0,a0,a1
    80000ad0:	00054503          	lbu	a0,0(a0)
    80000ad4:	fb842603          	lw	a2,-72(s0)
    80000ad8:	fbf40593          	addi	a1,s0,-65
    80000adc:	95b2                	add	a1,a1,a2
    80000ade:	00a58023          	sb	a0,0(a1)
    80000ae2:	fe843503          	ld	a0,-24(s0)
    80000ae6:	8111                	srli	a0,a0,0x4
    80000ae8:	fea43423          	sd	a0,-24(s0)
    80000aec:	a009                	j	80000aee <print_uart_hex+0x70>
    80000aee:	fb842503          	lw	a0,-72(s0)
    80000af2:	357d                	addiw	a0,a0,-1
    80000af4:	faa42c23          	sw	a0,-72(s0)
    80000af8:	b7c1                	j	80000ab8 <print_uart_hex+0x3a>
    80000afa:	fbf40513          	addi	a0,s0,-65
    80000afe:	5be040ef          	jal	800050bc <print_uart>
    80000b02:	fb040113          	addi	sp,s0,-80
    80000b06:	60a6                	ld	ra,72(sp)
    80000b08:	6406                	ld	s0,64(sp)
    80000b0a:	6161                	addi	sp,sp,80
    80000b0c:	8082                	ret

0000000080000b0e <print_uart_int_dec>:
    80000b0e:	7139                	addi	sp,sp,-64
    80000b10:	fc06                	sd	ra,56(sp)
    80000b12:	f822                	sd	s0,48(sp)
    80000b14:	0080                	addi	s0,sp,64
    80000b16:	fea43423          	sd	a0,-24(s0)
    80000b1a:	4501                	li	a0,0
    80000b1c:	fca42223          	sw	a0,-60(s0)
    80000b20:	fe843503          	ld	a0,-24(s0)
    80000b24:	e909                	bnez	a0,80000b36 <print_uart_int_dec+0x28>
    80000b26:	a009                	j	80000b28 <print_uart_int_dec+0x1a>
    80000b28:	00005517          	auipc	a0,0x5
    80000b2c:	b9d50513          	addi	a0,a0,-1123 # 800056c5 <matrix_kernel_qmatmul_f32_noblk+0x4df>
    80000b30:	58c040ef          	jal	800050bc <print_uart>
    80000b34:	a079                	j	80000bc2 <print_uart_int_dec+0xb4>
    80000b36:	a009                	j	80000b38 <print_uart_int_dec+0x2a>
    80000b38:	fe843503          	ld	a0,-24(s0)
    80000b3c:	c921                	beqz	a0,80000b8c <print_uart_int_dec+0x7e>
    80000b3e:	a009                	j	80000b40 <print_uart_int_dec+0x32>
    80000b40:	fe843503          	ld	a0,-24(s0)
    80000b44:	ccccd5b7          	lui	a1,0xccccd
    80000b48:	ccd58593          	addi	a1,a1,-819 # ffffffffcccccccd <__heap_end+0xffffffff34cccccd>
    80000b4c:	02059613          	slli	a2,a1,0x20
    80000b50:	95b2                	add	a1,a1,a2
    80000b52:	02b536b3          	mulhu	a3,a0,a1
    80000b56:	0f86f613          	andi	a2,a3,248
    80000b5a:	8289                	srli	a3,a3,0x2
    80000b5c:	9af9                	andi	a3,a3,-2
    80000b5e:	9e35                	addw	a2,a2,a3
    80000b60:	9d11                	subw	a0,a0,a2
    80000b62:	03056513          	ori	a0,a0,48
    80000b66:	fc442683          	lw	a3,-60(s0)
    80000b6a:	0016861b          	addiw	a2,a3,1
    80000b6e:	fcc42223          	sw	a2,-60(s0)
    80000b72:	fc840613          	addi	a2,s0,-56
    80000b76:	9636                	add	a2,a2,a3
    80000b78:	00a60023          	sb	a0,0(a2)
    80000b7c:	fe843503          	ld	a0,-24(s0)
    80000b80:	02b53533          	mulhu	a0,a0,a1
    80000b84:	810d                	srli	a0,a0,0x3
    80000b86:	fea43423          	sd	a0,-24(s0)
    80000b8a:	b77d                	j	80000b38 <print_uart_int_dec+0x2a>
    80000b8c:	fc442503          	lw	a0,-60(s0)
    80000b90:	357d                	addiw	a0,a0,-1
    80000b92:	fca42023          	sw	a0,-64(s0)
    80000b96:	a009                	j	80000b98 <print_uart_int_dec+0x8a>
    80000b98:	fc042503          	lw	a0,-64(s0)
    80000b9c:	02054363          	bltz	a0,80000bc2 <print_uart_int_dec+0xb4>
    80000ba0:	a009                	j	80000ba2 <print_uart_int_dec+0x94>
    80000ba2:	fc042583          	lw	a1,-64(s0)
    80000ba6:	fc840513          	addi	a0,s0,-56
    80000baa:	952e                	add	a0,a0,a1
    80000bac:	00054503          	lbu	a0,0(a0)
    80000bb0:	4a0040ef          	jal	80005050 <write_serial>
    80000bb4:	a009                	j	80000bb6 <print_uart_int_dec+0xa8>
    80000bb6:	fc042503          	lw	a0,-64(s0)
    80000bba:	357d                	addiw	a0,a0,-1
    80000bbc:	fca42023          	sw	a0,-64(s0)
    80000bc0:	bfe1                	j	80000b98 <print_uart_int_dec+0x8a>
    80000bc2:	fc040113          	addi	sp,s0,-64
    80000bc6:	70e2                	ld	ra,56(sp)
    80000bc8:	7442                	ld	s0,48(sp)
    80000bca:	6121                	addi	sp,sp,64
    80000bcc:	8082                	ret

0000000080000bce <malloc>:
    80000bce:	1101                	addi	sp,sp,-32
    80000bd0:	ec06                	sd	ra,24(sp)
    80000bd2:	e822                	sd	s0,16(sp)
    80000bd4:	1000                	addi	s0,sp,32
    80000bd6:	fea43423          	sd	a0,-24(s0)
    80000bda:	fe843503          	ld	a0,-24(s0)
    80000bde:	e511                	bnez	a0,80000bea <malloc+0x1c>
    80000be0:	a009                	j	80000be2 <malloc+0x14>
    80000be2:	4505                	li	a0,1
    80000be4:	fea43423          	sd	a0,-24(s0)
    80000be8:	a009                	j	80000bea <malloc+0x1c>
    80000bea:	fe843503          	ld	a0,-24(s0)
    80000bee:	45a1                	li	a1,8
    80000bf0:	010000ef          	jal	80000c00 <bare_alloc>
    80000bf4:	fe040113          	addi	sp,s0,-32
    80000bf8:	60e2                	ld	ra,24(sp)
    80000bfa:	6442                	ld	s0,16(sp)
    80000bfc:	6105                	addi	sp,sp,32
    80000bfe:	8082                	ret

0000000080000c00 <bare_alloc>:
    80000c00:	7179                	addi	sp,sp,-48
    80000c02:	f406                	sd	ra,40(sp)
    80000c04:	f022                	sd	s0,32(sp)
    80000c06:	1800                	addi	s0,sp,48
    80000c08:	fea43423          	sd	a0,-24(s0)
    80000c0c:	feb43023          	sd	a1,-32(s0)
    80000c10:	fe043503          	ld	a0,-32(s0)
    80000c14:	e511                	bnez	a0,80000c20 <bare_alloc+0x20>
    80000c16:	a009                	j	80000c18 <bare_alloc+0x18>
    80000c18:	4521                	li	a0,8
    80000c1a:	fea43023          	sd	a0,-32(s0)
    80000c1e:	a009                	j	80000c20 <bare_alloc+0x20>
    80000c20:	03a6e517          	auipc	a0,0x3a6e
    80000c24:	5a050513          	addi	a0,a0,1440 # 83a6f1c0 <bare_heap_offset>
    80000c28:	6108                	ld	a0,0(a0)
    80000c2a:	fe043583          	ld	a1,-32(s0)
    80000c2e:	02b57533          	remu	a0,a0,a1
    80000c32:	fca43c23          	sd	a0,-40(s0)
    80000c36:	fd843503          	ld	a0,-40(s0)
    80000c3a:	c105                	beqz	a0,80000c5a <bare_alloc+0x5a>
    80000c3c:	a009                	j	80000c3e <bare_alloc+0x3e>
    80000c3e:	fe043503          	ld	a0,-32(s0)
    80000c42:	fd843583          	ld	a1,-40(s0)
    80000c46:	40b50633          	sub	a2,a0,a1
    80000c4a:	03a6e517          	auipc	a0,0x3a6e
    80000c4e:	57650593          	addi	a1,a0,1398 # 83a6f1c0 <bare_heap_offset>
    80000c52:	6188                	ld	a0,0(a1)
    80000c54:	9532                	add	a0,a0,a2
    80000c56:	e188                	sd	a0,0(a1)
    80000c58:	a009                	j	80000c5a <bare_alloc+0x5a>
    80000c5a:	03a6e517          	auipc	a0,0x3a6e
    80000c5e:	56650513          	addi	a0,a0,1382 # 83a6f1c0 <bare_heap_offset>
    80000c62:	6108                	ld	a0,0(a0)
    80000c64:	fe843583          	ld	a1,-24(s0)
    80000c68:	952e                	add	a0,a0,a1
    80000c6a:	100005b7          	lui	a1,0x10000
    80000c6e:	0585                	addi	a1,a1,1 # 10000001 <UART0_BASE+0x1>
    80000c70:	00b56a63          	bltu	a0,a1,80000c84 <bare_alloc+0x84>
    80000c74:	a009                	j	80000c76 <bare_alloc+0x76>
    80000c76:	00005517          	auipc	a0,0x5
    80000c7a:	a7150513          	addi	a0,a0,-1423 # 800056e7 <matrix_kernel_qmatmul_f32_noblk+0x501>
    80000c7e:	6c4000ef          	jal	80001342 <panic>
    80000c82:	a009                	j	80000c84 <bare_alloc+0x84>
    80000c84:	03a6e517          	auipc	a0,0x3a6e
    80000c88:	53c50593          	addi	a1,a0,1340 # 83a6f1c0 <bare_heap_offset>
    80000c8c:	6190                	ld	a2,0(a1)
    80000c8e:	03a6e517          	auipc	a0,0x3a6e
    80000c92:	53a50513          	addi	a0,a0,1338 # 83a6f1c8 <bare_heap>
    80000c96:	9532                	add	a0,a0,a2
    80000c98:	fca43823          	sd	a0,-48(s0)
    80000c9c:	fe843603          	ld	a2,-24(s0)
    80000ca0:	6188                	ld	a0,0(a1)
    80000ca2:	9532                	add	a0,a0,a2
    80000ca4:	e188                	sd	a0,0(a1)
    80000ca6:	fd043503          	ld	a0,-48(s0)
    80000caa:	fd040113          	addi	sp,s0,-48
    80000cae:	70a2                	ld	ra,40(sp)
    80000cb0:	7402                	ld	s0,32(sp)
    80000cb2:	6145                	addi	sp,sp,48
    80000cb4:	8082                	ret

0000000080000cb6 <calloc>:
    80000cb6:	7139                	addi	sp,sp,-64
    80000cb8:	fc06                	sd	ra,56(sp)
    80000cba:	f822                	sd	s0,48(sp)
    80000cbc:	0080                	addi	s0,sp,64
    80000cbe:	fea43023          	sd	a0,-32(s0)
    80000cc2:	fcb43c23          	sd	a1,-40(s0)
    80000cc6:	fe043503          	ld	a0,-32(s0)
    80000cca:	c511                	beqz	a0,80000cd6 <calloc+0x20>
    80000ccc:	a009                	j	80000cce <calloc+0x18>
    80000cce:	fd843503          	ld	a0,-40(s0)
    80000cd2:	e909                	bnez	a0,80000ce4 <calloc+0x2e>
    80000cd4:	a009                	j	80000cd6 <calloc+0x20>
    80000cd6:	4505                	li	a0,1
    80000cd8:	45a1                	li	a1,8
    80000cda:	f27ff0ef          	jal	80000c00 <bare_alloc>
    80000cde:	fea43423          	sd	a0,-24(s0)
    80000ce2:	a825                	j	80000d1a <calloc+0x64>
    80000ce4:	fe043503          	ld	a0,-32(s0)
    80000ce8:	fd843583          	ld	a1,-40(s0)
    80000cec:	02b50533          	mul	a0,a0,a1
    80000cf0:	fca43823          	sd	a0,-48(s0)
    80000cf4:	fd043503          	ld	a0,-48(s0)
    80000cf8:	45a1                	li	a1,8
    80000cfa:	f07ff0ef          	jal	80000c00 <bare_alloc>
    80000cfe:	fca43423          	sd	a0,-56(s0)
    80000d02:	fc843503          	ld	a0,-56(s0)
    80000d06:	fd043603          	ld	a2,-48(s0)
    80000d0a:	4581                	li	a1,0
    80000d0c:	d56ff0ef          	jal	80000262 <memset>
    80000d10:	fc843503          	ld	a0,-56(s0)
    80000d14:	fea43423          	sd	a0,-24(s0)
    80000d18:	a009                	j	80000d1a <calloc+0x64>
    80000d1a:	fe843503          	ld	a0,-24(s0)
    80000d1e:	fc040113          	addi	sp,s0,-64
    80000d22:	70e2                	ld	ra,56(sp)
    80000d24:	7442                	ld	s0,48(sp)
    80000d26:	6121                	addi	sp,sp,64
    80000d28:	8082                	ret

0000000080000d2a <free>:
    80000d2a:	1101                	addi	sp,sp,-32
    80000d2c:	ec06                	sd	ra,24(sp)
    80000d2e:	e822                	sd	s0,16(sp)
    80000d30:	1000                	addi	s0,sp,32
    80000d32:	fea43423          	sd	a0,-24(s0)
    80000d36:	fe040113          	addi	sp,s0,-32
    80000d3a:	60e2                	ld	ra,24(sp)
    80000d3c:	6442                	ld	s0,16(sp)
    80000d3e:	6105                	addi	sp,sp,32
    80000d40:	8082                	ret

0000000080000d42 <sqrtf>:
    80000d42:	1101                	addi	sp,sp,-32
    80000d44:	ec06                	sd	ra,24(sp)
    80000d46:	e822                	sd	s0,16(sp)
    80000d48:	1000                	addi	s0,sp,32
    80000d4a:	fea42627          	fsw	fa0,-20(s0)
    80000d4e:	fec42787          	flw	fa5,-20(s0)
    80000d52:	3f000537          	lui	a0,0x3f000
    80000d56:	f0050753          	fmv.w.x	fa4,a0
    80000d5a:	10e7f7d3          	fmul.s	fa5,fa5,fa4
    80000d5e:	fef42427          	fsw	fa5,-24(s0)
    80000d62:	fec42787          	flw	fa5,-20(s0)
    80000d66:	fef42227          	fsw	fa5,-28(s0)
    80000d6a:	fe446503          	lwu	a0,-28(s0)
    80000d6e:	00155593          	srli	a1,a0,0x1
    80000d72:	5f376537          	lui	a0,0x5f376
    80000d76:	9df50513          	addi	a0,a0,-1569 # 5f3759df <UART0_BASE+0x4f3759df>
    80000d7a:	9d0d                	subw	a0,a0,a1
    80000d7c:	fea42223          	sw	a0,-28(s0)
    80000d80:	fe442787          	flw	fa5,-28(s0)
    80000d84:	fef42027          	fsw	fa5,-32(s0)
    80000d88:	fe042787          	flw	fa5,-32(s0)
    80000d8c:	fe842707          	flw	fa4,-24(s0)
    80000d90:	10f77753          	fmul.s	fa4,fa4,fa5
    80000d94:	3fc00537          	lui	a0,0x3fc00
    80000d98:	f00506d3          	fmv.w.x	fa3,a0
    80000d9c:	68f7774b          	fnmsub.s	fa4,fa4,fa5,fa3
    80000da0:	10e7f7d3          	fmul.s	fa5,fa5,fa4
    80000da4:	fef42027          	fsw	fa5,-32(s0)
    80000da8:	fe042787          	flw	fa5,-32(s0)
    80000dac:	fe842707          	flw	fa4,-24(s0)
    80000db0:	10f77753          	fmul.s	fa4,fa4,fa5
    80000db4:	68f7774b          	fnmsub.s	fa4,fa4,fa5,fa3
    80000db8:	10e7f7d3          	fmul.s	fa5,fa5,fa4
    80000dbc:	fef42027          	fsw	fa5,-32(s0)
    80000dc0:	fec42787          	flw	fa5,-20(s0)
    80000dc4:	fe042707          	flw	fa4,-32(s0)
    80000dc8:	10e7f553          	fmul.s	fa0,fa5,fa4
    80000dcc:	fe040113          	addi	sp,s0,-32
    80000dd0:	60e2                	ld	ra,24(sp)
    80000dd2:	6442                	ld	s0,16(sp)
    80000dd4:	6105                	addi	sp,sp,32
    80000dd6:	8082                	ret

0000000080000dd8 <expf>:
    80000dd8:	7139                	addi	sp,sp,-64
    80000dda:	fc06                	sd	ra,56(sp)
    80000ddc:	f822                	sd	s0,48(sp)
    80000dde:	0080                	addi	s0,sp,64
    80000de0:	fea42627          	fsw	fa0,-20(s0)
    80000de4:	3fb8b537          	lui	a0,0x3fb8b
    80000de8:	a3b50513          	addi	a0,a0,-1477 # 3fb8aa3b <UART0_BASE+0x2fb8aa3b>
    80000dec:	fea42423          	sw	a0,-24(s0)
    80000df0:	3f317537          	lui	a0,0x3f317
    80000df4:	21850513          	addi	a0,a0,536 # 3f317218 <UART0_BASE+0x2f317218>
    80000df8:	fea42223          	sw	a0,-28(s0)
    80000dfc:	fec42787          	flw	fa5,-20(s0)
    80000e00:	00004517          	auipc	a0,0x4
    80000e04:	5fc50513          	addi	a0,a0,1532 # 800053fc <matrix_kernel_qmatmul_f32_noblk+0x216>
    80000e08:	00052707          	flw	fa4,0(a0)
    80000e0c:	10e7f7d3          	fmul.s	fa5,fa5,fa4
    80000e10:	fef42027          	fsw	fa5,-32(s0)
    80000e14:	fe042707          	flw	fa4,-32(s0)
    80000e18:	f00007d3          	fmv.w.x	fa5,zero
    80000e1c:	a0e78553          	fle.s	a0,fa5,fa4
    80000e20:	c10d                	beqz	a0,80000e42 <expf+0x6a>
    80000e22:	a009                	j	80000e24 <expf+0x4c>
    80000e24:	fe042787          	flw	fa5,-32(s0)
    80000e28:	3f000537          	lui	a0,0x3f000
    80000e2c:	f0050753          	fmv.w.x	fa4,a0
    80000e30:	00e7f7d3          	fadd.s	fa5,fa5,fa4
    80000e34:	c0079553          	fcvt.w.s	a0,fa5,rtz
    80000e38:	d00577d3          	fcvt.s.w	fa5,a0
    80000e3c:	fcf42427          	fsw	fa5,-56(s0)
    80000e40:	a005                	j	80000e60 <expf+0x88>
    80000e42:	fe042787          	flw	fa5,-32(s0)
    80000e46:	bf000537          	lui	a0,0xbf000
    80000e4a:	f0050753          	fmv.w.x	fa4,a0
    80000e4e:	00e7f7d3          	fadd.s	fa5,fa5,fa4
    80000e52:	c0079553          	fcvt.w.s	a0,fa5,rtz
    80000e56:	d00577d3          	fcvt.s.w	fa5,a0
    80000e5a:	fcf42427          	fsw	fa5,-56(s0)
    80000e5e:	a009                	j	80000e60 <expf+0x88>
    80000e60:	fc842787          	flw	fa5,-56(s0)
    80000e64:	fcf42e27          	fsw	fa5,-36(s0)
    80000e68:	fe042787          	flw	fa5,-32(s0)
    80000e6c:	fdc42707          	flw	fa4,-36(s0)
    80000e70:	08e7f7d3          	fsub.s	fa5,fa5,fa4
    80000e74:	fcf42c27          	fsw	fa5,-40(s0)
    80000e78:	fd842787          	flw	fa5,-40(s0)
    80000e7c:	00004517          	auipc	a0,0x4
    80000e80:	55850513          	addi	a0,a0,1368 # 800053d4 <matrix_kernel_qmatmul_f32_noblk+0x1ee>
    80000e84:	00052687          	flw	fa3,0(a0)
    80000e88:	00004517          	auipc	a0,0x4
    80000e8c:	54450513          	addi	a0,a0,1348 # 800053cc <matrix_kernel_qmatmul_f32_noblk+0x1e6>
    80000e90:	00052707          	flw	fa4,0(a0)
    80000e94:	68e7f743          	fmadd.s	fa4,fa5,fa4,fa3
    80000e98:	3f800537          	lui	a0,0x3f800
    80000e9c:	f00506d3          	fmv.w.x	fa3,a0
    80000ea0:	68e7f7c3          	fmadd.s	fa5,fa5,fa4,fa3
    80000ea4:	fcf42a27          	fsw	fa5,-44(s0)
    80000ea8:	fdc42787          	flw	fa5,-36(s0)
    80000eac:	c0079553          	fcvt.w.s	a0,fa5,rtz
    80000eb0:	07f5051b          	addiw	a0,a0,127 # 3f80007f <UART0_BASE+0x2f80007f>
    80000eb4:	fca42823          	sw	a0,-48(s0)
    80000eb8:	fd042583          	lw	a1,-48(s0)
    80000ebc:	4501                	li	a0,0
    80000ebe:	00b54763          	blt	a0,a1,80000ecc <expf+0xf4>
    80000ec2:	a009                	j	80000ec4 <expf+0xec>
    80000ec4:	4501                	li	a0,0
    80000ec6:	fca42823          	sw	a0,-48(s0)
    80000eca:	a009                	j	80000ecc <expf+0xf4>
    80000ecc:	fd042503          	lw	a0,-48(s0)
    80000ed0:	0ff00593          	li	a1,255
    80000ed4:	00b54863          	blt	a0,a1,80000ee4 <expf+0x10c>
    80000ed8:	a009                	j	80000eda <expf+0x102>
    80000eda:	0ff00513          	li	a0,255
    80000ede:	fca42823          	sw	a0,-48(s0)
    80000ee2:	a009                	j	80000ee4 <expf+0x10c>
    80000ee4:	fd042503          	lw	a0,-48(s0)
    80000ee8:	0175151b          	slliw	a0,a0,0x17
    80000eec:	fca42623          	sw	a0,-52(s0)
    80000ef0:	fcc42787          	flw	fa5,-52(s0)
    80000ef4:	fd442707          	flw	fa4,-44(s0)
    80000ef8:	10e7f553          	fmul.s	fa0,fa5,fa4
    80000efc:	fc040113          	addi	sp,s0,-64
    80000f00:	70e2                	ld	ra,56(sp)
    80000f02:	7442                	ld	s0,48(sp)
    80000f04:	6121                	addi	sp,sp,64
    80000f06:	8082                	ret

0000000080000f08 <sinf>:
    80000f08:	7139                	addi	sp,sp,-64
    80000f0a:	fc06                	sd	ra,56(sp)
    80000f0c:	f822                	sd	s0,48(sp)
    80000f0e:	0080                	addi	s0,sp,64
    80000f10:	fea42627          	fsw	fa0,-20(s0)
    80000f14:	40491537          	lui	a0,0x40491
    80000f18:	fdb50513          	addi	a0,a0,-37 # 40490fdb <UART0_BASE+0x30490fdb>
    80000f1c:	fea42423          	sw	a0,-24(s0)
    80000f20:	40c91537          	lui	a0,0x40c91
    80000f24:	fdb50513          	addi	a0,a0,-37 # 40c90fdb <UART0_BASE+0x30c90fdb>
    80000f28:	fea42223          	sw	a0,-28(s0)
    80000f2c:	a009                	j	80000f2e <sinf+0x26>
    80000f2e:	fec42707          	flw	fa4,-20(s0)
    80000f32:	00004517          	auipc	a0,0x4
    80000f36:	4ce50513          	addi	a0,a0,1230 # 80005400 <matrix_kernel_qmatmul_f32_noblk+0x21a>
    80000f3a:	00052787          	flw	fa5,0(a0)
    80000f3e:	a0e79553          	flt.s	a0,fa5,fa4
    80000f42:	cd19                	beqz	a0,80000f60 <sinf+0x58>
    80000f44:	a009                	j	80000f46 <sinf+0x3e>
    80000f46:	fec42787          	flw	fa5,-20(s0)
    80000f4a:	00004517          	auipc	a0,0x4
    80000f4e:	4aa50513          	addi	a0,a0,1194 # 800053f4 <matrix_kernel_qmatmul_f32_noblk+0x20e>
    80000f52:	00052707          	flw	fa4,0(a0)
    80000f56:	00e7f7d3          	fadd.s	fa5,fa5,fa4
    80000f5a:	fef42627          	fsw	fa5,-20(s0)
    80000f5e:	bfc1                	j	80000f2e <sinf+0x26>
    80000f60:	a009                	j	80000f62 <sinf+0x5a>
    80000f62:	fec42787          	flw	fa5,-20(s0)
    80000f66:	00004517          	auipc	a0,0x4
    80000f6a:	48a50513          	addi	a0,a0,1162 # 800053f0 <matrix_kernel_qmatmul_f32_noblk+0x20a>
    80000f6e:	00052707          	flw	fa4,0(a0)
    80000f72:	a0e79553          	flt.s	a0,fa5,fa4
    80000f76:	cd19                	beqz	a0,80000f94 <sinf+0x8c>
    80000f78:	a009                	j	80000f7a <sinf+0x72>
    80000f7a:	fec42787          	flw	fa5,-20(s0)
    80000f7e:	00004517          	auipc	a0,0x4
    80000f82:	44a50513          	addi	a0,a0,1098 # 800053c8 <matrix_kernel_qmatmul_f32_noblk+0x1e2>
    80000f86:	00052707          	flw	fa4,0(a0)
    80000f8a:	00e7f7d3          	fadd.s	fa5,fa5,fa4
    80000f8e:	fef42627          	fsw	fa5,-20(s0)
    80000f92:	bfc1                	j	80000f62 <sinf+0x5a>
    80000f94:	3fa30537          	lui	a0,0x3fa30
    80000f98:	98350513          	addi	a0,a0,-1661 # 3fa2f983 <UART0_BASE+0x2fa2f983>
    80000f9c:	fea42023          	sw	a0,-32(s0)
    80000fa0:	becf8537          	lui	a0,0xbecf8
    80000fa4:	17a50513          	addi	a0,a0,378 # ffffffffbecf817a <__heap_end+0xffffffff26cf817a>
    80000fa8:	fca42e23          	sw	a0,-36(s0)
    80000fac:	fec42507          	flw	fa0,-20(s0)
    80000fb0:	fca42627          	fsw	fa0,-52(s0)
    80000fb4:	00004517          	auipc	a0,0x4
    80000fb8:	45050513          	addi	a0,a0,1104 # 80005404 <matrix_kernel_qmatmul_f32_noblk+0x21e>
    80000fbc:	00052787          	flw	fa5,0(a0)
    80000fc0:	10f577d3          	fmul.s	fa5,fa0,fa5
    80000fc4:	fcf42427          	fsw	fa5,-56(s0)
    80000fc8:	06c000ef          	jal	80001034 <bare_fabsf>
    80000fcc:	fc842707          	flw	fa4,-56(s0)
    80000fd0:	fcc42787          	flw	fa5,-52(s0)
    80000fd4:	10a776d3          	fmul.s	fa3,fa4,fa0
    80000fd8:	00004517          	auipc	a0,0x4
    80000fdc:	41050513          	addi	a0,a0,1040 # 800053e8 <matrix_kernel_qmatmul_f32_noblk+0x202>
    80000fe0:	00052707          	flw	fa4,0(a0)
    80000fe4:	68e7f7c3          	fmadd.s	fa5,fa5,fa4,fa3
    80000fe8:	fcf42c27          	fsw	fa5,-40(s0)
    80000fec:	3e666537          	lui	a0,0x3e666
    80000ff0:	66650513          	addi	a0,a0,1638 # 3e666666 <UART0_BASE+0x2e666666>
    80000ff4:	fca42a23          	sw	a0,-44(s0)
    80000ff8:	fd842507          	flw	fa0,-40(s0)
    80000ffc:	fca42827          	fsw	fa0,-48(s0)
    80001000:	034000ef          	jal	80001034 <bare_fabsf>
    80001004:	fd042787          	flw	fa5,-48(s0)
    80001008:	fd842687          	flw	fa3,-40(s0)
    8000100c:	68a7f7c7          	fmsub.s	fa5,fa5,fa0,fa3
    80001010:	00004517          	auipc	a0,0x4
    80001014:	3c850513          	addi	a0,a0,968 # 800053d8 <matrix_kernel_qmatmul_f32_noblk+0x1f2>
    80001018:	00052707          	flw	fa4,0(a0)
    8000101c:	68e7f7c3          	fmadd.s	fa5,fa5,fa4,fa3
    80001020:	fcf42c27          	fsw	fa5,-40(s0)
    80001024:	fd842507          	flw	fa0,-40(s0)
    80001028:	fc040113          	addi	sp,s0,-64
    8000102c:	70e2                	ld	ra,56(sp)
    8000102e:	7442                	ld	s0,48(sp)
    80001030:	6121                	addi	sp,sp,64
    80001032:	8082                	ret

0000000080001034 <bare_fabsf>:
    80001034:	1101                	addi	sp,sp,-32
    80001036:	ec06                	sd	ra,24(sp)
    80001038:	e822                	sd	s0,16(sp)
    8000103a:	1000                	addi	s0,sp,32
    8000103c:	fea42627          	fsw	fa0,-20(s0)
    80001040:	fec42787          	flw	fa5,-20(s0)
    80001044:	f0000753          	fmv.w.x	fa4,zero
    80001048:	a0e79553          	flt.s	a0,fa5,fa4
    8000104c:	c909                	beqz	a0,8000105e <bare_fabsf+0x2a>
    8000104e:	a009                	j	80001050 <bare_fabsf+0x1c>
    80001050:	fec42787          	flw	fa5,-20(s0)
    80001054:	20f797d3          	fneg.s	fa5,fa5
    80001058:	fef42427          	fsw	fa5,-24(s0)
    8000105c:	a031                	j	80001068 <bare_fabsf+0x34>
    8000105e:	fec42787          	flw	fa5,-20(s0)
    80001062:	fef42427          	fsw	fa5,-24(s0)
    80001066:	a009                	j	80001068 <bare_fabsf+0x34>
    80001068:	fe842507          	flw	fa0,-24(s0)
    8000106c:	fe040113          	addi	sp,s0,-32
    80001070:	60e2                	ld	ra,24(sp)
    80001072:	6442                	ld	s0,16(sp)
    80001074:	6105                	addi	sp,sp,32
    80001076:	8082                	ret

0000000080001078 <cosf>:
    80001078:	1101                	addi	sp,sp,-32
    8000107a:	ec06                	sd	ra,24(sp)
    8000107c:	e822                	sd	s0,16(sp)
    8000107e:	1000                	addi	s0,sp,32
    80001080:	fea42627          	fsw	fa0,-20(s0)
    80001084:	3fc91537          	lui	a0,0x3fc91
    80001088:	fdb50513          	addi	a0,a0,-37 # 3fc90fdb <UART0_BASE+0x2fc90fdb>
    8000108c:	fea42423          	sw	a0,-24(s0)
    80001090:	fec42787          	flw	fa5,-20(s0)
    80001094:	00004517          	auipc	a0,0x4
    80001098:	35050513          	addi	a0,a0,848 # 800053e4 <matrix_kernel_qmatmul_f32_noblk+0x1fe>
    8000109c:	00052707          	flw	fa4,0(a0)
    800010a0:	00e7f553          	fadd.s	fa0,fa5,fa4
    800010a4:	e65ff0ef          	jal	80000f08 <sinf>
    800010a8:	fe040113          	addi	sp,s0,-32
    800010ac:	60e2                	ld	ra,24(sp)
    800010ae:	6442                	ld	s0,16(sp)
    800010b0:	6105                	addi	sp,sp,32
    800010b2:	8082                	ret

00000000800010b4 <malloc_run_state>:
    800010b4:	711d                	addi	sp,sp,-96
    800010b6:	ec86                	sd	ra,88(sp)
    800010b8:	e8a2                	sd	s0,80(sp)
    800010ba:	1080                	addi	s0,sp,96
    800010bc:	fea43423          	sd	a0,-24(s0)
    800010c0:	feb43023          	sd	a1,-32(s0)
    800010c4:	fe043583          	ld	a1,-32(s0)
    800010c8:	4188                	lw	a0,0(a1)
    800010ca:	4990                	lw	a2,16(a1)
    800010cc:	02c5053b          	mulw	a0,a0,a2
    800010d0:	45cc                	lw	a1,12(a1)
    800010d2:	02b5453b          	divw	a0,a0,a1
    800010d6:	fca42e23          	sw	a0,-36(s0)
    800010da:	fe043503          	ld	a0,-32(s0)
    800010de:	4108                	lw	a0,0(a0)
    800010e0:	4591                	li	a1,4
    800010e2:	fab43823          	sd	a1,-80(s0)
    800010e6:	bd1ff0ef          	jal	80000cb6 <calloc>
    800010ea:	fb043583          	ld	a1,-80(s0)
    800010ee:	fe843603          	ld	a2,-24(s0)
    800010f2:	e208                	sd	a0,0(a2)
    800010f4:	fe043503          	ld	a0,-32(s0)
    800010f8:	4108                	lw	a0,0(a0)
    800010fa:	bbdff0ef          	jal	80000cb6 <calloc>
    800010fe:	fb043583          	ld	a1,-80(s0)
    80001102:	fe843603          	ld	a2,-24(s0)
    80001106:	e608                	sd	a0,8(a2)
    80001108:	fe043503          	ld	a0,-32(s0)
    8000110c:	4108                	lw	a0,0(a0)
    8000110e:	ba9ff0ef          	jal	80000cb6 <calloc>
    80001112:	fb043583          	ld	a1,-80(s0)
    80001116:	fe843603          	ld	a2,-24(s0)
    8000111a:	ea08                	sd	a0,16(a2)
    8000111c:	fe043503          	ld	a0,-32(s0)
    80001120:	4148                	lw	a0,4(a0)
    80001122:	b95ff0ef          	jal	80000cb6 <calloc>
    80001126:	fb043583          	ld	a1,-80(s0)
    8000112a:	fe843603          	ld	a2,-24(s0)
    8000112e:	ee08                	sd	a0,24(a2)
    80001130:	fe043503          	ld	a0,-32(s0)
    80001134:	4148                	lw	a0,4(a0)
    80001136:	b81ff0ef          	jal	80000cb6 <calloc>
    8000113a:	fe843583          	ld	a1,-24(s0)
    8000113e:	f188                	sd	a0,32(a1)
    80001140:	fe843503          	ld	a0,-24(s0)
    80001144:	faa43023          	sd	a0,-96(s0)
    80001148:	fe043503          	ld	a0,-32(s0)
    8000114c:	4108                	lw	a0,0(a0)
    8000114e:	18a000ef          	jal	800012d8 <qt_alloc>
    80001152:	862e                	mv	a2,a1
    80001154:	fa043583          	ld	a1,-96(s0)
    80001158:	fcc43823          	sd	a2,-48(s0)
    8000115c:	fca43423          	sd	a0,-56(s0)
    80001160:	fd043503          	ld	a0,-48(s0)
    80001164:	f988                	sd	a0,48(a1)
    80001166:	fc843503          	ld	a0,-56(s0)
    8000116a:	f588                	sd	a0,40(a1)
    8000116c:	fe843503          	ld	a0,-24(s0)
    80001170:	faa43423          	sd	a0,-88(s0)
    80001174:	fe043503          	ld	a0,-32(s0)
    80001178:	4148                	lw	a0,4(a0)
    8000117a:	15e000ef          	jal	800012d8 <qt_alloc>
    8000117e:	fa843603          	ld	a2,-88(s0)
    80001182:	86ae                	mv	a3,a1
    80001184:	fb043583          	ld	a1,-80(s0)
    80001188:	fcd43023          	sd	a3,-64(s0)
    8000118c:	faa43c23          	sd	a0,-72(s0)
    80001190:	fc043503          	ld	a0,-64(s0)
    80001194:	e228                	sd	a0,64(a2)
    80001196:	fb843503          	ld	a0,-72(s0)
    8000119a:	fe08                	sd	a0,56(a2)
    8000119c:	fe043503          	ld	a0,-32(s0)
    800011a0:	4108                	lw	a0,0(a0)
    800011a2:	b15ff0ef          	jal	80000cb6 <calloc>
    800011a6:	fb043583          	ld	a1,-80(s0)
    800011aa:	fe843603          	ld	a2,-24(s0)
    800011ae:	e628                	sd	a0,72(a2)
    800011b0:	fe043503          	ld	a0,-32(s0)
    800011b4:	4108                	lw	a0,0(a0)
    800011b6:	b01ff0ef          	jal	80000cb6 <calloc>
    800011ba:	fb043583          	ld	a1,-80(s0)
    800011be:	fe843603          	ld	a2,-24(s0)
    800011c2:	ea28                	sd	a0,80(a2)
    800011c4:	fe043503          	ld	a0,-32(s0)
    800011c8:	4108                	lw	a0,0(a0)
    800011ca:	aedff0ef          	jal	80000cb6 <calloc>
    800011ce:	fb043583          	ld	a1,-80(s0)
    800011d2:	fe843603          	ld	a2,-24(s0)
    800011d6:	ee28                	sd	a0,88(a2)
    800011d8:	fe043603          	ld	a2,-32(s0)
    800011dc:	4648                	lw	a0,12(a2)
    800011de:	4e10                	lw	a2,24(a2)
    800011e0:	02c5053b          	mulw	a0,a0,a2
    800011e4:	ad3ff0ef          	jal	80000cb6 <calloc>
    800011e8:	fb043583          	ld	a1,-80(s0)
    800011ec:	fe843603          	ld	a2,-24(s0)
    800011f0:	f228                	sd	a0,96(a2)
    800011f2:	fe043503          	ld	a0,-32(s0)
    800011f6:	4948                	lw	a0,20(a0)
    800011f8:	abfff0ef          	jal	80000cb6 <calloc>
    800011fc:	fb043583          	ld	a1,-80(s0)
    80001200:	fe843603          	ld	a2,-24(s0)
    80001204:	f628                	sd	a0,104(a2)
    80001206:	fe043603          	ld	a2,-32(s0)
    8000120a:	4608                	lw	a0,8(a2)
    8000120c:	4e10                	lw	a2,24(a2)
    8000120e:	02c5053b          	mulw	a0,a0,a2
    80001212:	fdc42603          	lw	a2,-36(s0)
    80001216:	02c5053b          	mulw	a0,a0,a2
    8000121a:	a9dff0ef          	jal	80000cb6 <calloc>
    8000121e:	fb043583          	ld	a1,-80(s0)
    80001222:	fe843603          	ld	a2,-24(s0)
    80001226:	fa28                	sd	a0,112(a2)
    80001228:	fe043603          	ld	a2,-32(s0)
    8000122c:	4608                	lw	a0,8(a2)
    8000122e:	4e10                	lw	a2,24(a2)
    80001230:	02c5053b          	mulw	a0,a0,a2
    80001234:	fdc42603          	lw	a2,-36(s0)
    80001238:	02c5053b          	mulw	a0,a0,a2
    8000123c:	a7bff0ef          	jal	80000cb6 <calloc>
    80001240:	fe843583          	ld	a1,-24(s0)
    80001244:	fda8                	sd	a0,120(a1)
    80001246:	fe843503          	ld	a0,-24(s0)
    8000124a:	6108                	ld	a0,0(a0)
    8000124c:	c92d                	beqz	a0,800012be <malloc_run_state+0x20a>
    8000124e:	a009                	j	80001250 <malloc_run_state+0x19c>
    80001250:	fe843503          	ld	a0,-24(s0)
    80001254:	6508                	ld	a0,8(a0)
    80001256:	c525                	beqz	a0,800012be <malloc_run_state+0x20a>
    80001258:	a009                	j	8000125a <malloc_run_state+0x1a6>
    8000125a:	fe843503          	ld	a0,-24(s0)
    8000125e:	6908                	ld	a0,16(a0)
    80001260:	cd39                	beqz	a0,800012be <malloc_run_state+0x20a>
    80001262:	a009                	j	80001264 <malloc_run_state+0x1b0>
    80001264:	fe843503          	ld	a0,-24(s0)
    80001268:	6d08                	ld	a0,24(a0)
    8000126a:	c931                	beqz	a0,800012be <malloc_run_state+0x20a>
    8000126c:	a009                	j	8000126e <malloc_run_state+0x1ba>
    8000126e:	fe843503          	ld	a0,-24(s0)
    80001272:	7108                	ld	a0,32(a0)
    80001274:	c529                	beqz	a0,800012be <malloc_run_state+0x20a>
    80001276:	a009                	j	80001278 <malloc_run_state+0x1c4>
    80001278:	fe843503          	ld	a0,-24(s0)
    8000127c:	6528                	ld	a0,72(a0)
    8000127e:	c121                	beqz	a0,800012be <malloc_run_state+0x20a>
    80001280:	a009                	j	80001282 <malloc_run_state+0x1ce>
    80001282:	fe843503          	ld	a0,-24(s0)
    80001286:	6928                	ld	a0,80(a0)
    80001288:	c91d                	beqz	a0,800012be <malloc_run_state+0x20a>
    8000128a:	a009                	j	8000128c <malloc_run_state+0x1d8>
    8000128c:	fe843503          	ld	a0,-24(s0)
    80001290:	6d28                	ld	a0,88(a0)
    80001292:	c515                	beqz	a0,800012be <malloc_run_state+0x20a>
    80001294:	a009                	j	80001296 <malloc_run_state+0x1e2>
    80001296:	fe843503          	ld	a0,-24(s0)
    8000129a:	7128                	ld	a0,96(a0)
    8000129c:	c10d                	beqz	a0,800012be <malloc_run_state+0x20a>
    8000129e:	a009                	j	800012a0 <malloc_run_state+0x1ec>
    800012a0:	fe843503          	ld	a0,-24(s0)
    800012a4:	7528                	ld	a0,104(a0)
    800012a6:	cd01                	beqz	a0,800012be <malloc_run_state+0x20a>
    800012a8:	a009                	j	800012aa <malloc_run_state+0x1f6>
    800012aa:	fe843503          	ld	a0,-24(s0)
    800012ae:	7928                	ld	a0,112(a0)
    800012b0:	c519                	beqz	a0,800012be <malloc_run_state+0x20a>
    800012b2:	a009                	j	800012b4 <malloc_run_state+0x200>
    800012b4:	fe843503          	ld	a0,-24(s0)
    800012b8:	7d28                	ld	a0,120(a0)
    800012ba:	e909                	bnez	a0,800012cc <malloc_run_state+0x218>
    800012bc:	a009                	j	800012be <malloc_run_state+0x20a>
    800012be:	00004517          	auipc	a0,0x4
    800012c2:	30050513          	addi	a0,a0,768 # 800055be <matrix_kernel_qmatmul_f32_noblk+0x3d8>
    800012c6:	07c000ef          	jal	80001342 <panic>
    800012ca:	a009                	j	800012cc <malloc_run_state+0x218>
    800012cc:	fa040113          	addi	sp,s0,-96
    800012d0:	60e6                	ld	ra,88(sp)
    800012d2:	6446                	ld	s0,80(sp)
    800012d4:	6125                	addi	sp,sp,96
    800012d6:	8082                	ret

00000000800012d8 <qt_alloc>:
    800012d8:	7179                	addi	sp,sp,-48
    800012da:	f406                	sd	ra,40(sp)
    800012dc:	f022                	sd	s0,32(sp)
    800012de:	1800                	addi	s0,sp,48
    800012e0:	fca42e23          	sw	a0,-36(s0)
    800012e4:	fdc42503          	lw	a0,-36(s0)
    800012e8:	4585                	li	a1,1
    800012ea:	9cdff0ef          	jal	80000cb6 <calloc>
    800012ee:	fea43023          	sd	a0,-32(s0)
    800012f2:	fdc42503          	lw	a0,-36(s0)
    800012f6:	257d                	addiw	a0,a0,31
    800012f8:	41f5559b          	sraiw	a1,a0,0x1f
    800012fc:	01b5d59b          	srliw	a1,a1,0x1b
    80001300:	9d2d                	addw	a0,a0,a1
    80001302:	4055551b          	sraiw	a0,a0,0x5
    80001306:	4591                	li	a1,4
    80001308:	9afff0ef          	jal	80000cb6 <calloc>
    8000130c:	fea43423          	sd	a0,-24(s0)
    80001310:	fe043503          	ld	a0,-32(s0)
    80001314:	c511                	beqz	a0,80001320 <qt_alloc+0x48>
    80001316:	a009                	j	80001318 <qt_alloc+0x40>
    80001318:	fe843503          	ld	a0,-24(s0)
    8000131c:	e909                	bnez	a0,8000132e <qt_alloc+0x56>
    8000131e:	a009                	j	80001320 <qt_alloc+0x48>
    80001320:	00004517          	auipc	a0,0x4
    80001324:	30950513          	addi	a0,a0,777 # 80005629 <matrix_kernel_qmatmul_f32_noblk+0x443>
    80001328:	01a000ef          	jal	80001342 <panic>
    8000132c:	a009                	j	8000132e <qt_alloc+0x56>
    8000132e:	fe043503          	ld	a0,-32(s0)
    80001332:	fe843583          	ld	a1,-24(s0)
    80001336:	fd040113          	addi	sp,s0,-48
    8000133a:	70a2                	ld	ra,40(sp)
    8000133c:	7402                	ld	s0,32(sp)
    8000133e:	6145                	addi	sp,sp,48
    80001340:	8082                	ret

0000000080001342 <panic>:
    80001342:	1101                	addi	sp,sp,-32
    80001344:	ec06                	sd	ra,24(sp)
    80001346:	e822                	sd	s0,16(sp)
    80001348:	1000                	addi	s0,sp,32
    8000134a:	fea43423          	sd	a0,-24(s0)
    8000134e:	02faf537          	lui	a0,0x2faf
    80001352:	08050513          	addi	a0,a0,128 # 2faf080 <UART0_BASE-0xd050f80>
    80001356:	65f1                	lui	a1,0x1c
    80001358:	20058593          	addi	a1,a1,512 # 1c200 <UART0_BASE-0xffe3e00>
    8000135c:	529030ef          	jal	80005084 <init_uart>
    80001360:	00004517          	auipc	a0,0x4
    80001364:	0e250513          	addi	a0,a0,226 # 80005442 <matrix_kernel_qmatmul_f32_noblk+0x25c>
    80001368:	555030ef          	jal	800050bc <print_uart>
    8000136c:	fe843503          	ld	a0,-24(s0)
    80001370:	54d030ef          	jal	800050bc <print_uart>
    80001374:	00004517          	auipc	a0,0x4
    80001378:	24250513          	addi	a0,a0,578 # 800055b6 <matrix_kernel_qmatmul_f32_noblk+0x3d0>
    8000137c:	541030ef          	jal	800050bc <print_uart>
    80001380:	4505                	li	a0,1
    80001382:	e4ffe0ef          	jal	800001d0 <exit>
    80001386:	fe040113          	addi	sp,s0,-32
    8000138a:	60e2                	ld	ra,24(sp)
    8000138c:	6442                	ld	s0,16(sp)
    8000138e:	6105                	addi	sp,sp,32
    80001390:	8082                	ret

0000000080001392 <free_run_state>:
    80001392:	1101                	addi	sp,sp,-32
    80001394:	ec06                	sd	ra,24(sp)
    80001396:	e822                	sd	s0,16(sp)
    80001398:	1000                	addi	s0,sp,32
    8000139a:	fea43423          	sd	a0,-24(s0)
    8000139e:	fe040113          	addi	sp,s0,-32
    800013a2:	60e2                	ld	ra,24(sp)
    800013a4:	6442                	ld	s0,16(sp)
    800013a6:	6105                	addi	sp,sp,32
    800013a8:	8082                	ret

00000000800013aa <memory_map_weights>:
    800013aa:	7139                	addi	sp,sp,-64
    800013ac:	fc06                	sd	ra,56(sp)
    800013ae:	f822                	sd	s0,48(sp)
    800013b0:	0080                	addi	s0,sp,64
    800013b2:	fea43423          	sd	a0,-24(s0)
    800013b6:	feb43023          	sd	a1,-32(s0)
    800013ba:	fcc43c23          	sd	a2,-40(s0)
    800013be:	fcd42a23          	sw	a3,-44(s0)
    800013c2:	fe043583          	ld	a1,-32(s0)
    800013c6:	4188                	lw	a0,0(a1)
    800013c8:	45cc                	lw	a1,12(a1)
    800013ca:	02b5453b          	divw	a0,a0,a1
    800013ce:	fca42823          	sw	a0,-48(s0)
    800013d2:	fe043503          	ld	a0,-32(s0)
    800013d6:	4508                	lw	a0,8(a0)
    800013d8:	fca43423          	sd	a0,-56(s0)
    800013dc:	fd843503          	ld	a0,-40(s0)
    800013e0:	fe843583          	ld	a1,-24(s0)
    800013e4:	e188                	sd	a0,0(a1)
    800013e6:	fe043583          	ld	a1,-32(s0)
    800013ea:	49c8                	lw	a0,20(a1)
    800013ec:	418c                	lw	a1,0(a1)
    800013ee:	02b505bb          	mulw	a1,a0,a1
    800013f2:	fd843503          	ld	a0,-40(s0)
    800013f6:	058a                	slli	a1,a1,0x2
    800013f8:	952e                	add	a0,a0,a1
    800013fa:	fca43c23          	sd	a0,-40(s0)
    800013fe:	fd843503          	ld	a0,-40(s0)
    80001402:	fe843583          	ld	a1,-24(s0)
    80001406:	e588                	sd	a0,8(a1)
    80001408:	fc843503          	ld	a0,-56(s0)
    8000140c:	fe043583          	ld	a1,-32(s0)
    80001410:	418c                	lw	a1,0(a1)
    80001412:	02b505b3          	mul	a1,a0,a1
    80001416:	fd843503          	ld	a0,-40(s0)
    8000141a:	058a                	slli	a1,a1,0x2
    8000141c:	952e                	add	a0,a0,a1
    8000141e:	fca43c23          	sd	a0,-40(s0)
    80001422:	fd843503          	ld	a0,-40(s0)
    80001426:	fe843583          	ld	a1,-24(s0)
    8000142a:	ed88                	sd	a0,24(a1)
    8000142c:	fc843503          	ld	a0,-56(s0)
    80001430:	fe043583          	ld	a1,-32(s0)
    80001434:	4190                	lw	a2,0(a1)
    80001436:	02c50533          	mul	a0,a0,a2
    8000143a:	45cc                	lw	a1,12(a1)
    8000143c:	fd042603          	lw	a2,-48(s0)
    80001440:	02c585bb          	mulw	a1,a1,a2
    80001444:	02b505b3          	mul	a1,a0,a1
    80001448:	fd843503          	ld	a0,-40(s0)
    8000144c:	058a                	slli	a1,a1,0x2
    8000144e:	952e                	add	a0,a0,a1
    80001450:	fca43c23          	sd	a0,-40(s0)
    80001454:	fd843503          	ld	a0,-40(s0)
    80001458:	fe843583          	ld	a1,-24(s0)
    8000145c:	f188                	sd	a0,32(a1)
    8000145e:	fc843503          	ld	a0,-56(s0)
    80001462:	fe043583          	ld	a1,-32(s0)
    80001466:	4190                	lw	a2,0(a1)
    80001468:	02c50533          	mul	a0,a0,a2
    8000146c:	498c                	lw	a1,16(a1)
    8000146e:	fd042603          	lw	a2,-48(s0)
    80001472:	02c585bb          	mulw	a1,a1,a2
    80001476:	02b505b3          	mul	a1,a0,a1
    8000147a:	fd843503          	ld	a0,-40(s0)
    8000147e:	058a                	slli	a1,a1,0x2
    80001480:	952e                	add	a0,a0,a1
    80001482:	fca43c23          	sd	a0,-40(s0)
    80001486:	fd843503          	ld	a0,-40(s0)
    8000148a:	fe843583          	ld	a1,-24(s0)
    8000148e:	f588                	sd	a0,40(a1)
    80001490:	fc843503          	ld	a0,-56(s0)
    80001494:	fe043583          	ld	a1,-32(s0)
    80001498:	4190                	lw	a2,0(a1)
    8000149a:	02c50533          	mul	a0,a0,a2
    8000149e:	498c                	lw	a1,16(a1)
    800014a0:	fd042603          	lw	a2,-48(s0)
    800014a4:	02c585bb          	mulw	a1,a1,a2
    800014a8:	02b505b3          	mul	a1,a0,a1
    800014ac:	fd843503          	ld	a0,-40(s0)
    800014b0:	058a                	slli	a1,a1,0x2
    800014b2:	952e                	add	a0,a0,a1
    800014b4:	fca43c23          	sd	a0,-40(s0)
    800014b8:	fd843503          	ld	a0,-40(s0)
    800014bc:	fe843583          	ld	a1,-24(s0)
    800014c0:	f988                	sd	a0,48(a1)
    800014c2:	fc843503          	ld	a0,-56(s0)
    800014c6:	fe043583          	ld	a1,-32(s0)
    800014ca:	45d0                	lw	a2,12(a1)
    800014cc:	fd042683          	lw	a3,-48(s0)
    800014d0:	02d6063b          	mulw	a2,a2,a3
    800014d4:	02c50533          	mul	a0,a0,a2
    800014d8:	418c                	lw	a1,0(a1)
    800014da:	02b505b3          	mul	a1,a0,a1
    800014de:	fd843503          	ld	a0,-40(s0)
    800014e2:	058a                	slli	a1,a1,0x2
    800014e4:	952e                	add	a0,a0,a1
    800014e6:	fca43c23          	sd	a0,-40(s0)
    800014ea:	fd843503          	ld	a0,-40(s0)
    800014ee:	fe843583          	ld	a1,-24(s0)
    800014f2:	e988                	sd	a0,16(a1)
    800014f4:	fc843503          	ld	a0,-56(s0)
    800014f8:	fe043583          	ld	a1,-32(s0)
    800014fc:	418c                	lw	a1,0(a1)
    800014fe:	02b505b3          	mul	a1,a0,a1
    80001502:	fd843503          	ld	a0,-40(s0)
    80001506:	058a                	slli	a1,a1,0x2
    80001508:	952e                	add	a0,a0,a1
    8000150a:	fca43c23          	sd	a0,-40(s0)
    8000150e:	fd843503          	ld	a0,-40(s0)
    80001512:	fe843583          	ld	a1,-24(s0)
    80001516:	fd88                	sd	a0,56(a1)
    80001518:	fc843503          	ld	a0,-56(s0)
    8000151c:	fe043583          	ld	a1,-32(s0)
    80001520:	4190                	lw	a2,0(a1)
    80001522:	02c50533          	mul	a0,a0,a2
    80001526:	41cc                	lw	a1,4(a1)
    80001528:	02b505b3          	mul	a1,a0,a1
    8000152c:	fd843503          	ld	a0,-40(s0)
    80001530:	058a                	slli	a1,a1,0x2
    80001532:	952e                	add	a0,a0,a1
    80001534:	fca43c23          	sd	a0,-40(s0)
    80001538:	fd843503          	ld	a0,-40(s0)
    8000153c:	fe843583          	ld	a1,-24(s0)
    80001540:	e1a8                	sd	a0,64(a1)
    80001542:	fc843503          	ld	a0,-56(s0)
    80001546:	fe043583          	ld	a1,-32(s0)
    8000154a:	41d0                	lw	a2,4(a1)
    8000154c:	02c50533          	mul	a0,a0,a2
    80001550:	418c                	lw	a1,0(a1)
    80001552:	02b505b3          	mul	a1,a0,a1
    80001556:	fd843503          	ld	a0,-40(s0)
    8000155a:	058a                	slli	a1,a1,0x2
    8000155c:	952e                	add	a0,a0,a1
    8000155e:	fca43c23          	sd	a0,-40(s0)
    80001562:	fd843503          	ld	a0,-40(s0)
    80001566:	fe843583          	ld	a1,-24(s0)
    8000156a:	e5a8                	sd	a0,72(a1)
    8000156c:	fc843503          	ld	a0,-56(s0)
    80001570:	fe043583          	ld	a1,-32(s0)
    80001574:	4190                	lw	a2,0(a1)
    80001576:	02c50533          	mul	a0,a0,a2
    8000157a:	41cc                	lw	a1,4(a1)
    8000157c:	02b505b3          	mul	a1,a0,a1
    80001580:	fd843503          	ld	a0,-40(s0)
    80001584:	058a                	slli	a1,a1,0x2
    80001586:	952e                	add	a0,a0,a1
    80001588:	fca43c23          	sd	a0,-40(s0)
    8000158c:	fd843503          	ld	a0,-40(s0)
    80001590:	fe843583          	ld	a1,-24(s0)
    80001594:	e9a8                	sd	a0,80(a1)
    80001596:	fe043503          	ld	a0,-32(s0)
    8000159a:	410c                	lw	a1,0(a0)
    8000159c:	fd843503          	ld	a0,-40(s0)
    800015a0:	058a                	slli	a1,a1,0x2
    800015a2:	952e                	add	a0,a0,a1
    800015a4:	fca43c23          	sd	a0,-40(s0)
    800015a8:	fe043503          	ld	a0,-32(s0)
    800015ac:	4d08                	lw	a0,24(a0)
    800015ae:	fd042583          	lw	a1,-48(s0)
    800015b2:	02b5053b          	mulw	a0,a0,a1
    800015b6:	01f5559b          	srliw	a1,a0,0x1f
    800015ba:	9da9                	addw	a1,a1,a0
    800015bc:	fd843503          	ld	a0,-40(s0)
    800015c0:	0586                	slli	a1,a1,0x1
    800015c2:	99f1                	andi	a1,a1,-4
    800015c4:	952e                	add	a0,a0,a1
    800015c6:	fca43c23          	sd	a0,-40(s0)
    800015ca:	fe043503          	ld	a0,-32(s0)
    800015ce:	4d08                	lw	a0,24(a0)
    800015d0:	fd042583          	lw	a1,-48(s0)
    800015d4:	02b5053b          	mulw	a0,a0,a1
    800015d8:	01f5559b          	srliw	a1,a0,0x1f
    800015dc:	9da9                	addw	a1,a1,a0
    800015de:	fd843503          	ld	a0,-40(s0)
    800015e2:	0586                	slli	a1,a1,0x1
    800015e4:	99f1                	andi	a1,a1,-4
    800015e6:	952e                	add	a0,a0,a1
    800015e8:	fca43c23          	sd	a0,-40(s0)
    800015ec:	fd442503          	lw	a0,-44(s0)
    800015f0:	c901                	beqz	a0,80001600 <memory_map_weights+0x256>
    800015f2:	a009                	j	800015f4 <memory_map_weights+0x24a>
    800015f4:	fe843503          	ld	a0,-24(s0)
    800015f8:	6108                	ld	a0,0(a0)
    800015fa:	fca43023          	sd	a0,-64(s0)
    800015fe:	a031                	j	8000160a <memory_map_weights+0x260>
    80001600:	fd843503          	ld	a0,-40(s0)
    80001604:	fca43023          	sd	a0,-64(s0)
    80001608:	a009                	j	8000160a <memory_map_weights+0x260>
    8000160a:	fc043503          	ld	a0,-64(s0)
    8000160e:	fe843583          	ld	a1,-24(s0)
    80001612:	eda8                	sd	a0,88(a1)
    80001614:	fc040113          	addi	sp,s0,-64
    80001618:	70e2                	ld	ra,56(sp)
    8000161a:	7442                	ld	s0,48(sp)
    8000161c:	6121                	addi	sp,sp,64
    8000161e:	8082                	ret

0000000080001620 <free_transformer>:
    80001620:	1101                	addi	sp,sp,-32
    80001622:	ec06                	sd	ra,24(sp)
    80001624:	e822                	sd	s0,16(sp)
    80001626:	1000                	addi	s0,sp,32
    80001628:	fea43423          	sd	a0,-24(s0)
    8000162c:	fe843503          	ld	a0,-24(s0)
    80001630:	0c850513          	addi	a0,a0,200
    80001634:	d5fff0ef          	jal	80001392 <free_run_state>
    80001638:	fe040113          	addi	sp,s0,-32
    8000163c:	60e2                	ld	ra,24(sp)
    8000163e:	6442                	ld	s0,16(sp)
    80001640:	6105                	addi	sp,sp,32
    80001642:	8082                	ret

0000000080001644 <rmsnorm>:
    80001644:	7139                	addi	sp,sp,-64
    80001646:	fc06                	sd	ra,56(sp)
    80001648:	f822                	sd	s0,48(sp)
    8000164a:	0080                	addi	s0,sp,64
    8000164c:	fea43423          	sd	a0,-24(s0)
    80001650:	feb43023          	sd	a1,-32(s0)
    80001654:	fcc43c23          	sd	a2,-40(s0)
    80001658:	fcd42a23          	sw	a3,-44(s0)
    8000165c:	4501                	li	a0,0
    8000165e:	fca42823          	sw	a0,-48(s0)
    80001662:	fca42623          	sw	a0,-52(s0)
    80001666:	a009                	j	80001668 <rmsnorm+0x24>
    80001668:	fcc42503          	lw	a0,-52(s0)
    8000166c:	fd442583          	lw	a1,-44(s0)
    80001670:	02b55863          	bge	a0,a1,800016a0 <rmsnorm+0x5c>
    80001674:	a009                	j	80001676 <rmsnorm+0x32>
    80001676:	fe043503          	ld	a0,-32(s0)
    8000167a:	fcc42583          	lw	a1,-52(s0)
    8000167e:	058a                	slli	a1,a1,0x2
    80001680:	952e                	add	a0,a0,a1
    80001682:	00052787          	flw	fa5,0(a0)
    80001686:	fd042707          	flw	fa4,-48(s0)
    8000168a:	70f7f7c3          	fmadd.s	fa5,fa5,fa5,fa4
    8000168e:	fcf42827          	fsw	fa5,-48(s0)
    80001692:	a009                	j	80001694 <rmsnorm+0x50>
    80001694:	fcc42503          	lw	a0,-52(s0)
    80001698:	2505                	addiw	a0,a0,1
    8000169a:	fca42623          	sw	a0,-52(s0)
    8000169e:	b7e9                	j	80001668 <rmsnorm+0x24>
    800016a0:	fd442503          	lw	a0,-44(s0)
    800016a4:	d0057753          	fcvt.s.w	fa4,a0
    800016a8:	fd042787          	flw	fa5,-48(s0)
    800016ac:	18e7f7d3          	fdiv.s	fa5,fa5,fa4
    800016b0:	fcf42827          	fsw	fa5,-48(s0)
    800016b4:	fd042787          	flw	fa5,-48(s0)
    800016b8:	00004517          	auipc	a0,0x4
    800016bc:	d5450513          	addi	a0,a0,-684 # 8000540c <matrix_kernel_qmatmul_f32_noblk+0x226>
    800016c0:	00052707          	flw	fa4,0(a0)
    800016c4:	00e7f7d3          	fadd.s	fa5,fa5,fa4
    800016c8:	fcf42827          	fsw	fa5,-48(s0)
    800016cc:	fd042507          	flw	fa0,-48(s0)
    800016d0:	e72ff0ef          	jal	80000d42 <sqrtf>
    800016d4:	3f800537          	lui	a0,0x3f800
    800016d8:	f00507d3          	fmv.w.x	fa5,a0
    800016dc:	18a7f7d3          	fdiv.s	fa5,fa5,fa0
    800016e0:	fcf42827          	fsw	fa5,-48(s0)
    800016e4:	4501                	li	a0,0
    800016e6:	fca42423          	sw	a0,-56(s0)
    800016ea:	a009                	j	800016ec <rmsnorm+0xa8>
    800016ec:	fc842503          	lw	a0,-56(s0)
    800016f0:	fd442583          	lw	a1,-44(s0)
    800016f4:	04b55263          	bge	a0,a1,80001738 <rmsnorm+0xf4>
    800016f8:	a009                	j	800016fa <rmsnorm+0xb6>
    800016fa:	fd843503          	ld	a0,-40(s0)
    800016fe:	fc842583          	lw	a1,-56(s0)
    80001702:	058a                	slli	a1,a1,0x2
    80001704:	952e                	add	a0,a0,a1
    80001706:	00052787          	flw	fa5,0(a0) # 3f800000 <UART0_BASE+0x2f800000>
    8000170a:	fd042707          	flw	fa4,-48(s0)
    8000170e:	fe043503          	ld	a0,-32(s0)
    80001712:	952e                	add	a0,a0,a1
    80001714:	00052687          	flw	fa3,0(a0)
    80001718:	10d77753          	fmul.s	fa4,fa4,fa3
    8000171c:	10e7f7d3          	fmul.s	fa5,fa5,fa4
    80001720:	fe843503          	ld	a0,-24(s0)
    80001724:	952e                	add	a0,a0,a1
    80001726:	00f52027          	fsw	fa5,0(a0)
    8000172a:	a009                	j	8000172c <rmsnorm+0xe8>
    8000172c:	fc842503          	lw	a0,-56(s0)
    80001730:	2505                	addiw	a0,a0,1
    80001732:	fca42423          	sw	a0,-56(s0)
    80001736:	bf5d                	j	800016ec <rmsnorm+0xa8>
    80001738:	fc040113          	addi	sp,s0,-64
    8000173c:	70e2                	ld	ra,56(sp)
    8000173e:	7442                	ld	s0,48(sp)
    80001740:	6121                	addi	sp,sp,64
    80001742:	8082                	ret

0000000080001744 <softmax>:
    80001744:	7139                	addi	sp,sp,-64
    80001746:	fc06                	sd	ra,56(sp)
    80001748:	f822                	sd	s0,48(sp)
    8000174a:	0080                	addi	s0,sp,64
    8000174c:	fea43423          	sd	a0,-24(s0)
    80001750:	feb42223          	sw	a1,-28(s0)
    80001754:	fe843503          	ld	a0,-24(s0)
    80001758:	00052787          	flw	fa5,0(a0)
    8000175c:	fef42027          	fsw	fa5,-32(s0)
    80001760:	4505                	li	a0,1
    80001762:	fca42e23          	sw	a0,-36(s0)
    80001766:	a009                	j	80001768 <softmax+0x24>
    80001768:	fdc42503          	lw	a0,-36(s0)
    8000176c:	fe442583          	lw	a1,-28(s0)
    80001770:	04b55363          	bge	a0,a1,800017b6 <softmax+0x72>
    80001774:	a009                	j	80001776 <softmax+0x32>
    80001776:	fe843503          	ld	a0,-24(s0)
    8000177a:	fdc42583          	lw	a1,-36(s0)
    8000177e:	058a                	slli	a1,a1,0x2
    80001780:	952e                	add	a0,a0,a1
    80001782:	00052707          	flw	fa4,0(a0)
    80001786:	fe042787          	flw	fa5,-32(s0)
    8000178a:	a0e79553          	flt.s	a0,fa5,fa4
    8000178e:	cd09                	beqz	a0,800017a8 <softmax+0x64>
    80001790:	a009                	j	80001792 <softmax+0x4e>
    80001792:	fe843503          	ld	a0,-24(s0)
    80001796:	fdc42583          	lw	a1,-36(s0)
    8000179a:	058a                	slli	a1,a1,0x2
    8000179c:	952e                	add	a0,a0,a1
    8000179e:	00052787          	flw	fa5,0(a0)
    800017a2:	fef42027          	fsw	fa5,-32(s0)
    800017a6:	a009                	j	800017a8 <softmax+0x64>
    800017a8:	a009                	j	800017aa <softmax+0x66>
    800017aa:	fdc42503          	lw	a0,-36(s0)
    800017ae:	2505                	addiw	a0,a0,1
    800017b0:	fca42e23          	sw	a0,-36(s0)
    800017b4:	bf55                	j	80001768 <softmax+0x24>
    800017b6:	4501                	li	a0,0
    800017b8:	fca42c23          	sw	a0,-40(s0)
    800017bc:	fca42a23          	sw	a0,-44(s0)
    800017c0:	a009                	j	800017c2 <softmax+0x7e>
    800017c2:	fd442503          	lw	a0,-44(s0)
    800017c6:	fe442583          	lw	a1,-28(s0)
    800017ca:	04b55e63          	bge	a0,a1,80001826 <softmax+0xe2>
    800017ce:	a009                	j	800017d0 <softmax+0x8c>
    800017d0:	fe843503          	ld	a0,-24(s0)
    800017d4:	fd442583          	lw	a1,-44(s0)
    800017d8:	058a                	slli	a1,a1,0x2
    800017da:	952e                	add	a0,a0,a1
    800017dc:	00052787          	flw	fa5,0(a0)
    800017e0:	fe042707          	flw	fa4,-32(s0)
    800017e4:	08e7f553          	fsub.s	fa0,fa5,fa4
    800017e8:	df0ff0ef          	jal	80000dd8 <expf>
    800017ec:	fe843503          	ld	a0,-24(s0)
    800017f0:	fd442583          	lw	a1,-44(s0)
    800017f4:	058a                	slli	a1,a1,0x2
    800017f6:	952e                	add	a0,a0,a1
    800017f8:	00a52027          	fsw	fa0,0(a0)
    800017fc:	fe843503          	ld	a0,-24(s0)
    80001800:	fd442583          	lw	a1,-44(s0)
    80001804:	058a                	slli	a1,a1,0x2
    80001806:	952e                	add	a0,a0,a1
    80001808:	00052707          	flw	fa4,0(a0)
    8000180c:	fd842787          	flw	fa5,-40(s0)
    80001810:	00e7f7d3          	fadd.s	fa5,fa5,fa4
    80001814:	fcf42c27          	fsw	fa5,-40(s0)
    80001818:	a009                	j	8000181a <softmax+0xd6>
    8000181a:	fd442503          	lw	a0,-44(s0)
    8000181e:	2505                	addiw	a0,a0,1
    80001820:	fca42a23          	sw	a0,-44(s0)
    80001824:	bf79                	j	800017c2 <softmax+0x7e>
    80001826:	fd842707          	flw	fa4,-40(s0)
    8000182a:	3f800537          	lui	a0,0x3f800
    8000182e:	f00507d3          	fmv.w.x	fa5,a0
    80001832:	18e7f7d3          	fdiv.s	fa5,fa5,fa4
    80001836:	fcf42827          	fsw	fa5,-48(s0)
    8000183a:	4501                	li	a0,0
    8000183c:	fca42623          	sw	a0,-52(s0)
    80001840:	a009                	j	80001842 <softmax+0xfe>
    80001842:	fcc42503          	lw	a0,-52(s0)
    80001846:	fe442583          	lw	a1,-28(s0)
    8000184a:	02b55863          	bge	a0,a1,8000187a <softmax+0x136>
    8000184e:	a009                	j	80001850 <softmax+0x10c>
    80001850:	fd042707          	flw	fa4,-48(s0)
    80001854:	fe843503          	ld	a0,-24(s0)
    80001858:	fcc42583          	lw	a1,-52(s0)
    8000185c:	058a                	slli	a1,a1,0x2
    8000185e:	952e                	add	a0,a0,a1
    80001860:	00052787          	flw	fa5,0(a0) # 3f800000 <UART0_BASE+0x2f800000>
    80001864:	10e7f7d3          	fmul.s	fa5,fa5,fa4
    80001868:	00f52027          	fsw	fa5,0(a0)
    8000186c:	a009                	j	8000186e <softmax+0x12a>
    8000186e:	fcc42503          	lw	a0,-52(s0)
    80001872:	2505                	addiw	a0,a0,1
    80001874:	fca42623          	sw	a0,-52(s0)
    80001878:	b7e9                	j	80001842 <softmax+0xfe>
    8000187a:	fc040113          	addi	sp,s0,-64
    8000187e:	70e2                	ld	ra,56(sp)
    80001880:	7442                	ld	s0,48(sp)
    80001882:	6121                	addi	sp,sp,64
    80001884:	8082                	ret

0000000080001886 <matmul>:
    80001886:	715d                	addi	sp,sp,-80
    80001888:	e486                	sd	ra,72(sp)
    8000188a:	e0a2                	sd	s0,64(sp)
    8000188c:	0880                	addi	s0,sp,80
    8000188e:	fea43423          	sd	a0,-24(s0)
    80001892:	feb43023          	sd	a1,-32(s0)
    80001896:	fcc43c23          	sd	a2,-40(s0)
    8000189a:	fcd42a23          	sw	a3,-44(s0)
    8000189e:	fce42823          	sw	a4,-48(s0)
    800018a2:	4501                	li	a0,0
    800018a4:	fca42623          	sw	a0,-52(s0)
    800018a8:	a009                	j	800018aa <matmul+0x24>
    800018aa:	fcc42503          	lw	a0,-52(s0)
    800018ae:	fd042583          	lw	a1,-48(s0)
    800018b2:	08b55763          	bge	a0,a1,80001940 <matmul+0xba>
    800018b6:	a009                	j	800018b8 <matmul+0x32>
    800018b8:	4501                	li	a0,0
    800018ba:	fca42423          	sw	a0,-56(s0)
    800018be:	fd843583          	ld	a1,-40(s0)
    800018c2:	fcc42603          	lw	a2,-52(s0)
    800018c6:	fd442683          	lw	a3,-44(s0)
    800018ca:	02d6063b          	mulw	a2,a2,a3
    800018ce:	060a                	slli	a2,a2,0x2
    800018d0:	95b2                	add	a1,a1,a2
    800018d2:	fcb43023          	sd	a1,-64(s0)
    800018d6:	faa42e23          	sw	a0,-68(s0)
    800018da:	a009                	j	800018dc <matmul+0x56>
    800018dc:	fbc42503          	lw	a0,-68(s0)
    800018e0:	fd442583          	lw	a1,-44(s0)
    800018e4:	02b55d63          	bge	a0,a1,8000191e <matmul+0x98>
    800018e8:	a009                	j	800018ea <matmul+0x64>
    800018ea:	fc043503          	ld	a0,-64(s0)
    800018ee:	fbc42583          	lw	a1,-68(s0)
    800018f2:	058a                	slli	a1,a1,0x2
    800018f4:	952e                	add	a0,a0,a1
    800018f6:	00052787          	flw	fa5,0(a0)
    800018fa:	fe043503          	ld	a0,-32(s0)
    800018fe:	952e                	add	a0,a0,a1
    80001900:	00052707          	flw	fa4,0(a0)
    80001904:	fc842687          	flw	fa3,-56(s0)
    80001908:	68e7f7c3          	fmadd.s	fa5,fa5,fa4,fa3
    8000190c:	fcf42427          	fsw	fa5,-56(s0)
    80001910:	a009                	j	80001912 <matmul+0x8c>
    80001912:	fbc42503          	lw	a0,-68(s0)
    80001916:	2505                	addiw	a0,a0,1
    80001918:	faa42e23          	sw	a0,-68(s0)
    8000191c:	b7c1                	j	800018dc <matmul+0x56>
    8000191e:	fc842787          	flw	fa5,-56(s0)
    80001922:	fe843503          	ld	a0,-24(s0)
    80001926:	fcc42583          	lw	a1,-52(s0)
    8000192a:	058a                	slli	a1,a1,0x2
    8000192c:	952e                	add	a0,a0,a1
    8000192e:	00f52027          	fsw	fa5,0(a0)
    80001932:	a009                	j	80001934 <matmul+0xae>
    80001934:	fcc42503          	lw	a0,-52(s0)
    80001938:	2505                	addiw	a0,a0,1
    8000193a:	fca42623          	sw	a0,-52(s0)
    8000193e:	b7b5                	j	800018aa <matmul+0x24>
    80001940:	fb040113          	addi	sp,s0,-80
    80001944:	60a6                	ld	ra,72(sp)
    80001946:	6406                	ld	s0,64(sp)
    80001948:	6161                	addi	sp,sp,80
    8000194a:	8082                	ret

000000008000194c <forward>:
    8000194c:	7169                	addi	sp,sp,-304
    8000194e:	f606                	sd	ra,296(sp)
    80001950:	f222                	sd	s0,288(sp)
    80001952:	1a00                	addi	s0,sp,304
    80001954:	fea43423          	sd	a0,-24(s0)
    80001958:	feb42223          	sw	a1,-28(s0)
    8000195c:	fec42023          	sw	a2,-32(s0)
    80001960:	00004517          	auipc	a0,0x4
    80001964:	c2850513          	addi	a0,a0,-984 # 80005588 <matrix_kernel_qmatmul_f32_noblk+0x3a2>
    80001968:	754030ef          	jal	800050bc <print_uart>
    8000196c:	fe843503          	ld	a0,-24(s0)
    80001970:	fca43c23          	sd	a0,-40(s0)
    80001974:	fe843503          	ld	a0,-24(s0)
    80001978:	02050513          	addi	a0,a0,32
    8000197c:	fca43823          	sd	a0,-48(s0)
    80001980:	fe843503          	ld	a0,-24(s0)
    80001984:	0c850513          	addi	a0,a0,200
    80001988:	fca43423          	sd	a0,-56(s0)
    8000198c:	fc843503          	ld	a0,-56(s0)
    80001990:	6108                	ld	a0,0(a0)
    80001992:	fca43023          	sd	a0,-64(s0)
    80001996:	fd843503          	ld	a0,-40(s0)
    8000199a:	4108                	lw	a0,0(a0)
    8000199c:	faa42e23          	sw	a0,-68(s0)
    800019a0:	fd843583          	ld	a1,-40(s0)
    800019a4:	4188                	lw	a0,0(a1)
    800019a6:	4990                	lw	a2,16(a1)
    800019a8:	02c5053b          	mulw	a0,a0,a2
    800019ac:	45cc                	lw	a1,12(a1)
    800019ae:	02b5453b          	divw	a0,a0,a1
    800019b2:	faa42c23          	sw	a0,-72(s0)
    800019b6:	fd843583          	ld	a1,-40(s0)
    800019ba:	45c8                	lw	a0,12(a1)
    800019bc:	498c                	lw	a1,16(a1)
    800019be:	02b5453b          	divw	a0,a0,a1
    800019c2:	faa42a23          	sw	a0,-76(s0)
    800019c6:	fd843503          	ld	a0,-40(s0)
    800019ca:	4148                	lw	a0,4(a0)
    800019cc:	faa42823          	sw	a0,-80(s0)
    800019d0:	fbc42503          	lw	a0,-68(s0)
    800019d4:	fd843583          	ld	a1,-40(s0)
    800019d8:	45cc                	lw	a1,12(a1)
    800019da:	02b5453b          	divw	a0,a0,a1
    800019de:	faa42623          	sw	a0,-84(s0)
    800019e2:	fd043503          	ld	a0,-48(s0)
    800019e6:	6108                	ld	a0,0(a0)
    800019e8:	fe442583          	lw	a1,-28(s0)
    800019ec:	fbc42603          	lw	a2,-68(s0)
    800019f0:	02c585bb          	mulw	a1,a1,a2
    800019f4:	058a                	slli	a1,a1,0x2
    800019f6:	952e                	add	a0,a0,a1
    800019f8:	faa43023          	sd	a0,-96(s0)
    800019fc:	fc043503          	ld	a0,-64(s0)
    80001a00:	fa043583          	ld	a1,-96(s0)
    80001a04:	fbc42603          	lw	a2,-68(s0)
    80001a08:	060a                	slli	a2,a2,0x2
    80001a0a:	fe8fe0ef          	jal	800001f2 <memcpy>
    80001a0e:	4501                	li	a0,0
    80001a10:	f8a43c23          	sd	a0,-104(s0)
    80001a14:	a009                	j	80001a16 <forward+0xca>
    80001a16:	f9843503          	ld	a0,-104(s0)
    80001a1a:	fd843583          	ld	a1,-40(s0)
    80001a1e:	458c                	lw	a1,8(a1)
    80001a20:	00b57ee3          	bgeu	a0,a1,8000223c <forward+0x8f0>
    80001a24:	a009                	j	80001a26 <forward+0xda>
    80001a26:	00004517          	auipc	a0,0x4
    80001a2a:	ae750513          	addi	a0,a0,-1305 # 8000550d <matrix_kernel_qmatmul_f32_noblk+0x327>
    80001a2e:	68e030ef          	jal	800050bc <print_uart>
    80001a32:	fc843503          	ld	a0,-56(s0)
    80001a36:	6508                	ld	a0,8(a0)
    80001a38:	fc043583          	ld	a1,-64(s0)
    80001a3c:	fd043603          	ld	a2,-48(s0)
    80001a40:	6610                	ld	a2,8(a2)
    80001a42:	f9843703          	ld	a4,-104(s0)
    80001a46:	fbc42683          	lw	a3,-68(s0)
    80001a4a:	02d70733          	mul	a4,a4,a3
    80001a4e:	070a                	slli	a4,a4,0x2
    80001a50:	963a                	add	a2,a2,a4
    80001a52:	bf3ff0ef          	jal	80001644 <rmsnorm>
    80001a56:	f9843503          	ld	a0,-104(s0)
    80001a5a:	fd843583          	ld	a1,-40(s0)
    80001a5e:	4d8c                	lw	a1,24(a1)
    80001a60:	02b5053b          	mulw	a0,a0,a1
    80001a64:	fb842583          	lw	a1,-72(s0)
    80001a68:	02b5053b          	mulw	a0,a0,a1
    80001a6c:	f8a42a23          	sw	a0,-108(s0)
    80001a70:	fc843503          	ld	a0,-56(s0)
    80001a74:	7928                	ld	a0,112(a0)
    80001a76:	f9442583          	lw	a1,-108(s0)
    80001a7a:	058a                	slli	a1,a1,0x2
    80001a7c:	952e                	add	a0,a0,a1
    80001a7e:	f8a43423          	sd	a0,-120(s0)
    80001a82:	fc843503          	ld	a0,-56(s0)
    80001a86:	7d28                	ld	a0,120(a0)
    80001a88:	f9442583          	lw	a1,-108(s0)
    80001a8c:	058a                	slli	a1,a1,0x2
    80001a8e:	952e                	add	a0,a0,a1
    80001a90:	f8a43023          	sd	a0,-128(s0)
    80001a94:	f8843503          	ld	a0,-120(s0)
    80001a98:	fe042583          	lw	a1,-32(s0)
    80001a9c:	fb842603          	lw	a2,-72(s0)
    80001aa0:	02c585bb          	mulw	a1,a1,a2
    80001aa4:	058a                	slli	a1,a1,0x2
    80001aa6:	952e                	add	a0,a0,a1
    80001aa8:	f6a43c23          	sd	a0,-136(s0)
    80001aac:	f8043503          	ld	a0,-128(s0)
    80001ab0:	fe042583          	lw	a1,-32(s0)
    80001ab4:	fb842603          	lw	a2,-72(s0)
    80001ab8:	02c585bb          	mulw	a1,a1,a2
    80001abc:	058a                	slli	a1,a1,0x2
    80001abe:	952e                	add	a0,a0,a1
    80001ac0:	f6a43823          	sd	a0,-144(s0)
    80001ac4:	00004517          	auipc	a0,0x4
    80001ac8:	b4050513          	addi	a0,a0,-1216 # 80005604 <matrix_kernel_qmatmul_f32_noblk+0x41e>
    80001acc:	5f0030ef          	jal	800050bc <print_uart>
    80001ad0:	fc843583          	ld	a1,-56(s0)
    80001ad4:	02858513          	addi	a0,a1,40
    80001ad8:	658c                	ld	a1,8(a1)
    80001ada:	fbc42603          	lw	a2,-68(s0)
    80001ade:	b55fe0ef          	jal	80000632 <quantize>
    80001ae2:	00004517          	auipc	a0,0x4
    80001ae6:	96f50513          	addi	a0,a0,-1681 # 80005451 <matrix_kernel_qmatmul_f32_noblk+0x26b>
    80001aea:	5d2030ef          	jal	800050bc <print_uart>
    80001aee:	a009                	j	80001af0 <forward+0x1a4>
    80001af0:	f9842583          	lw	a1,-104(s0)
    80001af4:	00004517          	auipc	a0,0x4
    80001af8:	a0150513          	addi	a0,a0,-1535 # 800054f5 <matrix_kernel_qmatmul_f32_noblk+0x30f>
    80001afc:	7aa000ef          	jal	800022a6 <matrix_kernel_debug_set_context>
    80001b00:	fc843583          	ld	a1,-56(s0)
    80001b04:	65a8                	ld	a0,72(a1)
    80001b06:	02858593          	addi	a1,a1,40
    80001b0a:	fd043603          	ld	a2,-48(s0)
    80001b0e:	7230                	ld	a2,96(a2)
    80001b10:	f9843683          	ld	a3,-104(s0)
    80001b14:	0692                	slli	a3,a3,0x4
    80001b16:	9636                	add	a2,a2,a3
    80001b18:	fbc42703          	lw	a4,-68(s0)
    80001b1c:	86ba                	mv	a3,a4
    80001b1e:	7e0000ef          	jal	800022fe <matmul_q>
    80001b22:	a009                	j	80001b24 <forward+0x1d8>
    80001b24:	a009                	j	80001b26 <forward+0x1da>
    80001b26:	f9842583          	lw	a1,-104(s0)
    80001b2a:	00004517          	auipc	a0,0x4
    80001b2e:	93c50513          	addi	a0,a0,-1732 # 80005466 <matrix_kernel_qmatmul_f32_noblk+0x280>
    80001b32:	774000ef          	jal	800022a6 <matrix_kernel_debug_set_context>
    80001b36:	fc843583          	ld	a1,-56(s0)
    80001b3a:	69a8                	ld	a0,80(a1)
    80001b3c:	02858593          	addi	a1,a1,40
    80001b40:	fd043603          	ld	a2,-48(s0)
    80001b44:	7630                	ld	a2,104(a2)
    80001b46:	f9843683          	ld	a3,-104(s0)
    80001b4a:	0692                	slli	a3,a3,0x4
    80001b4c:	9636                	add	a2,a2,a3
    80001b4e:	fbc42683          	lw	a3,-68(s0)
    80001b52:	fb842703          	lw	a4,-72(s0)
    80001b56:	7a8000ef          	jal	800022fe <matmul_q>
    80001b5a:	a009                	j	80001b5c <forward+0x210>
    80001b5c:	a009                	j	80001b5e <forward+0x212>
    80001b5e:	f9842583          	lw	a1,-104(s0)
    80001b62:	00004517          	auipc	a0,0x4
    80001b66:	a7750513          	addi	a0,a0,-1417 # 800055d9 <matrix_kernel_qmatmul_f32_noblk+0x3f3>
    80001b6a:	73c000ef          	jal	800022a6 <matrix_kernel_debug_set_context>
    80001b6e:	fc843583          	ld	a1,-56(s0)
    80001b72:	6da8                	ld	a0,88(a1)
    80001b74:	02858593          	addi	a1,a1,40
    80001b78:	fd043603          	ld	a2,-48(s0)
    80001b7c:	7a30                	ld	a2,112(a2)
    80001b7e:	f9843683          	ld	a3,-104(s0)
    80001b82:	0692                	slli	a3,a3,0x4
    80001b84:	9636                	add	a2,a2,a3
    80001b86:	fbc42683          	lw	a3,-68(s0)
    80001b8a:	fb842703          	lw	a4,-72(s0)
    80001b8e:	770000ef          	jal	800022fe <matmul_q>
    80001b92:	a009                	j	80001b94 <forward+0x248>
    80001b94:	4501                	li	a0,0
    80001b96:	f6a42623          	sw	a0,-148(s0)
    80001b9a:	a009                	j	80001b9c <forward+0x250>
    80001b9c:	f6c42503          	lw	a0,-148(s0)
    80001ba0:	fbc42583          	lw	a1,-68(s0)
    80001ba4:	18b55663          	bge	a0,a1,80001d30 <forward+0x3e4>
    80001ba8:	a009                	j	80001baa <forward+0x25e>
    80001baa:	f6c42503          	lw	a0,-148(s0)
    80001bae:	fac42583          	lw	a1,-84(s0)
    80001bb2:	02b5653b          	remw	a0,a0,a1
    80001bb6:	d00577d3          	fcvt.s.w	fa5,a0
    80001bba:	f6f42427          	fsw	fa5,-152(s0)
    80001bbe:	f6842787          	flw	fa5,-152(s0)
    80001bc2:	fac42503          	lw	a0,-84(s0)
    80001bc6:	d0057753          	fcvt.s.w	fa4,a0
    80001bca:	18e7f7d3          	fdiv.s	fa5,fa5,fa4
    80001bce:	00004517          	auipc	a0,0x4
    80001bd2:	80e50513          	addi	a0,a0,-2034 # 800053dc <matrix_kernel_qmatmul_f32_noblk+0x1f6>
    80001bd6:	00052707          	flw	fa4,0(a0)
    80001bda:	10e7f553          	fmul.s	fa0,fa5,fa4
    80001bde:	9faff0ef          	jal	80000dd8 <expf>
    80001be2:	f6a42227          	fsw	fa0,-156(s0)
    80001be6:	fe042503          	lw	a0,-32(s0)
    80001bea:	d00577d3          	fcvt.s.w	fa5,a0
    80001bee:	f6442707          	flw	fa4,-156(s0)
    80001bf2:	10e7f7d3          	fmul.s	fa5,fa5,fa4
    80001bf6:	f6f42027          	fsw	fa5,-160(s0)
    80001bfa:	f6042507          	flw	fa0,-160(s0)
    80001bfe:	c7aff0ef          	jal	80001078 <cosf>
    80001c02:	f4a42e27          	fsw	fa0,-164(s0)
    80001c06:	f6042507          	flw	fa0,-160(s0)
    80001c0a:	afeff0ef          	jal	80000f08 <sinf>
    80001c0e:	f4a42c27          	fsw	fa0,-168(s0)
    80001c12:	fc843503          	ld	a0,-56(s0)
    80001c16:	6528                	ld	a0,72(a0)
    80001c18:	f6c42583          	lw	a1,-148(s0)
    80001c1c:	058a                	slli	a1,a1,0x2
    80001c1e:	952e                	add	a0,a0,a1
    80001c20:	00052787          	flw	fa5,0(a0)
    80001c24:	f4f42a27          	fsw	fa5,-172(s0)
    80001c28:	fc843503          	ld	a0,-56(s0)
    80001c2c:	652c                	ld	a1,72(a0)
    80001c2e:	f6c42503          	lw	a0,-148(s0)
    80001c32:	050a                	slli	a0,a0,0x2
    80001c34:	952e                	add	a0,a0,a1
    80001c36:	00452787          	flw	fa5,4(a0)
    80001c3a:	f4f42827          	fsw	fa5,-176(s0)
    80001c3e:	f5442787          	flw	fa5,-172(s0)
    80001c42:	f5c42707          	flw	fa4,-164(s0)
    80001c46:	f5042687          	flw	fa3,-176(s0)
    80001c4a:	f5842607          	flw	fa2,-168(s0)
    80001c4e:	10c6f6d3          	fmul.s	fa3,fa3,fa2
    80001c52:	68e7f7c7          	fmsub.s	fa5,fa5,fa4,fa3
    80001c56:	fc843503          	ld	a0,-56(s0)
    80001c5a:	6528                	ld	a0,72(a0)
    80001c5c:	f6c42583          	lw	a1,-148(s0)
    80001c60:	058a                	slli	a1,a1,0x2
    80001c62:	952e                	add	a0,a0,a1
    80001c64:	00f52027          	fsw	fa5,0(a0)
    80001c68:	f5442787          	flw	fa5,-172(s0)
    80001c6c:	f5842707          	flw	fa4,-168(s0)
    80001c70:	f5042687          	flw	fa3,-176(s0)
    80001c74:	f5c42607          	flw	fa2,-164(s0)
    80001c78:	10c6f6d3          	fmul.s	fa3,fa3,fa2
    80001c7c:	68e7f7c3          	fmadd.s	fa5,fa5,fa4,fa3
    80001c80:	fc843503          	ld	a0,-56(s0)
    80001c84:	652c                	ld	a1,72(a0)
    80001c86:	f6c42503          	lw	a0,-148(s0)
    80001c8a:	050a                	slli	a0,a0,0x2
    80001c8c:	952e                	add	a0,a0,a1
    80001c8e:	00f52227          	fsw	fa5,4(a0)
    80001c92:	f6c42503          	lw	a0,-148(s0)
    80001c96:	fb842583          	lw	a1,-72(s0)
    80001c9a:	08b55463          	bge	a0,a1,80001d22 <forward+0x3d6>
    80001c9e:	a009                	j	80001ca0 <forward+0x354>
    80001ca0:	fc843503          	ld	a0,-56(s0)
    80001ca4:	6928                	ld	a0,80(a0)
    80001ca6:	f6c42583          	lw	a1,-148(s0)
    80001caa:	058a                	slli	a1,a1,0x2
    80001cac:	952e                	add	a0,a0,a1
    80001cae:	00052787          	flw	fa5,0(a0)
    80001cb2:	f4f42627          	fsw	fa5,-180(s0)
    80001cb6:	fc843503          	ld	a0,-56(s0)
    80001cba:	692c                	ld	a1,80(a0)
    80001cbc:	f6c42503          	lw	a0,-148(s0)
    80001cc0:	050a                	slli	a0,a0,0x2
    80001cc2:	952e                	add	a0,a0,a1
    80001cc4:	00452787          	flw	fa5,4(a0)
    80001cc8:	f4f42427          	fsw	fa5,-184(s0)
    80001ccc:	f4c42787          	flw	fa5,-180(s0)
    80001cd0:	f5c42707          	flw	fa4,-164(s0)
    80001cd4:	f4842687          	flw	fa3,-184(s0)
    80001cd8:	f5842607          	flw	fa2,-168(s0)
    80001cdc:	10c6f6d3          	fmul.s	fa3,fa3,fa2
    80001ce0:	68e7f7c7          	fmsub.s	fa5,fa5,fa4,fa3
    80001ce4:	fc843503          	ld	a0,-56(s0)
    80001ce8:	6928                	ld	a0,80(a0)
    80001cea:	f6c42583          	lw	a1,-148(s0)
    80001cee:	058a                	slli	a1,a1,0x2
    80001cf0:	952e                	add	a0,a0,a1
    80001cf2:	00f52027          	fsw	fa5,0(a0)
    80001cf6:	f4c42787          	flw	fa5,-180(s0)
    80001cfa:	f5842707          	flw	fa4,-168(s0)
    80001cfe:	f4842687          	flw	fa3,-184(s0)
    80001d02:	f5c42607          	flw	fa2,-164(s0)
    80001d06:	10c6f6d3          	fmul.s	fa3,fa3,fa2
    80001d0a:	68e7f7c3          	fmadd.s	fa5,fa5,fa4,fa3
    80001d0e:	fc843503          	ld	a0,-56(s0)
    80001d12:	692c                	ld	a1,80(a0)
    80001d14:	f6c42503          	lw	a0,-148(s0)
    80001d18:	050a                	slli	a0,a0,0x2
    80001d1a:	952e                	add	a0,a0,a1
    80001d1c:	00f52227          	fsw	fa5,4(a0)
    80001d20:	a009                	j	80001d22 <forward+0x3d6>
    80001d22:	a009                	j	80001d24 <forward+0x3d8>
    80001d24:	f6c42503          	lw	a0,-148(s0)
    80001d28:	2509                	addiw	a0,a0,2
    80001d2a:	f6a42623          	sw	a0,-148(s0)
    80001d2e:	b5bd                	j	80001b9c <forward+0x250>
    80001d30:	f7843503          	ld	a0,-136(s0)
    80001d34:	fc843583          	ld	a1,-56(s0)
    80001d38:	69ac                	ld	a1,80(a1)
    80001d3a:	fb842603          	lw	a2,-72(s0)
    80001d3e:	060a                	slli	a2,a2,0x2
    80001d40:	cb2fe0ef          	jal	800001f2 <memcpy>
    80001d44:	f7043503          	ld	a0,-144(s0)
    80001d48:	fc843583          	ld	a1,-56(s0)
    80001d4c:	6dac                	ld	a1,88(a1)
    80001d4e:	fb842603          	lw	a2,-72(s0)
    80001d52:	060a                	slli	a2,a2,0x2
    80001d54:	c9efe0ef          	jal	800001f2 <memcpy>
    80001d58:	4501                	li	a0,0
    80001d5a:	f4a42223          	sw	a0,-188(s0)
    80001d5e:	a009                	j	80001d60 <forward+0x414>
    80001d60:	f4442503          	lw	a0,-188(s0)
    80001d64:	fd843583          	ld	a1,-40(s0)
    80001d68:	45cc                	lw	a1,12(a1)
    80001d6a:	26b55963          	bge	a0,a1,80001fdc <forward+0x690>
    80001d6e:	a009                	j	80001d70 <forward+0x424>
    80001d70:	fc843503          	ld	a0,-56(s0)
    80001d74:	6528                	ld	a0,72(a0)
    80001d76:	f4442583          	lw	a1,-188(s0)
    80001d7a:	fac42603          	lw	a2,-84(s0)
    80001d7e:	02c585bb          	mulw	a1,a1,a2
    80001d82:	058a                	slli	a1,a1,0x2
    80001d84:	952e                	add	a0,a0,a1
    80001d86:	f2a43c23          	sd	a0,-200(s0)
    80001d8a:	fc843503          	ld	a0,-56(s0)
    80001d8e:	7128                	ld	a0,96(a0)
    80001d90:	f4442583          	lw	a1,-188(s0)
    80001d94:	fd843603          	ld	a2,-40(s0)
    80001d98:	4e10                	lw	a2,24(a2)
    80001d9a:	02c585bb          	mulw	a1,a1,a2
    80001d9e:	058a                	slli	a1,a1,0x2
    80001da0:	952e                	add	a0,a0,a1
    80001da2:	f2a43823          	sd	a0,-208(s0)
    80001da6:	fac42503          	lw	a0,-84(s0)
    80001daa:	d0057553          	fcvt.s.w	fa0,a0
    80001dae:	f95fe0ef          	jal	80000d42 <sqrtf>
    80001db2:	3f800537          	lui	a0,0x3f800
    80001db6:	f00507d3          	fmv.w.x	fa5,a0
    80001dba:	18a7f7d3          	fdiv.s	fa5,fa5,fa0
    80001dbe:	f2f42627          	fsw	fa5,-212(s0)
    80001dc2:	4501                	li	a0,0
    80001dc4:	f2a42423          	sw	a0,-216(s0)
    80001dc8:	a009                	j	80001dca <forward+0x47e>
    80001dca:	f2842583          	lw	a1,-216(s0)
    80001dce:	fe042503          	lw	a0,-32(s0)
    80001dd2:	0ab54763          	blt	a0,a1,80001e80 <forward+0x534>
    80001dd6:	a009                	j	80001dd8 <forward+0x48c>
    80001dd8:	f8843503          	ld	a0,-120(s0)
    80001ddc:	f2842583          	lw	a1,-216(s0)
    80001de0:	fb842603          	lw	a2,-72(s0)
    80001de4:	02c585bb          	mulw	a1,a1,a2
    80001de8:	058a                	slli	a1,a1,0x2
    80001dea:	952e                	add	a0,a0,a1
    80001dec:	f4442583          	lw	a1,-188(s0)
    80001df0:	fb442603          	lw	a2,-76(s0)
    80001df4:	02c5c5bb          	divw	a1,a1,a2
    80001df8:	fac42603          	lw	a2,-84(s0)
    80001dfc:	02c585bb          	mulw	a1,a1,a2
    80001e00:	058a                	slli	a1,a1,0x2
    80001e02:	952e                	add	a0,a0,a1
    80001e04:	f2a43023          	sd	a0,-224(s0)
    80001e08:	4501                	li	a0,0
    80001e0a:	f0a42e23          	sw	a0,-228(s0)
    80001e0e:	f0a42c23          	sw	a0,-232(s0)
    80001e12:	a009                	j	80001e14 <forward+0x4c8>
    80001e14:	f1842503          	lw	a0,-232(s0)
    80001e18:	fac42583          	lw	a1,-84(s0)
    80001e1c:	02b55d63          	bge	a0,a1,80001e56 <forward+0x50a>
    80001e20:	a009                	j	80001e22 <forward+0x4d6>
    80001e22:	f3843503          	ld	a0,-200(s0)
    80001e26:	f1842583          	lw	a1,-232(s0)
    80001e2a:	058a                	slli	a1,a1,0x2
    80001e2c:	952e                	add	a0,a0,a1
    80001e2e:	00052787          	flw	fa5,0(a0) # 3f800000 <UART0_BASE+0x2f800000>
    80001e32:	f2043503          	ld	a0,-224(s0)
    80001e36:	952e                	add	a0,a0,a1
    80001e38:	00052707          	flw	fa4,0(a0)
    80001e3c:	f1c42687          	flw	fa3,-228(s0)
    80001e40:	68e7f7c3          	fmadd.s	fa5,fa5,fa4,fa3
    80001e44:	f0f42e27          	fsw	fa5,-228(s0)
    80001e48:	a009                	j	80001e4a <forward+0x4fe>
    80001e4a:	f1842503          	lw	a0,-232(s0)
    80001e4e:	2505                	addiw	a0,a0,1
    80001e50:	f0a42c23          	sw	a0,-232(s0)
    80001e54:	b7c1                	j	80001e14 <forward+0x4c8>
    80001e56:	f1c42787          	flw	fa5,-228(s0)
    80001e5a:	f2c42707          	flw	fa4,-212(s0)
    80001e5e:	10e7f7d3          	fmul.s	fa5,fa5,fa4
    80001e62:	f3043503          	ld	a0,-208(s0)
    80001e66:	f2842583          	lw	a1,-216(s0)
    80001e6a:	058a                	slli	a1,a1,0x2
    80001e6c:	952e                	add	a0,a0,a1
    80001e6e:	00f52027          	fsw	fa5,0(a0)
    80001e72:	a009                	j	80001e74 <forward+0x528>
    80001e74:	f2842503          	lw	a0,-216(s0)
    80001e78:	2505                	addiw	a0,a0,1
    80001e7a:	f2a42423          	sw	a0,-216(s0)
    80001e7e:	b7b1                	j	80001dca <forward+0x47e>
    80001e80:	fe042503          	lw	a0,-32(s0)
    80001e84:	2505                	addiw	a0,a0,1
    80001e86:	f0a42a23          	sw	a0,-236(s0)
    80001e8a:	a009                	j	80001e8c <forward+0x540>
    80001e8c:	f1442503          	lw	a0,-236(s0)
    80001e90:	fd843583          	ld	a1,-40(s0)
    80001e94:	4d8c                	lw	a1,24(a1)
    80001e96:	02b55563          	bge	a0,a1,80001ec0 <forward+0x574>
    80001e9a:	a009                	j	80001e9c <forward+0x550>
    80001e9c:	f3043503          	ld	a0,-208(s0)
    80001ea0:	f1442583          	lw	a1,-236(s0)
    80001ea4:	058a                	slli	a1,a1,0x2
    80001ea6:	95aa                	add	a1,a1,a0
    80001ea8:	ce6e7537          	lui	a0,0xce6e7
    80001eac:	b2850513          	addi	a0,a0,-1240 # ffffffffce6e6b28 <__heap_end+0xffffffff366e6b28>
    80001eb0:	c188                	sw	a0,0(a1)
    80001eb2:	a009                	j	80001eb4 <forward+0x568>
    80001eb4:	f1442503          	lw	a0,-236(s0)
    80001eb8:	2505                	addiw	a0,a0,1
    80001eba:	f0a42a23          	sw	a0,-236(s0)
    80001ebe:	b7f9                	j	80001e8c <forward+0x540>
    80001ec0:	f3043503          	ld	a0,-208(s0)
    80001ec4:	fe042583          	lw	a1,-32(s0)
    80001ec8:	2585                	addiw	a1,a1,1
    80001eca:	87bff0ef          	jal	80001744 <softmax>
    80001ece:	fc843503          	ld	a0,-56(s0)
    80001ed2:	6508                	ld	a0,8(a0)
    80001ed4:	f4442583          	lw	a1,-188(s0)
    80001ed8:	fac42603          	lw	a2,-84(s0)
    80001edc:	02c585bb          	mulw	a1,a1,a2
    80001ee0:	058a                	slli	a1,a1,0x2
    80001ee2:	952e                	add	a0,a0,a1
    80001ee4:	f0a43423          	sd	a0,-248(s0)
    80001ee8:	4501                	li	a0,0
    80001eea:	f0a42223          	sw	a0,-252(s0)
    80001eee:	a009                	j	80001ef0 <forward+0x5a4>
    80001ef0:	f0442503          	lw	a0,-252(s0)
    80001ef4:	fac42583          	lw	a1,-84(s0)
    80001ef8:	02b55263          	bge	a0,a1,80001f1c <forward+0x5d0>
    80001efc:	a009                	j	80001efe <forward+0x5b2>
    80001efe:	f0843503          	ld	a0,-248(s0)
    80001f02:	f0442583          	lw	a1,-252(s0)
    80001f06:	058a                	slli	a1,a1,0x2
    80001f08:	95aa                	add	a1,a1,a0
    80001f0a:	4501                	li	a0,0
    80001f0c:	c188                	sw	a0,0(a1)
    80001f0e:	a009                	j	80001f10 <forward+0x5c4>
    80001f10:	f0442503          	lw	a0,-252(s0)
    80001f14:	2505                	addiw	a0,a0,1
    80001f16:	f0a42223          	sw	a0,-252(s0)
    80001f1a:	bfd9                	j	80001ef0 <forward+0x5a4>
    80001f1c:	4501                	li	a0,0
    80001f1e:	f0a42023          	sw	a0,-256(s0)
    80001f22:	a009                	j	80001f24 <forward+0x5d8>
    80001f24:	f0042583          	lw	a1,-256(s0)
    80001f28:	fe042503          	lw	a0,-32(s0)
    80001f2c:	0ab54163          	blt	a0,a1,80001fce <forward+0x682>
    80001f30:	a009                	j	80001f32 <forward+0x5e6>
    80001f32:	f3043503          	ld	a0,-208(s0)
    80001f36:	f0042583          	lw	a1,-256(s0)
    80001f3a:	058a                	slli	a1,a1,0x2
    80001f3c:	952e                	add	a0,a0,a1
    80001f3e:	00052787          	flw	fa5,0(a0)
    80001f42:	eef42e27          	fsw	fa5,-260(s0)
    80001f46:	f8043503          	ld	a0,-128(s0)
    80001f4a:	f0042583          	lw	a1,-256(s0)
    80001f4e:	fb842603          	lw	a2,-72(s0)
    80001f52:	02c585bb          	mulw	a1,a1,a2
    80001f56:	058a                	slli	a1,a1,0x2
    80001f58:	952e                	add	a0,a0,a1
    80001f5a:	f4442583          	lw	a1,-188(s0)
    80001f5e:	fb442603          	lw	a2,-76(s0)
    80001f62:	02c5c5bb          	divw	a1,a1,a2
    80001f66:	fac42603          	lw	a2,-84(s0)
    80001f6a:	02c585bb          	mulw	a1,a1,a2
    80001f6e:	058a                	slli	a1,a1,0x2
    80001f70:	952e                	add	a0,a0,a1
    80001f72:	eea43823          	sd	a0,-272(s0)
    80001f76:	4501                	li	a0,0
    80001f78:	eea42623          	sw	a0,-276(s0)
    80001f7c:	a009                	j	80001f7e <forward+0x632>
    80001f7e:	eec42503          	lw	a0,-276(s0)
    80001f82:	fac42583          	lw	a1,-84(s0)
    80001f86:	02b55d63          	bge	a0,a1,80001fc0 <forward+0x674>
    80001f8a:	a009                	j	80001f8c <forward+0x640>
    80001f8c:	efc42787          	flw	fa5,-260(s0)
    80001f90:	ef043503          	ld	a0,-272(s0)
    80001f94:	eec42583          	lw	a1,-276(s0)
    80001f98:	058a                	slli	a1,a1,0x2
    80001f9a:	952e                	add	a0,a0,a1
    80001f9c:	00052707          	flw	fa4,0(a0)
    80001fa0:	f0843503          	ld	a0,-248(s0)
    80001fa4:	952e                	add	a0,a0,a1
    80001fa6:	00052687          	flw	fa3,0(a0)
    80001faa:	68e7f7c3          	fmadd.s	fa5,fa5,fa4,fa3
    80001fae:	00f52027          	fsw	fa5,0(a0)
    80001fb2:	a009                	j	80001fb4 <forward+0x668>
    80001fb4:	eec42503          	lw	a0,-276(s0)
    80001fb8:	2505                	addiw	a0,a0,1
    80001fba:	eea42623          	sw	a0,-276(s0)
    80001fbe:	b7c1                	j	80001f7e <forward+0x632>
    80001fc0:	a009                	j	80001fc2 <forward+0x676>
    80001fc2:	f0042503          	lw	a0,-256(s0)
    80001fc6:	2505                	addiw	a0,a0,1
    80001fc8:	f0a42023          	sw	a0,-256(s0)
    80001fcc:	bfa1                	j	80001f24 <forward+0x5d8>
    80001fce:	a009                	j	80001fd0 <forward+0x684>
    80001fd0:	f4442503          	lw	a0,-188(s0)
    80001fd4:	2505                	addiw	a0,a0,1
    80001fd6:	f4a42223          	sw	a0,-188(s0)
    80001fda:	b359                	j	80001d60 <forward+0x414>
    80001fdc:	fc843583          	ld	a1,-56(s0)
    80001fe0:	02858513          	addi	a0,a1,40
    80001fe4:	658c                	ld	a1,8(a1)
    80001fe6:	fbc42603          	lw	a2,-68(s0)
    80001fea:	e48fe0ef          	jal	80000632 <quantize>
    80001fee:	a009                	j	80001ff0 <forward+0x6a4>
    80001ff0:	f9842583          	lw	a1,-104(s0)
    80001ff4:	00003517          	auipc	a0,0x3
    80001ff8:	50450513          	addi	a0,a0,1284 # 800054f8 <matrix_kernel_qmatmul_f32_noblk+0x312>
    80001ffc:	2aa000ef          	jal	800022a6 <matrix_kernel_debug_set_context>
    80002000:	fc843583          	ld	a1,-56(s0)
    80002004:	6988                	ld	a0,16(a1)
    80002006:	02858593          	addi	a1,a1,40
    8000200a:	fd043603          	ld	a2,-48(s0)
    8000200e:	7e30                	ld	a2,120(a2)
    80002010:	f9843683          	ld	a3,-104(s0)
    80002014:	0692                	slli	a3,a3,0x4
    80002016:	9636                	add	a2,a2,a3
    80002018:	fbc42703          	lw	a4,-68(s0)
    8000201c:	86ba                	mv	a3,a4
    8000201e:	2e0000ef          	jal	800022fe <matmul_q>
    80002022:	a009                	j	80002024 <forward+0x6d8>
    80002024:	4501                	li	a0,0
    80002026:	eea42423          	sw	a0,-280(s0)
    8000202a:	a009                	j	8000202c <forward+0x6e0>
    8000202c:	ee842503          	lw	a0,-280(s0)
    80002030:	fbc42583          	lw	a1,-68(s0)
    80002034:	02b55d63          	bge	a0,a1,8000206e <forward+0x722>
    80002038:	a009                	j	8000203a <forward+0x6ee>
    8000203a:	fc043503          	ld	a0,-64(s0)
    8000203e:	ee842583          	lw	a1,-280(s0)
    80002042:	00259613          	slli	a2,a1,0x2
    80002046:	9532                	add	a0,a0,a2
    80002048:	00052787          	flw	fa5,0(a0)
    8000204c:	fc843583          	ld	a1,-56(s0)
    80002050:	698c                	ld	a1,16(a1)
    80002052:	95b2                	add	a1,a1,a2
    80002054:	0005a707          	flw	fa4,0(a1)
    80002058:	00e7f7d3          	fadd.s	fa5,fa5,fa4
    8000205c:	00f52027          	fsw	fa5,0(a0)
    80002060:	a009                	j	80002062 <forward+0x716>
    80002062:	ee842503          	lw	a0,-280(s0)
    80002066:	2505                	addiw	a0,a0,1
    80002068:	eea42423          	sw	a0,-280(s0)
    8000206c:	b7c1                	j	8000202c <forward+0x6e0>
    8000206e:	fc843503          	ld	a0,-56(s0)
    80002072:	6508                	ld	a0,8(a0)
    80002074:	fc043583          	ld	a1,-64(s0)
    80002078:	fd043603          	ld	a2,-48(s0)
    8000207c:	6a10                	ld	a2,16(a2)
    8000207e:	f9843703          	ld	a4,-104(s0)
    80002082:	fbc42683          	lw	a3,-68(s0)
    80002086:	02d70733          	mul	a4,a4,a3
    8000208a:	070a                	slli	a4,a4,0x2
    8000208c:	963a                	add	a2,a2,a4
    8000208e:	db6ff0ef          	jal	80001644 <rmsnorm>
    80002092:	fc843583          	ld	a1,-56(s0)
    80002096:	02858513          	addi	a0,a1,40
    8000209a:	658c                	ld	a1,8(a1)
    8000209c:	fbc42603          	lw	a2,-68(s0)
    800020a0:	d92fe0ef          	jal	80000632 <quantize>
    800020a4:	a009                	j	800020a6 <forward+0x75a>
    800020a6:	f9842583          	lw	a1,-104(s0)
    800020aa:	00003517          	auipc	a0,0x3
    800020ae:	4d350513          	addi	a0,a0,1235 # 8000557d <matrix_kernel_qmatmul_f32_noblk+0x397>
    800020b2:	1f4000ef          	jal	800022a6 <matrix_kernel_debug_set_context>
    800020b6:	fc843583          	ld	a1,-56(s0)
    800020ba:	6d88                	ld	a0,24(a1)
    800020bc:	02858593          	addi	a1,a1,40
    800020c0:	fd043603          	ld	a2,-48(s0)
    800020c4:	6250                	ld	a2,128(a2)
    800020c6:	f9843683          	ld	a3,-104(s0)
    800020ca:	0692                	slli	a3,a3,0x4
    800020cc:	9636                	add	a2,a2,a3
    800020ce:	fbc42683          	lw	a3,-68(s0)
    800020d2:	fb042703          	lw	a4,-80(s0)
    800020d6:	228000ef          	jal	800022fe <matmul_q>
    800020da:	a009                	j	800020dc <forward+0x790>
    800020dc:	a009                	j	800020de <forward+0x792>
    800020de:	f9842583          	lw	a1,-104(s0)
    800020e2:	00003517          	auipc	a0,0x3
    800020e6:	49b50513          	addi	a0,a0,1179 # 8000557d <matrix_kernel_qmatmul_f32_noblk+0x397>
    800020ea:	1bc000ef          	jal	800022a6 <matrix_kernel_debug_set_context>
    800020ee:	fc843583          	ld	a1,-56(s0)
    800020f2:	7188                	ld	a0,32(a1)
    800020f4:	02858593          	addi	a1,a1,40
    800020f8:	fd043603          	ld	a2,-48(s0)
    800020fc:	6a50                	ld	a2,144(a2)
    800020fe:	f9843683          	ld	a3,-104(s0)
    80002102:	0692                	slli	a3,a3,0x4
    80002104:	9636                	add	a2,a2,a3
    80002106:	fbc42683          	lw	a3,-68(s0)
    8000210a:	fb042703          	lw	a4,-80(s0)
    8000210e:	1f0000ef          	jal	800022fe <matmul_q>
    80002112:	a009                	j	80002114 <forward+0x7c8>
    80002114:	4501                	li	a0,0
    80002116:	eea42223          	sw	a0,-284(s0)
    8000211a:	a009                	j	8000211c <forward+0x7d0>
    8000211c:	ee442503          	lw	a0,-284(s0)
    80002120:	fb042583          	lw	a1,-80(s0)
    80002124:	06b55a63          	bge	a0,a1,80002198 <forward+0x84c>
    80002128:	a009                	j	8000212a <forward+0x7de>
    8000212a:	fc843503          	ld	a0,-56(s0)
    8000212e:	6d08                	ld	a0,24(a0)
    80002130:	ee442583          	lw	a1,-284(s0)
    80002134:	058a                	slli	a1,a1,0x2
    80002136:	952e                	add	a0,a0,a1
    80002138:	00052787          	flw	fa5,0(a0)
    8000213c:	eef42027          	fsw	fa5,-288(s0)
    80002140:	ee042787          	flw	fa5,-288(s0)
    80002144:	20f79553          	fneg.s	fa0,fa5
    80002148:	c91fe0ef          	jal	80000dd8 <expf>
    8000214c:	3f800537          	lui	a0,0x3f800
    80002150:	f00507d3          	fmv.w.x	fa5,a0
    80002154:	00f57753          	fadd.s	fa4,fa0,fa5
    80002158:	18e7f753          	fdiv.s	fa4,fa5,fa4
    8000215c:	ee042787          	flw	fa5,-288(s0)
    80002160:	10e7f7d3          	fmul.s	fa5,fa5,fa4
    80002164:	eef42027          	fsw	fa5,-288(s0)
    80002168:	ee042787          	flw	fa5,-288(s0)
    8000216c:	fc843503          	ld	a0,-56(s0)
    80002170:	7110                	ld	a2,32(a0)
    80002172:	ee442583          	lw	a1,-284(s0)
    80002176:	058a                	slli	a1,a1,0x2
    80002178:	962e                	add	a2,a2,a1
    8000217a:	00062707          	flw	fa4,0(a2)
    8000217e:	10e7f7d3          	fmul.s	fa5,fa5,fa4
    80002182:	6d08                	ld	a0,24(a0)
    80002184:	952e                	add	a0,a0,a1
    80002186:	00f52027          	fsw	fa5,0(a0) # 3f800000 <UART0_BASE+0x2f800000>
    8000218a:	a009                	j	8000218c <forward+0x840>
    8000218c:	ee442503          	lw	a0,-284(s0)
    80002190:	2505                	addiw	a0,a0,1
    80002192:	eea42223          	sw	a0,-284(s0)
    80002196:	b759                	j	8000211c <forward+0x7d0>
    80002198:	fc843583          	ld	a1,-56(s0)
    8000219c:	03858513          	addi	a0,a1,56
    800021a0:	6d8c                	ld	a1,24(a1)
    800021a2:	fb042603          	lw	a2,-80(s0)
    800021a6:	c8cfe0ef          	jal	80000632 <quantize>
    800021aa:	a009                	j	800021ac <forward+0x860>
    800021ac:	f9842583          	lw	a1,-104(s0)
    800021b0:	00003517          	auipc	a0,0x3
    800021b4:	3cd50513          	addi	a0,a0,973 # 8000557d <matrix_kernel_qmatmul_f32_noblk+0x397>
    800021b8:	0ee000ef          	jal	800022a6 <matrix_kernel_debug_set_context>
    800021bc:	fc843583          	ld	a1,-56(s0)
    800021c0:	6588                	ld	a0,8(a1)
    800021c2:	03858593          	addi	a1,a1,56
    800021c6:	fd043603          	ld	a2,-48(s0)
    800021ca:	6650                	ld	a2,136(a2)
    800021cc:	f9843683          	ld	a3,-104(s0)
    800021d0:	0692                	slli	a3,a3,0x4
    800021d2:	9636                	add	a2,a2,a3
    800021d4:	fb042683          	lw	a3,-80(s0)
    800021d8:	fbc42703          	lw	a4,-68(s0)
    800021dc:	122000ef          	jal	800022fe <matmul_q>
    800021e0:	a009                	j	800021e2 <forward+0x896>
    800021e2:	4501                	li	a0,0
    800021e4:	eca42e23          	sw	a0,-292(s0)
    800021e8:	a009                	j	800021ea <forward+0x89e>
    800021ea:	edc42503          	lw	a0,-292(s0)
    800021ee:	fbc42583          	lw	a1,-68(s0)
    800021f2:	02b55d63          	bge	a0,a1,8000222c <forward+0x8e0>
    800021f6:	a009                	j	800021f8 <forward+0x8ac>
    800021f8:	fc043503          	ld	a0,-64(s0)
    800021fc:	edc42583          	lw	a1,-292(s0)
    80002200:	00259613          	slli	a2,a1,0x2
    80002204:	9532                	add	a0,a0,a2
    80002206:	00052787          	flw	fa5,0(a0)
    8000220a:	fc843583          	ld	a1,-56(s0)
    8000220e:	658c                	ld	a1,8(a1)
    80002210:	95b2                	add	a1,a1,a2
    80002212:	0005a707          	flw	fa4,0(a1)
    80002216:	00e7f7d3          	fadd.s	fa5,fa5,fa4
    8000221a:	00f52027          	fsw	fa5,0(a0)
    8000221e:	a009                	j	80002220 <forward+0x8d4>
    80002220:	edc42503          	lw	a0,-292(s0)
    80002224:	2505                	addiw	a0,a0,1
    80002226:	eca42e23          	sw	a0,-292(s0)
    8000222a:	b7c1                	j	800021ea <forward+0x89e>
    8000222c:	a009                	j	8000222e <forward+0x8e2>
    8000222e:	f9843503          	ld	a0,-104(s0)
    80002232:	0505                	addi	a0,a0,1
    80002234:	f8a43c23          	sd	a0,-104(s0)
    80002238:	fdeff06f          	j	80001a16 <forward+0xca>
    8000223c:	fc043583          	ld	a1,-64(s0)
    80002240:	fd043503          	ld	a0,-48(s0)
    80002244:	6930                	ld	a2,80(a0)
    80002246:	fbc42683          	lw	a3,-68(s0)
    8000224a:	852e                	mv	a0,a1
    8000224c:	bf8ff0ef          	jal	80001644 <rmsnorm>
    80002250:	fc843503          	ld	a0,-56(s0)
    80002254:	02850513          	addi	a0,a0,40
    80002258:	fc043583          	ld	a1,-64(s0)
    8000225c:	fbc42603          	lw	a2,-68(s0)
    80002260:	bd2fe0ef          	jal	80000632 <quantize>
    80002264:	a009                	j	80002266 <forward+0x91a>
    80002266:	00003517          	auipc	a0,0x3
    8000226a:	47c50513          	addi	a0,a0,1148 # 800056e2 <matrix_kernel_qmatmul_f32_noblk+0x4fc>
    8000226e:	55fd                	li	a1,-1
    80002270:	036000ef          	jal	800022a6 <matrix_kernel_debug_set_context>
    80002274:	fc843583          	ld	a1,-56(s0)
    80002278:	75a8                	ld	a0,104(a1)
    8000227a:	02858593          	addi	a1,a1,40
    8000227e:	fd043603          	ld	a2,-48(s0)
    80002282:	09860613          	addi	a2,a2,152
    80002286:	fd843703          	ld	a4,-40(s0)
    8000228a:	4314                	lw	a3,0(a4)
    8000228c:	4b58                	lw	a4,20(a4)
    8000228e:	070000ef          	jal	800022fe <matmul_q>
    80002292:	a009                	j	80002294 <forward+0x948>
    80002294:	fc843503          	ld	a0,-56(s0)
    80002298:	7528                	ld	a0,104(a0)
    8000229a:	ed040113          	addi	sp,s0,-304
    8000229e:	70b2                	ld	ra,296(sp)
    800022a0:	7412                	ld	s0,288(sp)
    800022a2:	6155                	addi	sp,sp,304
    800022a4:	8082                	ret

00000000800022a6 <matrix_kernel_debug_set_context>:
    800022a6:	7179                	addi	sp,sp,-48
    800022a8:	f406                	sd	ra,40(sp)
    800022aa:	f022                	sd	s0,32(sp)
    800022ac:	1800                	addi	s0,sp,48
    800022ae:	fea43423          	sd	a0,-24(s0)
    800022b2:	feb42223          	sw	a1,-28(s0)
    800022b6:	fe843503          	ld	a0,-24(s0)
    800022ba:	c519                	beqz	a0,800022c8 <matrix_kernel_debug_set_context+0x22>
    800022bc:	a009                	j	800022be <matrix_kernel_debug_set_context+0x18>
    800022be:	fe843503          	ld	a0,-24(s0)
    800022c2:	fca43c23          	sd	a0,-40(s0)
    800022c6:	a801                	j	800022d6 <matrix_kernel_debug_set_context+0x30>
    800022c8:	00003517          	auipc	a0,0x3
    800022cc:	1d350513          	addi	a0,a0,467 # 8000549b <matrix_kernel_qmatmul_f32_noblk+0x2b5>
    800022d0:	fca43c23          	sd	a0,-40(s0)
    800022d4:	a009                	j	800022d6 <matrix_kernel_debug_set_context+0x30>
    800022d6:	fd843503          	ld	a0,-40(s0)
    800022da:	03a6d597          	auipc	a1,0x3a6d
    800022de:	e8e58593          	addi	a1,a1,-370 # 83a6f168 <g_matrix_kernel_debug_name>
    800022e2:	e188                	sd	a0,0(a1)
    800022e4:	fe442503          	lw	a0,-28(s0)
    800022e8:	03a6d597          	auipc	a1,0x3a6d
    800022ec:	e8858593          	addi	a1,a1,-376 # 83a6f170 <g_matrix_kernel_debug_layer>
    800022f0:	c188                	sw	a0,0(a1)
    800022f2:	fd040113          	addi	sp,s0,-48
    800022f6:	70a2                	ld	ra,40(sp)
    800022f8:	7402                	ld	s0,32(sp)
    800022fa:	6145                	addi	sp,sp,48
    800022fc:	8082                	ret

00000000800022fe <matmul_q>:
    800022fe:	7179                	addi	sp,sp,-48
    80002300:	f406                	sd	ra,40(sp)
    80002302:	f022                	sd	s0,32(sp)
    80002304:	1800                	addi	s0,sp,48
    80002306:	fea43423          	sd	a0,-24(s0)
    8000230a:	feb43023          	sd	a1,-32(s0)
    8000230e:	fcc43c23          	sd	a2,-40(s0)
    80002312:	fcd42a23          	sw	a3,-44(s0)
    80002316:	fce42823          	sw	a4,-48(s0)
    8000231a:	fe843503          	ld	a0,-24(s0)
    8000231e:	fe043603          	ld	a2,-32(s0)
    80002322:	620c                	ld	a1,0(a2)
    80002324:	6610                	ld	a2,8(a2)
    80002326:	fd843703          	ld	a4,-40(s0)
    8000232a:	6314                	ld	a3,0(a4)
    8000232c:	6718                	ld	a4,8(a4)
    8000232e:	fd442783          	lw	a5,-44(s0)
    80002332:	fd042803          	lw	a6,-48(s0)
    80002336:	1141                	addi	sp,sp,-16
    80002338:	888a                	mv	a7,sp
    8000233a:	00f8b023          	sd	a5,0(a7)
    8000233e:	02000893          	li	a7,32
    80002342:	6a5020ef          	jal	800051e6 <matrix_kernel_qmatmul_f32_noblk>
    80002346:	0141                	addi	sp,sp,16
    80002348:	fd040113          	addi	sp,s0,-48
    8000234c:	70a2                	ld	ra,40(sp)
    8000234e:	7402                	ld	s0,32(sp)
    80002350:	6145                	addi	sp,sp,48
    80002352:	8082                	ret

0000000080002354 <free_tokenizer>:
    80002354:	1101                	addi	sp,sp,-32
    80002356:	ec06                	sd	ra,24(sp)
    80002358:	e822                	sd	s0,16(sp)
    8000235a:	1000                	addi	s0,sp,32
    8000235c:	fea43423          	sd	a0,-24(s0)
    80002360:	fe040113          	addi	sp,s0,-32
    80002364:	60e2                	ld	ra,24(sp)
    80002366:	6442                	ld	s0,16(sp)
    80002368:	6105                	addi	sp,sp,32
    8000236a:	8082                	ret

000000008000236c <decode>:
    8000236c:	7179                	addi	sp,sp,-48
    8000236e:	f406                	sd	ra,40(sp)
    80002370:	f022                	sd	s0,32(sp)
    80002372:	1800                	addi	s0,sp,48
    80002374:	fea43423          	sd	a0,-24(s0)
    80002378:	feb42223          	sw	a1,-28(s0)
    8000237c:	fec42023          	sw	a2,-32(s0)
    80002380:	fe843503          	ld	a0,-24(s0)
    80002384:	6108                	ld	a0,0(a0)
    80002386:	fe042583          	lw	a1,-32(s0)
    8000238a:	058e                	slli	a1,a1,0x3
    8000238c:	952e                	add	a0,a0,a1
    8000238e:	6108                	ld	a0,0(a0)
    80002390:	fca43c23          	sd	a0,-40(s0)
    80002394:	fe442503          	lw	a0,-28(s0)
    80002398:	4585                	li	a1,1
    8000239a:	02b51263          	bne	a0,a1,800023be <decode+0x52>
    8000239e:	a009                	j	800023a0 <decode+0x34>
    800023a0:	fd843503          	ld	a0,-40(s0)
    800023a4:	00054503          	lbu	a0,0(a0)
    800023a8:	02000593          	li	a1,32
    800023ac:	00b51963          	bne	a0,a1,800023be <decode+0x52>
    800023b0:	a009                	j	800023b2 <decode+0x46>
    800023b2:	fd843503          	ld	a0,-40(s0)
    800023b6:	0505                	addi	a0,a0,1
    800023b8:	fca43c23          	sd	a0,-40(s0)
    800023bc:	a009                	j	800023be <decode+0x52>
    800023be:	fd843503          	ld	a0,-40(s0)
    800023c2:	fd740593          	addi	a1,s0,-41
    800023c6:	02e000ef          	jal	800023f4 <parse_byte_token>
    800023ca:	cd09                	beqz	a0,800023e4 <decode+0x78>
    800023cc:	a009                	j	800023ce <decode+0x62>
    800023ce:	fe843503          	ld	a0,-24(s0)
    800023d2:	fd744583          	lbu	a1,-41(s0)
    800023d6:	0586                	slli	a1,a1,0x1
    800023d8:	952e                	add	a0,a0,a1
    800023da:	02050513          	addi	a0,a0,32
    800023de:	fca43c23          	sd	a0,-40(s0)
    800023e2:	a009                	j	800023e4 <decode+0x78>
    800023e4:	fd843503          	ld	a0,-40(s0)
    800023e8:	fd040113          	addi	sp,s0,-48
    800023ec:	70a2                	ld	ra,40(sp)
    800023ee:	7402                	ld	s0,32(sp)
    800023f0:	6145                	addi	sp,sp,48
    800023f2:	8082                	ret

00000000800023f4 <parse_byte_token>:
    800023f4:	7179                	addi	sp,sp,-48
    800023f6:	f406                	sd	ra,40(sp)
    800023f8:	f022                	sd	s0,32(sp)
    800023fa:	1800                	addi	s0,sp,48
    800023fc:	fea43023          	sd	a0,-32(s0)
    80002400:	fcb43c23          	sd	a1,-40(s0)
    80002404:	fe043503          	ld	a0,-32(s0)
    80002408:	cd0d                	beqz	a0,80002442 <parse_byte_token+0x4e>
    8000240a:	a009                	j	8000240c <parse_byte_token+0x18>
    8000240c:	fe043503          	ld	a0,-32(s0)
    80002410:	00054503          	lbu	a0,0(a0)
    80002414:	03c00593          	li	a1,60
    80002418:	02b51563          	bne	a0,a1,80002442 <parse_byte_token+0x4e>
    8000241c:	a009                	j	8000241e <parse_byte_token+0x2a>
    8000241e:	fe043503          	ld	a0,-32(s0)
    80002422:	00154503          	lbu	a0,1(a0)
    80002426:	03000593          	li	a1,48
    8000242a:	00b51c63          	bne	a0,a1,80002442 <parse_byte_token+0x4e>
    8000242e:	a009                	j	80002430 <parse_byte_token+0x3c>
    80002430:	fe043503          	ld	a0,-32(s0)
    80002434:	00254503          	lbu	a0,2(a0)
    80002438:	07800593          	li	a1,120
    8000243c:	00b50763          	beq	a0,a1,8000244a <parse_byte_token+0x56>
    80002440:	a009                	j	80002442 <parse_byte_token+0x4e>
    80002442:	4501                	li	a0,0
    80002444:	fea42623          	sw	a0,-20(s0)
    80002448:	a8ad                	j	800024c2 <parse_byte_token+0xce>
    8000244a:	fe043503          	ld	a0,-32(s0)
    8000244e:	00354503          	lbu	a0,3(a0)
    80002452:	056020ef          	jal	800044a8 <hex_nibble>
    80002456:	fca42a23          	sw	a0,-44(s0)
    8000245a:	fe043503          	ld	a0,-32(s0)
    8000245e:	00454503          	lbu	a0,4(a0)
    80002462:	046020ef          	jal	800044a8 <hex_nibble>
    80002466:	fca42823          	sw	a0,-48(s0)
    8000246a:	fd442503          	lw	a0,-44(s0)
    8000246e:	02054763          	bltz	a0,8000249c <parse_byte_token+0xa8>
    80002472:	a009                	j	80002474 <parse_byte_token+0x80>
    80002474:	fd042503          	lw	a0,-48(s0)
    80002478:	02054263          	bltz	a0,8000249c <parse_byte_token+0xa8>
    8000247c:	a009                	j	8000247e <parse_byte_token+0x8a>
    8000247e:	fe043503          	ld	a0,-32(s0)
    80002482:	00554503          	lbu	a0,5(a0)
    80002486:	03e00593          	li	a1,62
    8000248a:	00b51963          	bne	a0,a1,8000249c <parse_byte_token+0xa8>
    8000248e:	a009                	j	80002490 <parse_byte_token+0x9c>
    80002490:	fe043503          	ld	a0,-32(s0)
    80002494:	00654503          	lbu	a0,6(a0)
    80002498:	c511                	beqz	a0,800024a4 <parse_byte_token+0xb0>
    8000249a:	a009                	j	8000249c <parse_byte_token+0xa8>
    8000249c:	4501                	li	a0,0
    8000249e:	fea42623          	sw	a0,-20(s0)
    800024a2:	a005                	j	800024c2 <parse_byte_token+0xce>
    800024a4:	fd442503          	lw	a0,-44(s0)
    800024a8:	0045151b          	slliw	a0,a0,0x4
    800024ac:	fd042583          	lw	a1,-48(s0)
    800024b0:	8d4d                	or	a0,a0,a1
    800024b2:	fd843583          	ld	a1,-40(s0)
    800024b6:	00a58023          	sb	a0,0(a1)
    800024ba:	4505                	li	a0,1
    800024bc:	fea42623          	sw	a0,-20(s0)
    800024c0:	a009                	j	800024c2 <parse_byte_token+0xce>
    800024c2:	fec42503          	lw	a0,-20(s0)
    800024c6:	fd040113          	addi	sp,s0,-48
    800024ca:	70a2                	ld	ra,40(sp)
    800024cc:	7402                	ld	s0,32(sp)
    800024ce:	6145                	addi	sp,sp,48
    800024d0:	8082                	ret

00000000800024d2 <encode>:
    800024d2:	b6010113          	addi	sp,sp,-1184
    800024d6:	48113c23          	sd	ra,1176(sp)
    800024da:	48813823          	sd	s0,1168(sp)
    800024de:	4a010413          	addi	s0,sp,1184
    800024e2:	fea43023          	sd	a0,-32(s0)
    800024e6:	fcb43c23          	sd	a1,-40(s0)
    800024ea:	fcc40ba3          	sb	a2,-41(s0)
    800024ee:	fcd40b23          	sb	a3,-42(s0)
    800024f2:	fce43423          	sd	a4,-56(s0)
    800024f6:	fcf43023          	sd	a5,-64(s0)
    800024fa:	00003517          	auipc	a0,0x3
    800024fe:	1b250513          	addi	a0,a0,434 # 800056ac <matrix_kernel_qmatmul_f32_noblk+0x4c6>
    80002502:	3bb020ef          	jal	800050bc <print_uart>
    80002506:	fd843503          	ld	a0,-40(s0)
    8000250a:	e909                	bnez	a0,8000251c <encode+0x4a>
    8000250c:	a009                	j	8000250e <encode+0x3c>
    8000250e:	00003517          	auipc	a0,0x3
    80002512:	f5b50513          	addi	a0,a0,-165 # 80005469 <matrix_kernel_qmatmul_f32_noblk+0x283>
    80002516:	e2dfe0ef          	jal	80001342 <panic>
    8000251a:	a009                	j	8000251c <encode+0x4a>
    8000251c:	fe043503          	ld	a0,-32(s0)
    80002520:	4d48                	lw	a0,28(a0)
    80002522:	0015151b          	slliw	a0,a0,0x1
    80002526:	250d                	addiw	a0,a0,3
    80002528:	1502                	slli	a0,a0,0x20
    8000252a:	9101                	srli	a0,a0,0x20
    8000252c:	ea2fe0ef          	jal	80000bce <malloc>
    80002530:	faa43c23          	sd	a0,-72(s0)
    80002534:	4501                	li	a0,0
    80002536:	faa43823          	sd	a0,-80(s0)
    8000253a:	fc043583          	ld	a1,-64(s0)
    8000253e:	c188                	sw	a0,0(a1)
    80002540:	fd744503          	lbu	a0,-41(s0)
    80002544:	cd19                	beqz	a0,80002562 <encode+0x90>
    80002546:	a009                	j	80002548 <encode+0x76>
    80002548:	fc843503          	ld	a0,-56(s0)
    8000254c:	fc043683          	ld	a3,-64(s0)
    80002550:	428c                	lw	a1,0(a3)
    80002552:	0015861b          	addiw	a2,a1,1
    80002556:	c290                	sw	a2,0(a3)
    80002558:	058a                	slli	a1,a1,0x2
    8000255a:	95aa                	add	a1,a1,a0
    8000255c:	4505                	li	a0,1
    8000255e:	c188                	sw	a0,0(a1)
    80002560:	a009                	j	80002562 <encode+0x90>
    80002562:	fd843503          	ld	a0,-40(s0)
    80002566:	00054503          	lbu	a0,0(a0)
    8000256a:	c915                	beqz	a0,8000259e <encode+0xcc>
    8000256c:	a009                	j	8000256e <encode+0x9c>
    8000256e:	fe043503          	ld	a0,-32(s0)
    80002572:	00003597          	auipc	a1,0x3
    80002576:	f0858593          	addi	a1,a1,-248 # 8000547a <matrix_kernel_qmatmul_f32_noblk+0x294>
    8000257a:	2f2000ef          	jal	8000286c <str_lookup>
    8000257e:	faa42623          	sw	a0,-84(s0)
    80002582:	fac42503          	lw	a0,-84(s0)
    80002586:	fc843583          	ld	a1,-56(s0)
    8000258a:	fc043703          	ld	a4,-64(s0)
    8000258e:	4310                	lw	a2,0(a4)
    80002590:	0016069b          	addiw	a3,a2,1
    80002594:	c314                	sw	a3,0(a4)
    80002596:	060a                	slli	a2,a2,0x2
    80002598:	95b2                	add	a1,a1,a2
    8000259a:	c188                	sw	a0,0(a1)
    8000259c:	a009                	j	8000259e <encode+0xcc>
    8000259e:	fd843503          	ld	a0,-40(s0)
    800025a2:	faa43023          	sd	a0,-96(s0)
    800025a6:	a009                	j	800025a8 <encode+0xd6>
    800025a8:	fa043503          	ld	a0,-96(s0)
    800025ac:	00054503          	lbu	a0,0(a0)
    800025b0:	14050263          	beqz	a0,800026f4 <encode+0x222>
    800025b4:	a009                	j	800025b6 <encode+0xe4>
    800025b6:	fa043503          	ld	a0,-96(s0)
    800025ba:	00054503          	lbu	a0,0(a0)
    800025be:	0c057513          	andi	a0,a0,192
    800025c2:	08000593          	li	a1,128
    800025c6:	00b50763          	beq	a0,a1,800025d4 <encode+0x102>
    800025ca:	a009                	j	800025cc <encode+0xfa>
    800025cc:	4501                	li	a0,0
    800025ce:	faa43823          	sd	a0,-80(s0)
    800025d2:	a009                	j	800025d4 <encode+0x102>
    800025d4:	fa043503          	ld	a0,-96(s0)
    800025d8:	00054503          	lbu	a0,0(a0)
    800025dc:	fb843583          	ld	a1,-72(s0)
    800025e0:	fb043603          	ld	a2,-80(s0)
    800025e4:	00160693          	addi	a3,a2,1
    800025e8:	fad43823          	sd	a3,-80(s0)
    800025ec:	95b2                	add	a1,a1,a2
    800025ee:	00a58023          	sb	a0,0(a1)
    800025f2:	fb843503          	ld	a0,-72(s0)
    800025f6:	fb043583          	ld	a1,-80(s0)
    800025fa:	95aa                	add	a1,a1,a0
    800025fc:	4501                	li	a0,0
    800025fe:	00a58023          	sb	a0,0(a1)
    80002602:	fa043503          	ld	a0,-96(s0)
    80002606:	00154503          	lbu	a0,1(a0)
    8000260a:	0c057513          	andi	a0,a0,192
    8000260e:	08000593          	li	a1,128
    80002612:	00b51a63          	bne	a0,a1,80002626 <encode+0x154>
    80002616:	a009                	j	80002618 <encode+0x146>
    80002618:	fb043583          	ld	a1,-80(s0)
    8000261c:	450d                	li	a0,3
    8000261e:	00b56463          	bltu	a0,a1,80002626 <encode+0x154>
    80002622:	a009                	j	80002624 <encode+0x152>
    80002624:	a0d1                	j	800026e8 <encode+0x216>
    80002626:	fe043503          	ld	a0,-32(s0)
    8000262a:	fb843583          	ld	a1,-72(s0)
    8000262e:	23e000ef          	jal	8000286c <str_lookup>
    80002632:	f8a42e23          	sw	a0,-100(s0)
    80002636:	f9c42503          	lw	a0,-100(s0)
    8000263a:	55fd                	li	a1,-1
    8000263c:	02b50163          	beq	a0,a1,8000265e <encode+0x18c>
    80002640:	a009                	j	80002642 <encode+0x170>
    80002642:	f9c42503          	lw	a0,-100(s0)
    80002646:	fc843583          	ld	a1,-56(s0)
    8000264a:	fc043703          	ld	a4,-64(s0)
    8000264e:	4310                	lw	a2,0(a4)
    80002650:	0016069b          	addiw	a3,a2,1
    80002654:	c314                	sw	a3,0(a4)
    80002656:	060a                	slli	a2,a2,0x2
    80002658:	95b2                	add	a1,a1,a2
    8000265a:	c188                	sw	a0,0(a1)
    8000265c:	a051                	j	800026e0 <encode+0x20e>
    8000265e:	4501                	li	a0,0
    80002660:	f8a43823          	sd	a0,-112(s0)
    80002664:	a009                	j	80002666 <encode+0x194>
    80002666:	f9043503          	ld	a0,-112(s0)
    8000266a:	fb043583          	ld	a1,-80(s0)
    8000266e:	06b57863          	bgeu	a0,a1,800026de <encode+0x20c>
    80002672:	a009                	j	80002674 <encode+0x1a2>
    80002674:	fb843503          	ld	a0,-72(s0)
    80002678:	f9043583          	ld	a1,-112(s0)
    8000267c:	952e                	add	a0,a0,a1
    8000267e:	00054503          	lbu	a0,0(a0)
    80002682:	f8a40723          	sb	a0,-114(s0)
    80002686:	4501                	li	a0,0
    80002688:	f8a407a3          	sb	a0,-113(s0)
    8000268c:	fe043503          	ld	a0,-32(s0)
    80002690:	f8e40593          	addi	a1,s0,-114
    80002694:	1d8000ef          	jal	8000286c <str_lookup>
    80002698:	f8a42423          	sw	a0,-120(s0)
    8000269c:	f8842503          	lw	a0,-120(s0)
    800026a0:	55fd                	li	a1,-1
    800026a2:	00b51a63          	bne	a0,a1,800026b6 <encode+0x1e4>
    800026a6:	a009                	j	800026a8 <encode+0x1d6>
    800026a8:	00003517          	auipc	a0,0x3
    800026ac:	07050513          	addi	a0,a0,112 # 80005718 <matrix_kernel_qmatmul_f32_noblk+0x532>
    800026b0:	c93fe0ef          	jal	80001342 <panic>
    800026b4:	a009                	j	800026b6 <encode+0x1e4>
    800026b6:	f8842503          	lw	a0,-120(s0)
    800026ba:	fc843583          	ld	a1,-56(s0)
    800026be:	fc043703          	ld	a4,-64(s0)
    800026c2:	4310                	lw	a2,0(a4)
    800026c4:	0016069b          	addiw	a3,a2,1
    800026c8:	c314                	sw	a3,0(a4)
    800026ca:	060a                	slli	a2,a2,0x2
    800026cc:	95b2                	add	a1,a1,a2
    800026ce:	c188                	sw	a0,0(a1)
    800026d0:	a009                	j	800026d2 <encode+0x200>
    800026d2:	f9043503          	ld	a0,-112(s0)
    800026d6:	0505                	addi	a0,a0,1
    800026d8:	f8a43823          	sd	a0,-112(s0)
    800026dc:	b769                	j	80002666 <encode+0x194>
    800026de:	a009                	j	800026e0 <encode+0x20e>
    800026e0:	4501                	li	a0,0
    800026e2:	faa43823          	sd	a0,-80(s0)
    800026e6:	a009                	j	800026e8 <encode+0x216>
    800026e8:	fa043503          	ld	a0,-96(s0)
    800026ec:	0505                	addi	a0,a0,1
    800026ee:	faa43023          	sd	a0,-96(s0)
    800026f2:	bd5d                	j	800025a8 <encode+0xd6>
    800026f4:	a009                	j	800026f6 <encode+0x224>
    800026f6:	d0150537          	lui	a0,0xd0150
    800026fa:	2f950513          	addi	a0,a0,761 # ffffffffd01502f9 <__heap_end+0xffffffff381502f9>
    800026fe:	b8a42223          	sw	a0,-1148(s0)
    80002702:	557d                	li	a0,-1
    80002704:	b8a42023          	sw	a0,-1152(s0)
    80002708:	b6a42e23          	sw	a0,-1156(s0)
    8000270c:	4501                	li	a0,0
    8000270e:	b6a42c23          	sw	a0,-1160(s0)
    80002712:	a009                	j	80002714 <encode+0x242>
    80002714:	b7842503          	lw	a0,-1160(s0)
    80002718:	fc043583          	ld	a1,-64(s0)
    8000271c:	418c                	lw	a1,0(a1)
    8000271e:	35fd                	addiw	a1,a1,-1
    80002720:	0ab55463          	bge	a0,a1,800027c8 <encode+0x2f6>
    80002724:	a009                	j	80002726 <encode+0x254>
    80002726:	fe043503          	ld	a0,-32(s0)
    8000272a:	6108                	ld	a0,0(a0)
    8000272c:	fc843583          	ld	a1,-56(s0)
    80002730:	b7842603          	lw	a2,-1160(s0)
    80002734:	060a                	slli	a2,a2,0x2
    80002736:	95b2                	add	a1,a1,a2
    80002738:	4190                	lw	a2,0(a1)
    8000273a:	060e                	slli	a2,a2,0x3
    8000273c:	962a                	add	a2,a2,a0
    8000273e:	6210                	ld	a2,0(a2)
    80002740:	41cc                	lw	a1,4(a1)
    80002742:	058e                	slli	a1,a1,0x3
    80002744:	952e                	add	a0,a0,a1
    80002746:	6114                	ld	a3,0(a0)
    80002748:	b8840513          	addi	a0,s0,-1144
    8000274c:	b6a43423          	sd	a0,-1176(s0)
    80002750:	40000593          	li	a1,1024
    80002754:	140000ef          	jal	80002894 <concat_tokens>
    80002758:	b6843583          	ld	a1,-1176(s0)
    8000275c:	fe043503          	ld	a0,-32(s0)
    80002760:	10c000ef          	jal	8000286c <str_lookup>
    80002764:	b6a42a23          	sw	a0,-1164(s0)
    80002768:	b7442503          	lw	a0,-1164(s0)
    8000276c:	55fd                	li	a1,-1
    8000276e:	04b50663          	beq	a0,a1,800027ba <encode+0x2e8>
    80002772:	a009                	j	80002774 <encode+0x2a2>
    80002774:	fe043503          	ld	a0,-32(s0)
    80002778:	6508                	ld	a0,8(a0)
    8000277a:	b7442583          	lw	a1,-1164(s0)
    8000277e:	058a                	slli	a1,a1,0x2
    80002780:	952e                	add	a0,a0,a1
    80002782:	00052707          	flw	fa4,0(a0)
    80002786:	b8442787          	flw	fa5,-1148(s0)
    8000278a:	a0e79553          	flt.s	a0,fa5,fa4
    8000278e:	c515                	beqz	a0,800027ba <encode+0x2e8>
    80002790:	a009                	j	80002792 <encode+0x2c0>
    80002792:	fe043503          	ld	a0,-32(s0)
    80002796:	6508                	ld	a0,8(a0)
    80002798:	b7442583          	lw	a1,-1164(s0)
    8000279c:	058a                	slli	a1,a1,0x2
    8000279e:	952e                	add	a0,a0,a1
    800027a0:	00052787          	flw	fa5,0(a0)
    800027a4:	b8f42227          	fsw	fa5,-1148(s0)
    800027a8:	b7442503          	lw	a0,-1164(s0)
    800027ac:	b8a42023          	sw	a0,-1152(s0)
    800027b0:	b7842503          	lw	a0,-1160(s0)
    800027b4:	b6a42e23          	sw	a0,-1156(s0)
    800027b8:	a009                	j	800027ba <encode+0x2e8>
    800027ba:	a009                	j	800027bc <encode+0x2ea>
    800027bc:	b7842503          	lw	a0,-1160(s0)
    800027c0:	2505                	addiw	a0,a0,1
    800027c2:	b6a42c23          	sw	a0,-1160(s0)
    800027c6:	b7b9                	j	80002714 <encode+0x242>
    800027c8:	b7c42503          	lw	a0,-1156(s0)
    800027cc:	55fd                	li	a1,-1
    800027ce:	00b51463          	bne	a0,a1,800027d6 <encode+0x304>
    800027d2:	a009                	j	800027d4 <encode+0x302>
    800027d4:	a8b1                	j	80002830 <encode+0x35e>
    800027d6:	b8042503          	lw	a0,-1152(s0)
    800027da:	fc843583          	ld	a1,-56(s0)
    800027de:	b7c42603          	lw	a2,-1156(s0)
    800027e2:	060a                	slli	a2,a2,0x2
    800027e4:	95b2                	add	a1,a1,a2
    800027e6:	c188                	sw	a0,0(a1)
    800027e8:	b7c42503          	lw	a0,-1156(s0)
    800027ec:	2505                	addiw	a0,a0,1
    800027ee:	b6a42823          	sw	a0,-1168(s0)
    800027f2:	a009                	j	800027f4 <encode+0x322>
    800027f4:	b7042503          	lw	a0,-1168(s0)
    800027f8:	fc043583          	ld	a1,-64(s0)
    800027fc:	418c                	lw	a1,0(a1)
    800027fe:	35fd                	addiw	a1,a1,-1
    80002800:	02b55263          	bge	a0,a1,80002824 <encode+0x352>
    80002804:	a009                	j	80002806 <encode+0x334>
    80002806:	fc843503          	ld	a0,-56(s0)
    8000280a:	b7042583          	lw	a1,-1168(s0)
    8000280e:	058a                	slli	a1,a1,0x2
    80002810:	95aa                	add	a1,a1,a0
    80002812:	41c8                	lw	a0,4(a1)
    80002814:	c188                	sw	a0,0(a1)
    80002816:	a009                	j	80002818 <encode+0x346>
    80002818:	b7042503          	lw	a0,-1168(s0)
    8000281c:	2505                	addiw	a0,a0,1
    8000281e:	b6a42823          	sw	a0,-1168(s0)
    80002822:	bfc9                	j	800027f4 <encode+0x322>
    80002824:	fc043583          	ld	a1,-64(s0)
    80002828:	4188                	lw	a0,0(a1)
    8000282a:	357d                	addiw	a0,a0,-1
    8000282c:	c188                	sw	a0,0(a1)
    8000282e:	b5e1                	j	800026f6 <encode+0x224>
    80002830:	fd644503          	lbu	a0,-42(s0)
    80002834:	cd19                	beqz	a0,80002852 <encode+0x380>
    80002836:	a009                	j	80002838 <encode+0x366>
    80002838:	fc843503          	ld	a0,-56(s0)
    8000283c:	fc043683          	ld	a3,-64(s0)
    80002840:	428c                	lw	a1,0(a3)
    80002842:	0015861b          	addiw	a2,a1,1
    80002846:	c290                	sw	a2,0(a3)
    80002848:	058a                	slli	a1,a1,0x2
    8000284a:	95aa                	add	a1,a1,a0
    8000284c:	4509                	li	a0,2
    8000284e:	c188                	sw	a0,0(a1)
    80002850:	a009                	j	80002852 <encode+0x380>
    80002852:	fb843503          	ld	a0,-72(s0)
    80002856:	cd4fe0ef          	jal	80000d2a <free>
    8000285a:	b6040113          	addi	sp,s0,-1184
    8000285e:	49813083          	ld	ra,1176(sp)
    80002862:	49013403          	ld	s0,1168(sp)
    80002866:	4a010113          	addi	sp,sp,1184
    8000286a:	8082                	ret

000000008000286c <str_lookup>:
    8000286c:	1101                	addi	sp,sp,-32
    8000286e:	ec06                	sd	ra,24(sp)
    80002870:	e822                	sd	s0,16(sp)
    80002872:	1000                	addi	s0,sp,32
    80002874:	fea43423          	sd	a0,-24(s0)
    80002878:	feb43023          	sd	a1,-32(s0)
    8000287c:	fe843503          	ld	a0,-24(s0)
    80002880:	fe043583          	ld	a1,-32(s0)
    80002884:	4c7010ef          	jal	8000454a <token_lookup>
    80002888:	fe040113          	addi	sp,s0,-32
    8000288c:	60e2                	ld	ra,24(sp)
    8000288e:	6442                	ld	s0,16(sp)
    80002890:	6105                	addi	sp,sp,32
    80002892:	8082                	ret

0000000080002894 <concat_tokens>:
    80002894:	711d                	addi	sp,sp,-96
    80002896:	ec86                	sd	ra,88(sp)
    80002898:	e8a2                	sd	s0,80(sp)
    8000289a:	1080                	addi	s0,sp,96
    8000289c:	fea43423          	sd	a0,-24(s0)
    800028a0:	feb43023          	sd	a1,-32(s0)
    800028a4:	fcc43c23          	sd	a2,-40(s0)
    800028a8:	fcd43823          	sd	a3,-48(s0)
    800028ac:	4501                	li	a0,0
    800028ae:	fca43423          	sd	a0,-56(s0)
    800028b2:	fca43023          	sd	a0,-64(s0)
    800028b6:	a009                	j	800028b8 <concat_tokens+0x24>
    800028b8:	fd843503          	ld	a0,-40(s0)
    800028bc:	fc043583          	ld	a1,-64(s0)
    800028c0:	952e                	add	a0,a0,a1
    800028c2:	00054503          	lbu	a0,0(a0)
    800028c6:	4581                	li	a1,0
    800028c8:	fab43823          	sd	a1,-80(s0)
    800028cc:	cd01                	beqz	a0,800028e4 <concat_tokens+0x50>
    800028ce:	a009                	j	800028d0 <concat_tokens+0x3c>
    800028d0:	fc843503          	ld	a0,-56(s0)
    800028d4:	fe043583          	ld	a1,-32(s0)
    800028d8:	15fd                	addi	a1,a1,-1
    800028da:	00b53533          	sltu	a0,a0,a1
    800028de:	faa43823          	sd	a0,-80(s0)
    800028e2:	a009                	j	800028e4 <concat_tokens+0x50>
    800028e4:	fb043503          	ld	a0,-80(s0)
    800028e8:	8905                	andi	a0,a0,1
    800028ea:	c91d                	beqz	a0,80002920 <concat_tokens+0x8c>
    800028ec:	a009                	j	800028ee <concat_tokens+0x5a>
    800028ee:	fd843503          	ld	a0,-40(s0)
    800028f2:	fc043583          	ld	a1,-64(s0)
    800028f6:	952e                	add	a0,a0,a1
    800028f8:	00054503          	lbu	a0,0(a0)
    800028fc:	fe843583          	ld	a1,-24(s0)
    80002900:	fc843603          	ld	a2,-56(s0)
    80002904:	00160693          	addi	a3,a2,1
    80002908:	fcd43423          	sd	a3,-56(s0)
    8000290c:	95b2                	add	a1,a1,a2
    8000290e:	00a58023          	sb	a0,0(a1)
    80002912:	a009                	j	80002914 <concat_tokens+0x80>
    80002914:	fc043503          	ld	a0,-64(s0)
    80002918:	0505                	addi	a0,a0,1
    8000291a:	fca43023          	sd	a0,-64(s0)
    8000291e:	bf69                	j	800028b8 <concat_tokens+0x24>
    80002920:	4501                	li	a0,0
    80002922:	faa43c23          	sd	a0,-72(s0)
    80002926:	a009                	j	80002928 <concat_tokens+0x94>
    80002928:	fd043503          	ld	a0,-48(s0)
    8000292c:	fb843583          	ld	a1,-72(s0)
    80002930:	952e                	add	a0,a0,a1
    80002932:	00054503          	lbu	a0,0(a0)
    80002936:	4581                	li	a1,0
    80002938:	fab43423          	sd	a1,-88(s0)
    8000293c:	cd01                	beqz	a0,80002954 <concat_tokens+0xc0>
    8000293e:	a009                	j	80002940 <concat_tokens+0xac>
    80002940:	fc843503          	ld	a0,-56(s0)
    80002944:	fe043583          	ld	a1,-32(s0)
    80002948:	15fd                	addi	a1,a1,-1
    8000294a:	00b53533          	sltu	a0,a0,a1
    8000294e:	faa43423          	sd	a0,-88(s0)
    80002952:	a009                	j	80002954 <concat_tokens+0xc0>
    80002954:	fa843503          	ld	a0,-88(s0)
    80002958:	8905                	andi	a0,a0,1
    8000295a:	c91d                	beqz	a0,80002990 <concat_tokens+0xfc>
    8000295c:	a009                	j	8000295e <concat_tokens+0xca>
    8000295e:	fd043503          	ld	a0,-48(s0)
    80002962:	fb843583          	ld	a1,-72(s0)
    80002966:	952e                	add	a0,a0,a1
    80002968:	00054503          	lbu	a0,0(a0)
    8000296c:	fe843583          	ld	a1,-24(s0)
    80002970:	fc843603          	ld	a2,-56(s0)
    80002974:	00160693          	addi	a3,a2,1
    80002978:	fcd43423          	sd	a3,-56(s0)
    8000297c:	95b2                	add	a1,a1,a2
    8000297e:	00a58023          	sb	a0,0(a1)
    80002982:	a009                	j	80002984 <concat_tokens+0xf0>
    80002984:	fb843503          	ld	a0,-72(s0)
    80002988:	0505                	addi	a0,a0,1
    8000298a:	faa43c23          	sd	a0,-72(s0)
    8000298e:	bf69                	j	80002928 <concat_tokens+0x94>
    80002990:	fe843503          	ld	a0,-24(s0)
    80002994:	fc843583          	ld	a1,-56(s0)
    80002998:	95aa                	add	a1,a1,a0
    8000299a:	4501                	li	a0,0
    8000299c:	00a58023          	sb	a0,0(a1)
    800029a0:	fa040113          	addi	sp,s0,-96
    800029a4:	60e6                	ld	ra,88(sp)
    800029a6:	6446                	ld	s0,80(sp)
    800029a8:	6125                	addi	sp,sp,96
    800029aa:	8082                	ret

00000000800029ac <safe_printf>:
    800029ac:	1101                	addi	sp,sp,-32
    800029ae:	ec06                	sd	ra,24(sp)
    800029b0:	e822                	sd	s0,16(sp)
    800029b2:	1000                	addi	s0,sp,32
    800029b4:	fea43423          	sd	a0,-24(s0)
    800029b8:	fe843503          	ld	a0,-24(s0)
    800029bc:	c901                	beqz	a0,800029cc <safe_printf+0x20>
    800029be:	a009                	j	800029c0 <safe_printf+0x14>
    800029c0:	fe843503          	ld	a0,-24(s0)
    800029c4:	00054503          	lbu	a0,0(a0)
    800029c8:	e119                	bnez	a0,800029ce <safe_printf+0x22>
    800029ca:	a009                	j	800029cc <safe_printf+0x20>
    800029cc:	a081                	j	80002a0c <safe_printf+0x60>
    800029ce:	fe843503          	ld	a0,-24(s0)
    800029d2:	00154503          	lbu	a0,1(a0)
    800029d6:	e515                	bnez	a0,80002a02 <safe_printf+0x56>
    800029d8:	a009                	j	800029da <safe_printf+0x2e>
    800029da:	fe843503          	ld	a0,-24(s0)
    800029de:	00054503          	lbu	a0,0(a0)
    800029e2:	fea403a3          	sb	a0,-25(s0)
    800029e6:	fe744503          	lbu	a0,-25(s0)
    800029ea:	02e000ef          	jal	80002a18 <is_printable>
    800029ee:	e909                	bnez	a0,80002a00 <safe_printf+0x54>
    800029f0:	a009                	j	800029f2 <safe_printf+0x46>
    800029f2:	fe744503          	lbu	a0,-25(s0)
    800029f6:	062000ef          	jal	80002a58 <is_whitespace>
    800029fa:	e119                	bnez	a0,80002a00 <safe_printf+0x54>
    800029fc:	a009                	j	800029fe <safe_printf+0x52>
    800029fe:	a039                	j	80002a0c <safe_printf+0x60>
    80002a00:	a009                	j	80002a02 <safe_printf+0x56>
    80002a02:	fe843503          	ld	a0,-24(s0)
    80002a06:	6b6020ef          	jal	800050bc <print_uart>
    80002a0a:	a009                	j	80002a0c <safe_printf+0x60>
    80002a0c:	fe040113          	addi	sp,s0,-32
    80002a10:	60e2                	ld	ra,24(sp)
    80002a12:	6442                	ld	s0,16(sp)
    80002a14:	6105                	addi	sp,sp,32
    80002a16:	8082                	ret

0000000080002a18 <is_printable>:
    80002a18:	1101                	addi	sp,sp,-32
    80002a1a:	ec06                	sd	ra,24(sp)
    80002a1c:	e822                	sd	s0,16(sp)
    80002a1e:	1000                	addi	s0,sp,32
    80002a20:	fea407a3          	sb	a0,-17(s0)
    80002a24:	fef44503          	lbu	a0,-17(s0)
    80002a28:	4601                	li	a2,0
    80002a2a:	02000593          	li	a1,32
    80002a2e:	fec43023          	sd	a2,-32(s0)
    80002a32:	00b54a63          	blt	a0,a1,80002a46 <is_printable+0x2e>
    80002a36:	a009                	j	80002a38 <is_printable+0x20>
    80002a38:	fef44503          	lbu	a0,-17(s0)
    80002a3c:	07f52513          	slti	a0,a0,127
    80002a40:	fea43023          	sd	a0,-32(s0)
    80002a44:	a009                	j	80002a46 <is_printable+0x2e>
    80002a46:	fe043503          	ld	a0,-32(s0)
    80002a4a:	8905                	andi	a0,a0,1
    80002a4c:	fe040113          	addi	sp,s0,-32
    80002a50:	60e2                	ld	ra,24(sp)
    80002a52:	6442                	ld	s0,16(sp)
    80002a54:	6105                	addi	sp,sp,32
    80002a56:	8082                	ret

0000000080002a58 <is_whitespace>:
    80002a58:	1101                	addi	sp,sp,-32
    80002a5a:	ec06                	sd	ra,24(sp)
    80002a5c:	e822                	sd	s0,16(sp)
    80002a5e:	1000                	addi	s0,sp,32
    80002a60:	fea407a3          	sb	a0,-17(s0)
    80002a64:	fef44503          	lbu	a0,-17(s0)
    80002a68:	4605                	li	a2,1
    80002a6a:	02000593          	li	a1,32
    80002a6e:	fec43023          	sd	a2,-32(s0)
    80002a72:	02b50d63          	beq	a0,a1,80002aac <is_whitespace+0x54>
    80002a76:	a009                	j	80002a78 <is_whitespace+0x20>
    80002a78:	fef44503          	lbu	a0,-17(s0)
    80002a7c:	4605                	li	a2,1
    80002a7e:	45a5                	li	a1,9
    80002a80:	fec43023          	sd	a2,-32(s0)
    80002a84:	02b50463          	beq	a0,a1,80002aac <is_whitespace+0x54>
    80002a88:	a009                	j	80002a8a <is_whitespace+0x32>
    80002a8a:	fef44503          	lbu	a0,-17(s0)
    80002a8e:	4605                	li	a2,1
    80002a90:	45a9                	li	a1,10
    80002a92:	fec43023          	sd	a2,-32(s0)
    80002a96:	00b50b63          	beq	a0,a1,80002aac <is_whitespace+0x54>
    80002a9a:	a009                	j	80002a9c <is_whitespace+0x44>
    80002a9c:	fef44503          	lbu	a0,-17(s0)
    80002aa0:	154d                	addi	a0,a0,-13
    80002aa2:	00153513          	seqz	a0,a0
    80002aa6:	fea43023          	sd	a0,-32(s0)
    80002aaa:	a009                	j	80002aac <is_whitespace+0x54>
    80002aac:	fe043503          	ld	a0,-32(s0)
    80002ab0:	8905                	andi	a0,a0,1
    80002ab2:	fe040113          	addi	sp,s0,-32
    80002ab6:	60e2                	ld	ra,24(sp)
    80002ab8:	6442                	ld	s0,16(sp)
    80002aba:	6105                	addi	sp,sp,32
    80002abc:	8082                	ret

0000000080002abe <random_u32>:
    80002abe:	1101                	addi	sp,sp,-32
    80002ac0:	ec06                	sd	ra,24(sp)
    80002ac2:	e822                	sd	s0,16(sp)
    80002ac4:	1000                	addi	s0,sp,32
    80002ac6:	fea43423          	sd	a0,-24(s0)
    80002aca:	fe843583          	ld	a1,-24(s0)
    80002ace:	6188                	ld	a0,0(a1)
    80002ad0:	00c55613          	srli	a2,a0,0xc
    80002ad4:	8d31                	xor	a0,a0,a2
    80002ad6:	e188                	sd	a0,0(a1)
    80002ad8:	fe843583          	ld	a1,-24(s0)
    80002adc:	6188                	ld	a0,0(a1)
    80002ade:	01951613          	slli	a2,a0,0x19
    80002ae2:	8d31                	xor	a0,a0,a2
    80002ae4:	e188                	sd	a0,0(a1)
    80002ae6:	fe843583          	ld	a1,-24(s0)
    80002aea:	6188                	ld	a0,0(a1)
    80002aec:	01b55613          	srli	a2,a0,0x1b
    80002af0:	8d31                	xor	a0,a0,a2
    80002af2:	e188                	sd	a0,0(a1)
    80002af4:	fe843503          	ld	a0,-24(s0)
    80002af8:	6108                	ld	a0,0(a0)
    80002afa:	00003597          	auipc	a1,0x3
    80002afe:	8ae58593          	addi	a1,a1,-1874 # 800053a8 <matrix_kernel_qmatmul_f32_noblk+0x1c2>
    80002b02:	618c                	ld	a1,0(a1)
    80002b04:	02b50533          	mul	a0,a0,a1
    80002b08:	9501                	srai	a0,a0,0x20
    80002b0a:	fe040113          	addi	sp,s0,-32
    80002b0e:	60e2                	ld	ra,24(sp)
    80002b10:	6442                	ld	s0,16(sp)
    80002b12:	6105                	addi	sp,sp,32
    80002b14:	8082                	ret

0000000080002b16 <random_f32>:
    80002b16:	1101                	addi	sp,sp,-32
    80002b18:	ec06                	sd	ra,24(sp)
    80002b1a:	e822                	sd	s0,16(sp)
    80002b1c:	1000                	addi	s0,sp,32
    80002b1e:	fea43423          	sd	a0,-24(s0)
    80002b22:	fe843503          	ld	a0,-24(s0)
    80002b26:	f99ff0ef          	jal	80002abe <random_u32>
    80002b2a:	0085551b          	srliw	a0,a0,0x8
    80002b2e:	d01577d3          	fcvt.s.wu	fa5,a0
    80002b32:	33800537          	lui	a0,0x33800
    80002b36:	f0050753          	fmv.w.x	fa4,a0
    80002b3a:	10e7f553          	fmul.s	fa0,fa5,fa4
    80002b3e:	fe040113          	addi	sp,s0,-32
    80002b42:	60e2                	ld	ra,24(sp)
    80002b44:	6442                	ld	s0,16(sp)
    80002b46:	6105                	addi	sp,sp,32
    80002b48:	8082                	ret

0000000080002b4a <sample_argmax>:
    80002b4a:	7179                	addi	sp,sp,-48
    80002b4c:	f406                	sd	ra,40(sp)
    80002b4e:	f022                	sd	s0,32(sp)
    80002b50:	1800                	addi	s0,sp,48
    80002b52:	fea43423          	sd	a0,-24(s0)
    80002b56:	feb42223          	sw	a1,-28(s0)
    80002b5a:	4501                	li	a0,0
    80002b5c:	fea42023          	sw	a0,-32(s0)
    80002b60:	fe843503          	ld	a0,-24(s0)
    80002b64:	00052787          	flw	fa5,0(a0) # 33800000 <UART0_BASE+0x23800000>
    80002b68:	fcf42e27          	fsw	fa5,-36(s0)
    80002b6c:	4505                	li	a0,1
    80002b6e:	fca42c23          	sw	a0,-40(s0)
    80002b72:	a009                	j	80002b74 <sample_argmax+0x2a>
    80002b74:	fd842503          	lw	a0,-40(s0)
    80002b78:	fe442583          	lw	a1,-28(s0)
    80002b7c:	04b55763          	bge	a0,a1,80002bca <sample_argmax+0x80>
    80002b80:	a009                	j	80002b82 <sample_argmax+0x38>
    80002b82:	fe843503          	ld	a0,-24(s0)
    80002b86:	fd842583          	lw	a1,-40(s0)
    80002b8a:	058a                	slli	a1,a1,0x2
    80002b8c:	952e                	add	a0,a0,a1
    80002b8e:	00052707          	flw	fa4,0(a0)
    80002b92:	fdc42787          	flw	fa5,-36(s0)
    80002b96:	a0e79553          	flt.s	a0,fa5,fa4
    80002b9a:	c10d                	beqz	a0,80002bbc <sample_argmax+0x72>
    80002b9c:	a009                	j	80002b9e <sample_argmax+0x54>
    80002b9e:	fe843503          	ld	a0,-24(s0)
    80002ba2:	fd842583          	lw	a1,-40(s0)
    80002ba6:	058a                	slli	a1,a1,0x2
    80002ba8:	952e                	add	a0,a0,a1
    80002baa:	00052787          	flw	fa5,0(a0)
    80002bae:	fcf42e27          	fsw	fa5,-36(s0)
    80002bb2:	fd842503          	lw	a0,-40(s0)
    80002bb6:	fea42023          	sw	a0,-32(s0)
    80002bba:	a009                	j	80002bbc <sample_argmax+0x72>
    80002bbc:	a009                	j	80002bbe <sample_argmax+0x74>
    80002bbe:	fd842503          	lw	a0,-40(s0)
    80002bc2:	2505                	addiw	a0,a0,1
    80002bc4:	fca42c23          	sw	a0,-40(s0)
    80002bc8:	b775                	j	80002b74 <sample_argmax+0x2a>
    80002bca:	fe042503          	lw	a0,-32(s0)
    80002bce:	fd040113          	addi	sp,s0,-48
    80002bd2:	70a2                	ld	ra,40(sp)
    80002bd4:	7402                	ld	s0,32(sp)
    80002bd6:	6145                	addi	sp,sp,48
    80002bd8:	8082                	ret

0000000080002bda <sample_mult>:
    80002bda:	7179                	addi	sp,sp,-48
    80002bdc:	f406                	sd	ra,40(sp)
    80002bde:	f022                	sd	s0,32(sp)
    80002be0:	1800                	addi	s0,sp,48
    80002be2:	fea43023          	sd	a0,-32(s0)
    80002be6:	fcb42e23          	sw	a1,-36(s0)
    80002bea:	fca42c27          	fsw	fa0,-40(s0)
    80002bee:	4501                	li	a0,0
    80002bf0:	fca42a23          	sw	a0,-44(s0)
    80002bf4:	fca42823          	sw	a0,-48(s0)
    80002bf8:	a009                	j	80002bfa <sample_mult+0x20>
    80002bfa:	fd042503          	lw	a0,-48(s0)
    80002bfe:	fdc42583          	lw	a1,-36(s0)
    80002c02:	04b55563          	bge	a0,a1,80002c4c <sample_mult+0x72>
    80002c06:	a009                	j	80002c08 <sample_mult+0x2e>
    80002c08:	fe043503          	ld	a0,-32(s0)
    80002c0c:	fd042583          	lw	a1,-48(s0)
    80002c10:	058a                	slli	a1,a1,0x2
    80002c12:	952e                	add	a0,a0,a1
    80002c14:	00052707          	flw	fa4,0(a0)
    80002c18:	fd442787          	flw	fa5,-44(s0)
    80002c1c:	00e7f7d3          	fadd.s	fa5,fa5,fa4
    80002c20:	fcf42a27          	fsw	fa5,-44(s0)
    80002c24:	fd842787          	flw	fa5,-40(s0)
    80002c28:	fd442707          	flw	fa4,-44(s0)
    80002c2c:	a0e79553          	flt.s	a0,fa5,fa4
    80002c30:	c519                	beqz	a0,80002c3e <sample_mult+0x64>
    80002c32:	a009                	j	80002c34 <sample_mult+0x5a>
    80002c34:	fd042503          	lw	a0,-48(s0)
    80002c38:	fea42623          	sw	a0,-20(s0)
    80002c3c:	a831                	j	80002c58 <sample_mult+0x7e>
    80002c3e:	a009                	j	80002c40 <sample_mult+0x66>
    80002c40:	fd042503          	lw	a0,-48(s0)
    80002c44:	2505                	addiw	a0,a0,1
    80002c46:	fca42823          	sw	a0,-48(s0)
    80002c4a:	bf45                	j	80002bfa <sample_mult+0x20>
    80002c4c:	fdc42503          	lw	a0,-36(s0)
    80002c50:	357d                	addiw	a0,a0,-1
    80002c52:	fea42623          	sw	a0,-20(s0)
    80002c56:	a009                	j	80002c58 <sample_mult+0x7e>
    80002c58:	fec42503          	lw	a0,-20(s0)
    80002c5c:	fd040113          	addi	sp,s0,-48
    80002c60:	70a2                	ld	ra,40(sp)
    80002c62:	7402                	ld	s0,32(sp)
    80002c64:	6145                	addi	sp,sp,48
    80002c66:	8082                	ret

0000000080002c68 <build_sampler>:
    80002c68:	7179                	addi	sp,sp,-48
    80002c6a:	f406                	sd	ra,40(sp)
    80002c6c:	f022                	sd	s0,32(sp)
    80002c6e:	1800                	addi	s0,sp,48
    80002c70:	fea43423          	sd	a0,-24(s0)
    80002c74:	feb42223          	sw	a1,-28(s0)
    80002c78:	fea42027          	fsw	fa0,-32(s0)
    80002c7c:	fcb42e27          	fsw	fa1,-36(s0)
    80002c80:	fcc43823          	sd	a2,-48(s0)
    80002c84:	fe442503          	lw	a0,-28(s0)
    80002c88:	fe843583          	ld	a1,-24(s0)
    80002c8c:	c188                	sw	a0,0(a1)
    80002c8e:	fe042787          	flw	fa5,-32(s0)
    80002c92:	fe843503          	ld	a0,-24(s0)
    80002c96:	00f52827          	fsw	fa5,16(a0)
    80002c9a:	fdc42787          	flw	fa5,-36(s0)
    80002c9e:	fe843503          	ld	a0,-24(s0)
    80002ca2:	00f52a27          	fsw	fa5,20(a0)
    80002ca6:	fd043503          	ld	a0,-48(s0)
    80002caa:	fe843583          	ld	a1,-24(s0)
    80002cae:	ed88                	sd	a0,24(a1)
    80002cb0:	fe442503          	lw	a0,-28(s0)
    80002cb4:	050e                	slli	a0,a0,0x3
    80002cb6:	f19fd0ef          	jal	80000bce <malloc>
    80002cba:	fe843583          	ld	a1,-24(s0)
    80002cbe:	e588                	sd	a0,8(a1)
    80002cc0:	fe843503          	ld	a0,-24(s0)
    80002cc4:	6508                	ld	a0,8(a0)
    80002cc6:	e909                	bnez	a0,80002cd8 <build_sampler+0x70>
    80002cc8:	a009                	j	80002cca <build_sampler+0x62>
    80002cca:	00002517          	auipc	a0,0x2
    80002cce:	7b250513          	addi	a0,a0,1970 # 8000547c <matrix_kernel_qmatmul_f32_noblk+0x296>
    80002cd2:	e70fe0ef          	jal	80001342 <panic>
    80002cd6:	a009                	j	80002cd8 <build_sampler+0x70>
    80002cd8:	fd040113          	addi	sp,s0,-48
    80002cdc:	70a2                	ld	ra,40(sp)
    80002cde:	7402                	ld	s0,32(sp)
    80002ce0:	6145                	addi	sp,sp,48
    80002ce2:	8082                	ret

0000000080002ce4 <free_sampler>:
    80002ce4:	1101                	addi	sp,sp,-32
    80002ce6:	ec06                	sd	ra,24(sp)
    80002ce8:	e822                	sd	s0,16(sp)
    80002cea:	1000                	addi	s0,sp,32
    80002cec:	fea43423          	sd	a0,-24(s0)
    80002cf0:	fe843503          	ld	a0,-24(s0)
    80002cf4:	6508                	ld	a0,8(a0)
    80002cf6:	834fe0ef          	jal	80000d2a <free>
    80002cfa:	fe040113          	addi	sp,s0,-32
    80002cfe:	60e2                	ld	ra,24(sp)
    80002d00:	6442                	ld	s0,16(sp)
    80002d02:	6105                	addi	sp,sp,32
    80002d04:	8082                	ret

0000000080002d06 <sample_topp>:
    80002d06:	7119                	addi	sp,sp,-128
    80002d08:	fc86                	sd	ra,120(sp)
    80002d0a:	f8a2                	sd	s0,112(sp)
    80002d0c:	0100                	addi	s0,sp,128
    80002d0e:	fea43023          	sd	a0,-32(s0)
    80002d12:	fcb42e23          	sw	a1,-36(s0)
    80002d16:	fca42c27          	fsw	fa0,-40(s0)
    80002d1a:	fcc43823          	sd	a2,-48(s0)
    80002d1e:	fcb42627          	fsw	fa1,-52(s0)
    80002d22:	4501                	li	a0,0
    80002d24:	fca42423          	sw	a0,-56(s0)
    80002d28:	fd842707          	flw	fa4,-40(s0)
    80002d2c:	3f8005b7          	lui	a1,0x3f800
    80002d30:	f00587d3          	fmv.w.x	fa5,a1
    80002d34:	08e7f7d3          	fsub.s	fa5,fa5,fa4
    80002d38:	fdc42583          	lw	a1,-36(s0)
    80002d3c:	35fd                	addiw	a1,a1,-1 # 3f7fffff <UART0_BASE+0x2f7fffff>
    80002d3e:	d005f753          	fcvt.s.w	fa4,a1
    80002d42:	18e7f7d3          	fdiv.s	fa5,fa5,fa4
    80002d46:	fcf42227          	fsw	fa5,-60(s0)
    80002d4a:	fca42023          	sw	a0,-64(s0)
    80002d4e:	a009                	j	80002d50 <sample_topp+0x4a>
    80002d50:	fc042503          	lw	a0,-64(s0)
    80002d54:	fdc42583          	lw	a1,-36(s0)
    80002d58:	06b55763          	bge	a0,a1,80002dc6 <sample_topp+0xc0>
    80002d5c:	a009                	j	80002d5e <sample_topp+0x58>
    80002d5e:	fe043503          	ld	a0,-32(s0)
    80002d62:	fc042583          	lw	a1,-64(s0)
    80002d66:	058a                	slli	a1,a1,0x2
    80002d68:	952e                	add	a0,a0,a1
    80002d6a:	00052707          	flw	fa4,0(a0)
    80002d6e:	fc442787          	flw	fa5,-60(s0)
    80002d72:	a0e78553          	fle.s	a0,fa5,fa4
    80002d76:	c129                	beqz	a0,80002db8 <sample_topp+0xb2>
    80002d78:	a009                	j	80002d7a <sample_topp+0x74>
    80002d7a:	fe043503          	ld	a0,-32(s0)
    80002d7e:	fc042583          	lw	a1,-64(s0)
    80002d82:	058a                	slli	a1,a1,0x2
    80002d84:	952e                	add	a0,a0,a1
    80002d86:	00052787          	flw	fa5,0(a0)
    80002d8a:	fd043503          	ld	a0,-48(s0)
    80002d8e:	fc842583          	lw	a1,-56(s0)
    80002d92:	058e                	slli	a1,a1,0x3
    80002d94:	952e                	add	a0,a0,a1
    80002d96:	00f52027          	fsw	fa5,0(a0)
    80002d9a:	fc042503          	lw	a0,-64(s0)
    80002d9e:	fd043583          	ld	a1,-48(s0)
    80002da2:	fc842603          	lw	a2,-56(s0)
    80002da6:	060e                	slli	a2,a2,0x3
    80002da8:	95b2                	add	a1,a1,a2
    80002daa:	c1c8                	sw	a0,4(a1)
    80002dac:	fc842503          	lw	a0,-56(s0)
    80002db0:	2505                	addiw	a0,a0,1
    80002db2:	fca42423          	sw	a0,-56(s0)
    80002db6:	a009                	j	80002db8 <sample_topp+0xb2>
    80002db8:	a009                	j	80002dba <sample_topp+0xb4>
    80002dba:	fc042503          	lw	a0,-64(s0)
    80002dbe:	2505                	addiw	a0,a0,1
    80002dc0:	fca42023          	sw	a0,-64(s0)
    80002dc4:	b771                	j	80002d50 <sample_topp+0x4a>
    80002dc6:	4505                	li	a0,1
    80002dc8:	faa42e23          	sw	a0,-68(s0)
    80002dcc:	a009                	j	80002dce <sample_topp+0xc8>
    80002dce:	fbc42503          	lw	a0,-68(s0)
    80002dd2:	fc842583          	lw	a1,-56(s0)
    80002dd6:	0ab55663          	bge	a0,a1,80002e82 <sample_topp+0x17c>
    80002dda:	a009                	j	80002ddc <sample_topp+0xd6>
    80002ddc:	fd043503          	ld	a0,-48(s0)
    80002de0:	fbc42583          	lw	a1,-68(s0)
    80002de4:	058e                	slli	a1,a1,0x3
    80002de6:	952e                	add	a0,a0,a1
    80002de8:	00056583          	lwu	a1,0(a0)
    80002dec:	00456503          	lwu	a0,4(a0)
    80002df0:	1502                	slli	a0,a0,0x20
    80002df2:	8d4d                	or	a0,a0,a1
    80002df4:	faa43823          	sd	a0,-80(s0)
    80002df8:	fbc42503          	lw	a0,-68(s0)
    80002dfc:	357d                	addiw	a0,a0,-1
    80002dfe:	faa42623          	sw	a0,-84(s0)
    80002e02:	a009                	j	80002e04 <sample_topp+0xfe>
    80002e04:	fac42503          	lw	a0,-84(s0)
    80002e08:	4581                	li	a1,0
    80002e0a:	f8b43423          	sd	a1,-120(s0)
    80002e0e:	02054263          	bltz	a0,80002e32 <sample_topp+0x12c>
    80002e12:	a009                	j	80002e14 <sample_topp+0x10e>
    80002e14:	fd043503          	ld	a0,-48(s0)
    80002e18:	fac42583          	lw	a1,-84(s0)
    80002e1c:	058e                	slli	a1,a1,0x3
    80002e1e:	952e                	add	a0,a0,a1
    80002e20:	00052787          	flw	fa5,0(a0)
    80002e24:	fb042707          	flw	fa4,-80(s0)
    80002e28:	a0e79553          	flt.s	a0,fa5,fa4
    80002e2c:	f8a43423          	sd	a0,-120(s0)
    80002e30:	a009                	j	80002e32 <sample_topp+0x12c>
    80002e32:	f8843503          	ld	a0,-120(s0)
    80002e36:	8905                	andi	a0,a0,1
    80002e38:	c115                	beqz	a0,80002e5c <sample_topp+0x156>
    80002e3a:	a009                	j	80002e3c <sample_topp+0x136>
    80002e3c:	fd043503          	ld	a0,-48(s0)
    80002e40:	fac42583          	lw	a1,-84(s0)
    80002e44:	058e                	slli	a1,a1,0x3
    80002e46:	95aa                	add	a1,a1,a0
    80002e48:	41c8                	lw	a0,4(a1)
    80002e4a:	c5c8                	sw	a0,12(a1)
    80002e4c:	4188                	lw	a0,0(a1)
    80002e4e:	c588                	sw	a0,8(a1)
    80002e50:	fac42503          	lw	a0,-84(s0)
    80002e54:	357d                	addiw	a0,a0,-1
    80002e56:	faa42623          	sw	a0,-84(s0)
    80002e5a:	b76d                	j	80002e04 <sample_topp+0xfe>
    80002e5c:	fd043583          	ld	a1,-48(s0)
    80002e60:	fac42503          	lw	a0,-84(s0)
    80002e64:	050e                	slli	a0,a0,0x3
    80002e66:	95aa                	add	a1,a1,a0
    80002e68:	fb442503          	lw	a0,-76(s0)
    80002e6c:	c5c8                	sw	a0,12(a1)
    80002e6e:	fb042503          	lw	a0,-80(s0)
    80002e72:	c588                	sw	a0,8(a1)
    80002e74:	a009                	j	80002e76 <sample_topp+0x170>
    80002e76:	fbc42503          	lw	a0,-68(s0)
    80002e7a:	2505                	addiw	a0,a0,1
    80002e7c:	faa42e23          	sw	a0,-68(s0)
    80002e80:	b7b9                	j	80002dce <sample_topp+0xc8>
    80002e82:	4501                	li	a0,0
    80002e84:	faa42423          	sw	a0,-88(s0)
    80002e88:	fc842583          	lw	a1,-56(s0)
    80002e8c:	35fd                	addiw	a1,a1,-1
    80002e8e:	fab42223          	sw	a1,-92(s0)
    80002e92:	faa42023          	sw	a0,-96(s0)
    80002e96:	a009                	j	80002e98 <sample_topp+0x192>
    80002e98:	fa042503          	lw	a0,-96(s0)
    80002e9c:	fc842583          	lw	a1,-56(s0)
    80002ea0:	04b55563          	bge	a0,a1,80002eea <sample_topp+0x1e4>
    80002ea4:	a009                	j	80002ea6 <sample_topp+0x1a0>
    80002ea6:	fd043503          	ld	a0,-48(s0)
    80002eaa:	fa042583          	lw	a1,-96(s0)
    80002eae:	058e                	slli	a1,a1,0x3
    80002eb0:	952e                	add	a0,a0,a1
    80002eb2:	00052707          	flw	fa4,0(a0)
    80002eb6:	fa842787          	flw	fa5,-88(s0)
    80002eba:	00e7f7d3          	fadd.s	fa5,fa5,fa4
    80002ebe:	faf42427          	fsw	fa5,-88(s0)
    80002ec2:	fa842707          	flw	fa4,-88(s0)
    80002ec6:	fd842787          	flw	fa5,-40(s0)
    80002eca:	a0e79553          	flt.s	a0,fa5,fa4
    80002ece:	c519                	beqz	a0,80002edc <sample_topp+0x1d6>
    80002ed0:	a009                	j	80002ed2 <sample_topp+0x1cc>
    80002ed2:	fa042503          	lw	a0,-96(s0)
    80002ed6:	faa42223          	sw	a0,-92(s0)
    80002eda:	a801                	j	80002eea <sample_topp+0x1e4>
    80002edc:	a009                	j	80002ede <sample_topp+0x1d8>
    80002ede:	fa042503          	lw	a0,-96(s0)
    80002ee2:	2505                	addiw	a0,a0,1
    80002ee4:	faa42023          	sw	a0,-96(s0)
    80002ee8:	bf45                	j	80002e98 <sample_topp+0x192>
    80002eea:	fcc42787          	flw	fa5,-52(s0)
    80002eee:	fa842707          	flw	fa4,-88(s0)
    80002ef2:	10e7f7d3          	fmul.s	fa5,fa5,fa4
    80002ef6:	f8f42e27          	fsw	fa5,-100(s0)
    80002efa:	4501                	li	a0,0
    80002efc:	f8a42c23          	sw	a0,-104(s0)
    80002f00:	f8a42a23          	sw	a0,-108(s0)
    80002f04:	a009                	j	80002f06 <sample_topp+0x200>
    80002f06:	f9442583          	lw	a1,-108(s0)
    80002f0a:	fa442503          	lw	a0,-92(s0)
    80002f0e:	04b54a63          	blt	a0,a1,80002f62 <sample_topp+0x25c>
    80002f12:	a009                	j	80002f14 <sample_topp+0x20e>
    80002f14:	fd043503          	ld	a0,-48(s0)
    80002f18:	f9442583          	lw	a1,-108(s0)
    80002f1c:	058e                	slli	a1,a1,0x3
    80002f1e:	952e                	add	a0,a0,a1
    80002f20:	00052707          	flw	fa4,0(a0)
    80002f24:	f9842787          	flw	fa5,-104(s0)
    80002f28:	00e7f7d3          	fadd.s	fa5,fa5,fa4
    80002f2c:	f8f42c27          	fsw	fa5,-104(s0)
    80002f30:	f9c42787          	flw	fa5,-100(s0)
    80002f34:	f9842707          	flw	fa4,-104(s0)
    80002f38:	a0e79553          	flt.s	a0,fa5,fa4
    80002f3c:	cd01                	beqz	a0,80002f54 <sample_topp+0x24e>
    80002f3e:	a009                	j	80002f40 <sample_topp+0x23a>
    80002f40:	fd043503          	ld	a0,-48(s0)
    80002f44:	f9442583          	lw	a1,-108(s0)
    80002f48:	058e                	slli	a1,a1,0x3
    80002f4a:	952e                	add	a0,a0,a1
    80002f4c:	4148                	lw	a0,4(a0)
    80002f4e:	fea42623          	sw	a0,-20(s0)
    80002f52:	a015                	j	80002f76 <sample_topp+0x270>
    80002f54:	a009                	j	80002f56 <sample_topp+0x250>
    80002f56:	f9442503          	lw	a0,-108(s0)
    80002f5a:	2505                	addiw	a0,a0,1
    80002f5c:	f8a42a23          	sw	a0,-108(s0)
    80002f60:	b75d                	j	80002f06 <sample_topp+0x200>
    80002f62:	fd043503          	ld	a0,-48(s0)
    80002f66:	fa442583          	lw	a1,-92(s0)
    80002f6a:	058e                	slli	a1,a1,0x3
    80002f6c:	952e                	add	a0,a0,a1
    80002f6e:	4148                	lw	a0,4(a0)
    80002f70:	fea42623          	sw	a0,-20(s0)
    80002f74:	a009                	j	80002f76 <sample_topp+0x270>
    80002f76:	fec42503          	lw	a0,-20(s0)
    80002f7a:	f8040113          	addi	sp,s0,-128
    80002f7e:	70e6                	ld	ra,120(sp)
    80002f80:	7446                	ld	s0,112(sp)
    80002f82:	6109                	addi	sp,sp,128
    80002f84:	8082                	ret

0000000080002f86 <sample_token>:
    80002f86:	7179                	addi	sp,sp,-48
    80002f88:	f406                	sd	ra,40(sp)
    80002f8a:	f022                	sd	s0,32(sp)
    80002f8c:	1800                	addi	s0,sp,48
    80002f8e:	fea43423          	sd	a0,-24(s0)
    80002f92:	feb43023          	sd	a1,-32(s0)
    80002f96:	fe843503          	ld	a0,-24(s0)
    80002f9a:	01052787          	flw	fa5,16(a0)
    80002f9e:	f0000753          	fmv.w.x	fa4,zero
    80002fa2:	a0e7a553          	feq.s	a0,fa5,fa4
    80002fa6:	cd01                	beqz	a0,80002fbe <sample_token+0x38>
    80002fa8:	a009                	j	80002faa <sample_token+0x24>
    80002faa:	fe043503          	ld	a0,-32(s0)
    80002fae:	fe843583          	ld	a1,-24(s0)
    80002fb2:	418c                	lw	a1,0(a1)
    80002fb4:	b97ff0ef          	jal	80002b4a <sample_argmax>
    80002fb8:	fca42e23          	sw	a0,-36(s0)
    80002fbc:	a0e1                	j	80003084 <sample_token+0xfe>
    80002fbe:	4501                	li	a0,0
    80002fc0:	fca42c23          	sw	a0,-40(s0)
    80002fc4:	a009                	j	80002fc6 <sample_token+0x40>
    80002fc6:	fd842503          	lw	a0,-40(s0)
    80002fca:	fe843583          	ld	a1,-24(s0)
    80002fce:	418c                	lw	a1,0(a1)
    80002fd0:	02b55a63          	bge	a0,a1,80003004 <sample_token+0x7e>
    80002fd4:	a009                	j	80002fd6 <sample_token+0x50>
    80002fd6:	fe843503          	ld	a0,-24(s0)
    80002fda:	01052707          	flw	fa4,16(a0)
    80002fde:	fe043503          	ld	a0,-32(s0)
    80002fe2:	fd842583          	lw	a1,-40(s0)
    80002fe6:	058a                	slli	a1,a1,0x2
    80002fe8:	952e                	add	a0,a0,a1
    80002fea:	00052787          	flw	fa5,0(a0)
    80002fee:	18e7f7d3          	fdiv.s	fa5,fa5,fa4
    80002ff2:	00f52027          	fsw	fa5,0(a0)
    80002ff6:	a009                	j	80002ff8 <sample_token+0x72>
    80002ff8:	fd842503          	lw	a0,-40(s0)
    80002ffc:	2505                	addiw	a0,a0,1
    80002ffe:	fca42c23          	sw	a0,-40(s0)
    80003002:	b7d1                	j	80002fc6 <sample_token+0x40>
    80003004:	fe043503          	ld	a0,-32(s0)
    80003008:	fe843583          	ld	a1,-24(s0)
    8000300c:	418c                	lw	a1,0(a1)
    8000300e:	f36fe0ef          	jal	80001744 <softmax>
    80003012:	fe843503          	ld	a0,-24(s0)
    80003016:	0561                	addi	a0,a0,24
    80003018:	affff0ef          	jal	80002b16 <random_f32>
    8000301c:	fca42a27          	fsw	fa0,-44(s0)
    80003020:	fe843503          	ld	a0,-24(s0)
    80003024:	01452787          	flw	fa5,20(a0)
    80003028:	f0000753          	fmv.w.x	fa4,zero
    8000302c:	a0e78553          	fle.s	a0,fa5,fa4
    80003030:	ed11                	bnez	a0,8000304c <sample_token+0xc6>
    80003032:	a009                	j	80003034 <sample_token+0xae>
    80003034:	fe843503          	ld	a0,-24(s0)
    80003038:	01452707          	flw	fa4,20(a0)
    8000303c:	3f800537          	lui	a0,0x3f800
    80003040:	f00507d3          	fmv.w.x	fa5,a0
    80003044:	a0e78553          	fle.s	a0,fa5,fa4
    80003048:	cd11                	beqz	a0,80003064 <sample_token+0xde>
    8000304a:	a009                	j	8000304c <sample_token+0xc6>
    8000304c:	fe043503          	ld	a0,-32(s0)
    80003050:	fe843583          	ld	a1,-24(s0)
    80003054:	418c                	lw	a1,0(a1)
    80003056:	fd442507          	flw	fa0,-44(s0)
    8000305a:	b81ff0ef          	jal	80002bda <sample_mult>
    8000305e:	fca42e23          	sw	a0,-36(s0)
    80003062:	a005                	j	80003082 <sample_token+0xfc>
    80003064:	fe043503          	ld	a0,-32(s0)
    80003068:	fe843603          	ld	a2,-24(s0)
    8000306c:	420c                	lw	a1,0(a2)
    8000306e:	01462507          	flw	fa0,20(a2)
    80003072:	6610                	ld	a2,8(a2)
    80003074:	fd442587          	flw	fa1,-44(s0)
    80003078:	c8fff0ef          	jal	80002d06 <sample_topp>
    8000307c:	fca42e23          	sw	a0,-36(s0)
    80003080:	a009                	j	80003082 <sample_token+0xfc>
    80003082:	a009                	j	80003084 <sample_token+0xfe>
    80003084:	fdc42503          	lw	a0,-36(s0)
    80003088:	fd040113          	addi	sp,s0,-48
    8000308c:	70a2                	ld	ra,40(sp)
    8000308e:	7402                	ld	s0,32(sp)
    80003090:	6145                	addi	sp,sp,48
    80003092:	8082                	ret

0000000080003094 <generate>:
    80003094:	7145                	addi	sp,sp,-464
    80003096:	e786                	sd	ra,456(sp)
    80003098:	e3a2                	sd	s0,448(sp)
    8000309a:	0b80                	addi	s0,sp,464
    8000309c:	fea43423          	sd	a0,-24(s0)
    800030a0:	feb43023          	sd	a1,-32(s0)
    800030a4:	fcc43c23          	sd	a2,-40(s0)
    800030a8:	fcd43823          	sd	a3,-48(s0)
    800030ac:	fce42623          	sw	a4,-52(s0)
    800030b0:	00002517          	auipc	a0,0x2
    800030b4:	61750513          	addi	a0,a0,1559 # 800056c7 <matrix_kernel_qmatmul_f32_noblk+0x4e1>
    800030b8:	004020ef          	jal	800050bc <print_uart>
    800030bc:	fd043503          	ld	a0,-48(s0)
    800030c0:	e909                	bnez	a0,800030d2 <generate+0x3e>
    800030c2:	a009                	j	800030c4 <generate+0x30>
    800030c4:	00002517          	auipc	a0,0x2
    800030c8:	5c950513          	addi	a0,a0,1481 # 8000568d <matrix_kernel_qmatmul_f32_noblk+0x4a7>
    800030cc:	a76fe0ef          	jal	80001342 <panic>
    800030d0:	a009                	j	800030d2 <generate+0x3e>
    800030d2:	4501                	li	a0,0
    800030d4:	e4a43023          	sd	a0,-448(s0)
    800030d8:	fca42423          	sw	a0,-56(s0)
    800030dc:	fd043503          	ld	a0,-48(s0)
    800030e0:	9e4fd0ef          	jal	800002c4 <strlen>
    800030e4:	050a                	slli	a0,a0,0x2
    800030e6:	0531                	addi	a0,a0,12
    800030e8:	ae7fd0ef          	jal	80000bce <malloc>
    800030ec:	e4043683          	ld	a3,-448(s0)
    800030f0:	fca43023          	sd	a0,-64(s0)
    800030f4:	fe043503          	ld	a0,-32(s0)
    800030f8:	fd043583          	ld	a1,-48(s0)
    800030fc:	fc043703          	ld	a4,-64(s0)
    80003100:	4605                	li	a2,1
    80003102:	fc840793          	addi	a5,s0,-56
    80003106:	bccff0ef          	jal	800024d2 <encode>
    8000310a:	e4043503          	ld	a0,-448(s0)
    8000310e:	fc842583          	lw	a1,-56(s0)
    80003112:	00b54a63          	blt	a0,a1,80003126 <generate+0x92>
    80003116:	a009                	j	80003118 <generate+0x84>
    80003118:	00002517          	auipc	a0,0x2
    8000311c:	4c450513          	addi	a0,a0,1220 # 800055dc <matrix_kernel_qmatmul_f32_noblk+0x3f6>
    80003120:	a22fe0ef          	jal	80001342 <panic>
    80003124:	a009                	j	80003126 <generate+0x92>
    80003126:	4501                	li	a0,0
    80003128:	e2a43c23          	sd	a0,-456(s0)
    8000312c:	faa43c23          	sd	a0,-72(s0)
    80003130:	43a000ef          	jal	8000356a <rdcycle>
    80003134:	85aa                	mv	a1,a0
    80003136:	e3843503          	ld	a0,-456(s0)
    8000313a:	fab43823          	sd	a1,-80(s0)
    8000313e:	faa43423          	sd	a0,-88(s0)
    80003142:	fc043583          	ld	a1,-64(s0)
    80003146:	418c                	lw	a1,0(a1)
    80003148:	fab42223          	sw	a1,-92(s0)
    8000314c:	faa42023          	sw	a0,-96(s0)
    80003150:	f8a42e23          	sw	a0,-100(s0)
    80003154:	e8a42c23          	sw	a0,-360(s0)
    80003158:	a009                	j	8000315a <generate+0xc6>
    8000315a:	fa042503          	lw	a0,-96(s0)
    8000315e:	fcc42583          	lw	a1,-52(s0)
    80003162:	30b55263          	bge	a0,a1,80003466 <generate+0x3d2>
    80003166:	a009                	j	80003168 <generate+0xd4>
    80003168:	fe843503          	ld	a0,-24(s0)
    8000316c:	fa442583          	lw	a1,-92(s0)
    80003170:	fa042603          	lw	a2,-96(s0)
    80003174:	fd8fe0ef          	jal	8000194c <forward>
    80003178:	e8a43823          	sd	a0,-368(s0)
    8000317c:	fa042503          	lw	a0,-96(s0)
    80003180:	fc842583          	lw	a1,-56(s0)
    80003184:	35fd                	addiw	a1,a1,-1
    80003186:	00b55d63          	bge	a0,a1,800031a0 <generate+0x10c>
    8000318a:	a009                	j	8000318c <generate+0xf8>
    8000318c:	fc043583          	ld	a1,-64(s0)
    80003190:	fa042503          	lw	a0,-96(s0)
    80003194:	050a                	slli	a0,a0,0x2
    80003196:	952e                	add	a0,a0,a1
    80003198:	4148                	lw	a0,4(a0)
    8000319a:	e8a42623          	sw	a0,-372(s0)
    8000319e:	a01d                	j	800031c4 <generate+0x130>
    800031a0:	fd843503          	ld	a0,-40(s0)
    800031a4:	e9043583          	ld	a1,-368(s0)
    800031a8:	ddfff0ef          	jal	80002f86 <sample_token>
    800031ac:	e8a42623          	sw	a0,-372(s0)
    800031b0:	fa843503          	ld	a0,-88(s0)
    800031b4:	e519                	bnez	a0,800031c2 <generate+0x12e>
    800031b6:	a009                	j	800031b8 <generate+0x124>
    800031b8:	3b2000ef          	jal	8000356a <rdcycle>
    800031bc:	faa43423          	sd	a0,-88(s0)
    800031c0:	a009                	j	800031c2 <generate+0x12e>
    800031c2:	a009                	j	800031c4 <generate+0x130>
    800031c4:	fa042503          	lw	a0,-96(s0)
    800031c8:	2505                	addiw	a0,a0,1
    800031ca:	faa42023          	sw	a0,-96(s0)
    800031ce:	e8c42503          	lw	a0,-372(s0)
    800031d2:	4585                	li	a1,1
    800031d4:	00b51463          	bne	a0,a1,800031dc <generate+0x148>
    800031d8:	a009                	j	800031da <generate+0x146>
    800031da:	a471                	j	80003466 <generate+0x3d2>
    800031dc:	fe043503          	ld	a0,-32(s0)
    800031e0:	fa442583          	lw	a1,-92(s0)
    800031e4:	e8c42603          	lw	a2,-372(s0)
    800031e8:	984ff0ef          	jal	8000236c <decode>
    800031ec:	e8a43023          	sd	a0,-384(s0)
    800031f0:	e8043503          	ld	a0,-384(s0)
    800031f4:	24050b63          	beqz	a0,8000344a <generate+0x3b6>
    800031f8:	a009                	j	800031fa <generate+0x166>
    800031fa:	4505                	li	a0,1
    800031fc:	e6a42e23          	sw	a0,-388(s0)
    80003200:	e8043503          	ld	a0,-384(s0)
    80003204:	00054503          	lbu	a0,0(a0)
    80003208:	e511                	bnez	a0,80003214 <generate+0x180>
    8000320a:	a009                	j	8000320c <generate+0x178>
    8000320c:	4501                	li	a0,0
    8000320e:	e6a42e23          	sw	a0,-388(s0)
    80003212:	a83d                	j	80003250 <generate+0x1bc>
    80003214:	e8043503          	ld	a0,-384(s0)
    80003218:	00154503          	lbu	a0,1(a0)
    8000321c:	e90d                	bnez	a0,8000324e <generate+0x1ba>
    8000321e:	a009                	j	80003220 <generate+0x18c>
    80003220:	e8043503          	ld	a0,-384(s0)
    80003224:	00054503          	lbu	a0,0(a0)
    80003228:	e6a40da3          	sb	a0,-389(s0)
    8000322c:	e7b44503          	lbu	a0,-389(s0)
    80003230:	fe8ff0ef          	jal	80002a18 <is_printable>
    80003234:	ed01                	bnez	a0,8000324c <generate+0x1b8>
    80003236:	a009                	j	80003238 <generate+0x1a4>
    80003238:	e7b44503          	lbu	a0,-389(s0)
    8000323c:	81dff0ef          	jal	80002a58 <is_whitespace>
    80003240:	e511                	bnez	a0,8000324c <generate+0x1b8>
    80003242:	a009                	j	80003244 <generate+0x1b0>
    80003244:	4501                	li	a0,0
    80003246:	e6a42e23          	sw	a0,-388(s0)
    8000324a:	a009                	j	8000324c <generate+0x1b8>
    8000324c:	a009                	j	8000324e <generate+0x1ba>
    8000324e:	a009                	j	80003250 <generate+0x1bc>
    80003250:	e7c42503          	lw	a0,-388(s0)
    80003254:	1e050a63          	beqz	a0,80003448 <generate+0x3b4>
    80003258:	a009                	j	8000325a <generate+0x1c6>
    8000325a:	e8043503          	ld	a0,-384(s0)
    8000325e:	e6a43823          	sd	a0,-400(s0)
    80003262:	a009                	j	80003264 <generate+0x1d0>
    80003264:	e7043503          	ld	a0,-400(s0)
    80003268:	00054503          	lbu	a0,0(a0)
    8000326c:	1c050d63          	beqz	a0,80003446 <generate+0x3b2>
    80003270:	a009                	j	80003272 <generate+0x1de>
    80003272:	e7043503          	ld	a0,-400(s0)
    80003276:	00054503          	lbu	a0,0(a0)
    8000327a:	fdeff0ef          	jal	80002a58 <is_whitespace>
    8000327e:	0e050c63          	beqz	a0,80003376 <generate+0x2e2>
    80003282:	a009                	j	80003284 <generate+0x1f0>
    80003284:	e9842583          	lw	a1,-360(s0)
    80003288:	4501                	li	a0,0
    8000328a:	06b55d63          	bge	a0,a1,80003304 <generate+0x270>
    8000328e:	a009                	j	80003290 <generate+0x1fc>
    80003290:	f9c42503          	lw	a0,-100(s0)
    80003294:	e9842583          	lw	a1,-360(s0)
    80003298:	9d2d                	addw	a0,a0,a1
    8000329a:	05100593          	li	a1,81
    8000329e:	00b54d63          	blt	a0,a1,800032b8 <generate+0x224>
    800032a2:	a009                	j	800032a4 <generate+0x210>
    800032a4:	00002517          	auipc	a0,0x2
    800032a8:	31250513          	addi	a0,a0,786 # 800055b6 <matrix_kernel_qmatmul_f32_noblk+0x3d0>
    800032ac:	611010ef          	jal	800050bc <print_uart>
    800032b0:	4501                	li	a0,0
    800032b2:	f8a42e23          	sw	a0,-100(s0)
    800032b6:	a009                	j	800032b8 <generate+0x224>
    800032b8:	4501                	li	a0,0
    800032ba:	e6a42623          	sw	a0,-404(s0)
    800032be:	a009                	j	800032c0 <generate+0x22c>
    800032c0:	e6c42503          	lw	a0,-404(s0)
    800032c4:	e9842583          	lw	a1,-360(s0)
    800032c8:	02b55363          	bge	a0,a1,800032ee <generate+0x25a>
    800032cc:	a009                	j	800032ce <generate+0x23a>
    800032ce:	e6c42583          	lw	a1,-404(s0)
    800032d2:	e9c40513          	addi	a0,s0,-356
    800032d6:	952e                	add	a0,a0,a1
    800032d8:	00054503          	lbu	a0,0(a0)
    800032dc:	575010ef          	jal	80005050 <write_serial>
    800032e0:	a009                	j	800032e2 <generate+0x24e>
    800032e2:	e6c42503          	lw	a0,-404(s0)
    800032e6:	2505                	addiw	a0,a0,1
    800032e8:	e6a42623          	sw	a0,-404(s0)
    800032ec:	bfd1                	j	800032c0 <generate+0x22c>
    800032ee:	e9842583          	lw	a1,-360(s0)
    800032f2:	f9c42503          	lw	a0,-100(s0)
    800032f6:	9d2d                	addw	a0,a0,a1
    800032f8:	f8a42e23          	sw	a0,-100(s0)
    800032fc:	4501                	li	a0,0
    800032fe:	e8a42c23          	sw	a0,-360(s0)
    80003302:	a009                	j	80003304 <generate+0x270>
    80003304:	e7043503          	ld	a0,-400(s0)
    80003308:	00054503          	lbu	a0,0(a0)
    8000330c:	45a9                	li	a1,10
    8000330e:	00b50b63          	beq	a0,a1,80003324 <generate+0x290>
    80003312:	a009                	j	80003314 <generate+0x280>
    80003314:	e7043503          	ld	a0,-400(s0)
    80003318:	00054503          	lbu	a0,0(a0)
    8000331c:	45b5                	li	a1,13
    8000331e:	00b51d63          	bne	a0,a1,80003338 <generate+0x2a4>
    80003322:	a009                	j	80003324 <generate+0x290>
    80003324:	00002517          	auipc	a0,0x2
    80003328:	29250513          	addi	a0,a0,658 # 800055b6 <matrix_kernel_qmatmul_f32_noblk+0x3d0>
    8000332c:	591010ef          	jal	800050bc <print_uart>
    80003330:	4501                	li	a0,0
    80003332:	f8a42e23          	sw	a0,-100(s0)
    80003336:	a83d                	j	80003374 <generate+0x2e0>
    80003338:	f9c42503          	lw	a0,-100(s0)
    8000333c:	05000593          	li	a1,80
    80003340:	00b54d63          	blt	a0,a1,8000335a <generate+0x2c6>
    80003344:	a009                	j	80003346 <generate+0x2b2>
    80003346:	00002517          	auipc	a0,0x2
    8000334a:	27050513          	addi	a0,a0,624 # 800055b6 <matrix_kernel_qmatmul_f32_noblk+0x3d0>
    8000334e:	56f010ef          	jal	800050bc <print_uart>
    80003352:	4501                	li	a0,0
    80003354:	f8a42e23          	sw	a0,-100(s0)
    80003358:	a829                	j	80003372 <generate+0x2de>
    8000335a:	e7043503          	ld	a0,-400(s0)
    8000335e:	00054503          	lbu	a0,0(a0)
    80003362:	4ef010ef          	jal	80005050 <write_serial>
    80003366:	f9c42503          	lw	a0,-100(s0)
    8000336a:	2505                	addiw	a0,a0,1
    8000336c:	f8a42e23          	sw	a0,-100(s0)
    80003370:	a009                	j	80003372 <generate+0x2de>
    80003372:	a009                	j	80003374 <generate+0x2e0>
    80003374:	a0d1                	j	80003438 <generate+0x3a4>
    80003376:	e9842583          	lw	a1,-360(s0)
    8000337a:	0fe00513          	li	a0,254
    8000337e:	02b54363          	blt	a0,a1,800033a4 <generate+0x310>
    80003382:	a009                	j	80003384 <generate+0x2f0>
    80003384:	e7043503          	ld	a0,-400(s0)
    80003388:	00054503          	lbu	a0,0(a0)
    8000338c:	e9842603          	lw	a2,-360(s0)
    80003390:	0016059b          	addiw	a1,a2,1
    80003394:	e8b42c23          	sw	a1,-360(s0)
    80003398:	e9c40593          	addi	a1,s0,-356
    8000339c:	95b2                	add	a1,a1,a2
    8000339e:	00a58023          	sb	a0,0(a1)
    800033a2:	a851                	j	80003436 <generate+0x3a2>
    800033a4:	f9c42503          	lw	a0,-100(s0)
    800033a8:	e9842583          	lw	a1,-360(s0)
    800033ac:	9d2d                	addw	a0,a0,a1
    800033ae:	05100593          	li	a1,81
    800033b2:	00b54d63          	blt	a0,a1,800033cc <generate+0x338>
    800033b6:	a009                	j	800033b8 <generate+0x324>
    800033b8:	00002517          	auipc	a0,0x2
    800033bc:	1fe50513          	addi	a0,a0,510 # 800055b6 <matrix_kernel_qmatmul_f32_noblk+0x3d0>
    800033c0:	4fd010ef          	jal	800050bc <print_uart>
    800033c4:	4501                	li	a0,0
    800033c6:	f8a42e23          	sw	a0,-100(s0)
    800033ca:	a009                	j	800033cc <generate+0x338>
    800033cc:	4501                	li	a0,0
    800033ce:	e6a42423          	sw	a0,-408(s0)
    800033d2:	a009                	j	800033d4 <generate+0x340>
    800033d4:	e6842503          	lw	a0,-408(s0)
    800033d8:	e9842583          	lw	a1,-360(s0)
    800033dc:	02b55363          	bge	a0,a1,80003402 <generate+0x36e>
    800033e0:	a009                	j	800033e2 <generate+0x34e>
    800033e2:	e6842583          	lw	a1,-408(s0)
    800033e6:	e9c40513          	addi	a0,s0,-356
    800033ea:	952e                	add	a0,a0,a1
    800033ec:	00054503          	lbu	a0,0(a0)
    800033f0:	461010ef          	jal	80005050 <write_serial>
    800033f4:	a009                	j	800033f6 <generate+0x362>
    800033f6:	e6842503          	lw	a0,-408(s0)
    800033fa:	2505                	addiw	a0,a0,1
    800033fc:	e6a42423          	sw	a0,-408(s0)
    80003400:	bfd1                	j	800033d4 <generate+0x340>
    80003402:	e9842583          	lw	a1,-360(s0)
    80003406:	f9c42503          	lw	a0,-100(s0)
    8000340a:	9d2d                	addw	a0,a0,a1
    8000340c:	f8a42e23          	sw	a0,-100(s0)
    80003410:	4501                	li	a0,0
    80003412:	e8a42c23          	sw	a0,-360(s0)
    80003416:	e7043503          	ld	a0,-400(s0)
    8000341a:	00054503          	lbu	a0,0(a0)
    8000341e:	e9842603          	lw	a2,-360(s0)
    80003422:	0016059b          	addiw	a1,a2,1
    80003426:	e8b42c23          	sw	a1,-360(s0)
    8000342a:	e9c40593          	addi	a1,s0,-356
    8000342e:	95b2                	add	a1,a1,a2
    80003430:	00a58023          	sb	a0,0(a1)
    80003434:	a009                	j	80003436 <generate+0x3a2>
    80003436:	a009                	j	80003438 <generate+0x3a4>
    80003438:	a009                	j	8000343a <generate+0x3a6>
    8000343a:	e7043503          	ld	a0,-400(s0)
    8000343e:	0505                	addi	a0,a0,1
    80003440:	e6a43823          	sd	a0,-400(s0)
    80003444:	b505                	j	80003264 <generate+0x1d0>
    80003446:	a009                	j	80003448 <generate+0x3b4>
    80003448:	a009                	j	8000344a <generate+0x3b6>
    8000344a:	e8c42503          	lw	a0,-372(s0)
    8000344e:	faa42223          	sw	a0,-92(s0)
    80003452:	fb843503          	ld	a0,-72(s0)
    80003456:	e519                	bnez	a0,80003464 <generate+0x3d0>
    80003458:	a009                	j	8000345a <generate+0x3c6>
    8000345a:	110000ef          	jal	8000356a <rdcycle>
    8000345e:	faa43c23          	sd	a0,-72(s0)
    80003462:	a009                	j	80003464 <generate+0x3d0>
    80003464:	b9dd                	j	8000315a <generate+0xc6>
    80003466:	00002517          	auipc	a0,0x2
    8000346a:	15050513          	addi	a0,a0,336 # 800055b6 <matrix_kernel_qmatmul_f32_noblk+0x3d0>
    8000346e:	44f010ef          	jal	800050bc <print_uart>
    80003472:	fb843503          	ld	a0,-72(s0)
    80003476:	c15d                	beqz	a0,8000351c <generate+0x488>
    80003478:	a009                	j	8000347a <generate+0x3e6>
    8000347a:	0f0000ef          	jal	8000356a <rdcycle>
    8000347e:	e6a43023          	sd	a0,-416(s0)
    80003482:	fb843503          	ld	a0,-72(s0)
    80003486:	e6043583          	ld	a1,-416(s0)
    8000348a:	100000ef          	jal	8000358a <cycles_to_ms>
    8000348e:	e4a43c23          	sd	a0,-424(s0)
    80003492:	e5843583          	ld	a1,-424(s0)
    80003496:	4501                	li	a0,0
    80003498:	04b55d63          	bge	a0,a1,800034f2 <generate+0x45e>
    8000349c:	a009                	j	8000349e <generate+0x40a>
    8000349e:	fa042503          	lw	a0,-96(s0)
    800034a2:	4589                	li	a1,2
    800034a4:	04b54763          	blt	a0,a1,800034f2 <generate+0x45e>
    800034a8:	a009                	j	800034aa <generate+0x416>
    800034aa:	fa042503          	lw	a0,-96(s0)
    800034ae:	357d                	addiw	a0,a0,-1
    800034b0:	d00577d3          	fcvt.s.w	fa5,a0
    800034b4:	e5843503          	ld	a0,-424(s0)
    800034b8:	d0257753          	fcvt.s.l	fa4,a0
    800034bc:	447a0537          	lui	a0,0x447a0
    800034c0:	f00506d3          	fmv.w.x	fa3,a0
    800034c4:	18d77753          	fdiv.s	fa4,fa4,fa3
    800034c8:	18e7f7d3          	fdiv.s	fa5,fa5,fa4
    800034cc:	e4f42a27          	fsw	fa5,-428(s0)
    800034d0:	00002517          	auipc	a0,0x2
    800034d4:	fcd50513          	addi	a0,a0,-51 # 8000549d <matrix_kernel_qmatmul_f32_noblk+0x2b7>
    800034d8:	3e5010ef          	jal	800050bc <print_uart>
    800034dc:	e5442507          	flw	fa0,-428(s0)
    800034e0:	0ea000ef          	jal	800035ca <print_float_fixed3>
    800034e4:	00002517          	auipc	a0,0x2
    800034e8:	0d250513          	addi	a0,a0,210 # 800055b6 <matrix_kernel_qmatmul_f32_noblk+0x3d0>
    800034ec:	3d1010ef          	jal	800050bc <print_uart>
    800034f0:	a02d                	j	8000351a <generate+0x486>
    800034f2:	00002517          	auipc	a0,0x2
    800034f6:	12750513          	addi	a0,a0,295 # 80005619 <matrix_kernel_qmatmul_f32_noblk+0x433>
    800034fa:	3c3010ef          	jal	800050bc <print_uart>
    800034fe:	e6043503          	ld	a0,-416(s0)
    80003502:	fb843583          	ld	a1,-72(s0)
    80003506:	8d0d                	sub	a0,a0,a1
    80003508:	e06fd0ef          	jal	80000b0e <print_uart_int_dec>
    8000350c:	00002517          	auipc	a0,0x2
    80003510:	0aa50513          	addi	a0,a0,170 # 800055b6 <matrix_kernel_qmatmul_f32_noblk+0x3d0>
    80003514:	3a9010ef          	jal	800050bc <print_uart>
    80003518:	a009                	j	8000351a <generate+0x486>
    8000351a:	a009                	j	8000351c <generate+0x488>
    8000351c:	fa843503          	ld	a0,-88(s0)
    80003520:	c91d                	beqz	a0,80003556 <generate+0x4c2>
    80003522:	a009                	j	80003524 <generate+0x490>
    80003524:	fb043503          	ld	a0,-80(s0)
    80003528:	fa843583          	ld	a1,-88(s0)
    8000352c:	05e000ef          	jal	8000358a <cycles_to_ms>
    80003530:	e4a43423          	sd	a0,-440(s0)
    80003534:	00002517          	auipc	a0,0x2
    80003538:	16a50513          	addi	a0,a0,362 # 8000569e <matrix_kernel_qmatmul_f32_noblk+0x4b8>
    8000353c:	381010ef          	jal	800050bc <print_uart>
    80003540:	e4843503          	ld	a0,-440(s0)
    80003544:	dcafd0ef          	jal	80000b0e <print_uart_int_dec>
    80003548:	00002517          	auipc	a0,0x2
    8000354c:	1f850513          	addi	a0,a0,504 # 80005740 <matrix_kernel_qmatmul_f32_noblk+0x55a>
    80003550:	36d010ef          	jal	800050bc <print_uart>
    80003554:	a009                	j	80003556 <generate+0x4c2>
    80003556:	fc043503          	ld	a0,-64(s0)
    8000355a:	fd0fd0ef          	jal	80000d2a <free>
    8000355e:	e3040113          	addi	sp,s0,-464
    80003562:	60be                	ld	ra,456(sp)
    80003564:	641e                	ld	s0,448(sp)
    80003566:	6179                	addi	sp,sp,464
    80003568:	8082                	ret

000000008000356a <rdcycle>:
    8000356a:	1101                	addi	sp,sp,-32
    8000356c:	ec06                	sd	ra,24(sp)
    8000356e:	e822                	sd	s0,16(sp)
    80003570:	1000                	addi	s0,sp,32
    80003572:	c0002573          	rdcycle	a0
    80003576:	fea43423          	sd	a0,-24(s0)
    8000357a:	fe843503          	ld	a0,-24(s0)
    8000357e:	fe040113          	addi	sp,s0,-32
    80003582:	60e2                	ld	ra,24(sp)
    80003584:	6442                	ld	s0,16(sp)
    80003586:	6105                	addi	sp,sp,32
    80003588:	8082                	ret

000000008000358a <cycles_to_ms>:
    8000358a:	7179                	addi	sp,sp,-48
    8000358c:	f406                	sd	ra,40(sp)
    8000358e:	f022                	sd	s0,32(sp)
    80003590:	1800                	addi	s0,sp,48
    80003592:	fea43423          	sd	a0,-24(s0)
    80003596:	feb43023          	sd	a1,-32(s0)
    8000359a:	fe043503          	ld	a0,-32(s0)
    8000359e:	fe843583          	ld	a1,-24(s0)
    800035a2:	8d0d                	sub	a0,a0,a1
    800035a4:	fca43c23          	sd	a0,-40(s0)
    800035a8:	fd843503          	ld	a0,-40(s0)
    800035ac:	8111                	srli	a0,a0,0x4
    800035ae:	00002597          	auipc	a1,0x2
    800035b2:	e0a58593          	addi	a1,a1,-502 # 800053b8 <matrix_kernel_qmatmul_f32_noblk+0x1d2>
    800035b6:	618c                	ld	a1,0(a1)
    800035b8:	02b53533          	mulhu	a0,a0,a1
    800035bc:	8121                	srli	a0,a0,0x8
    800035be:	fd040113          	addi	sp,s0,-48
    800035c2:	70a2                	ld	ra,40(sp)
    800035c4:	7402                	ld	s0,32(sp)
    800035c6:	6145                	addi	sp,sp,48
    800035c8:	8082                	ret

00000000800035ca <print_float_fixed3>:
    800035ca:	7119                	addi	sp,sp,-128
    800035cc:	fc86                	sd	ra,120(sp)
    800035ce:	f8a2                	sd	s0,112(sp)
    800035d0:	0100                	addi	s0,sp,128
    800035d2:	fea42627          	fsw	fa0,-20(s0)
    800035d6:	fec42787          	flw	fa5,-20(s0)
    800035da:	fef42427          	fsw	fa5,-24(s0)
    800035de:	fe842503          	lw	a0,-24(s0)
    800035e2:	fea42223          	sw	a0,-28(s0)
    800035e6:	fe446503          	lwu	a0,-28(s0)
    800035ea:	7f8005b7          	lui	a1,0x7f800
    800035ee:	8d6d                	and	a0,a0,a1
    800035f0:	fea42023          	sw	a0,-32(s0)
    800035f4:	fe446503          	lwu	a0,-28(s0)
    800035f8:	1526                	slli	a0,a0,0x29
    800035fa:	9125                	srli	a0,a0,0x29
    800035fc:	fca42e23          	sw	a0,-36(s0)
    80003600:	fe446503          	lwu	a0,-28(s0)
    80003604:	817d                	srli	a0,a0,0x1f
    80003606:	fca42c23          	sw	a0,-40(s0)
    8000360a:	fe042503          	lw	a0,-32(s0)
    8000360e:	04b51663          	bne	a0,a1,8000365a <print_float_fixed3+0x90>
    80003612:	a009                	j	80003614 <print_float_fixed3+0x4a>
    80003614:	fdc42503          	lw	a0,-36(s0)
    80003618:	e915                	bnez	a0,8000364c <print_float_fixed3+0x82>
    8000361a:	a009                	j	8000361c <print_float_fixed3+0x52>
    8000361c:	fd842503          	lw	a0,-40(s0)
    80003620:	00002597          	auipc	a1,0x2
    80003624:	f6158593          	addi	a1,a1,-159 # 80005581 <matrix_kernel_qmatmul_f32_noblk+0x39b>
    80003628:	fab43423          	sd	a1,-88(s0)
    8000362c:	00002597          	auipc	a1,0x2
    80003630:	06d58593          	addi	a1,a1,109 # 80005699 <matrix_kernel_qmatmul_f32_noblk+0x4b3>
    80003634:	fab43823          	sd	a1,-80(s0)
    80003638:	e509                	bnez	a0,80003642 <print_float_fixed3+0x78>
    8000363a:	fa843503          	ld	a0,-88(s0)
    8000363e:	faa43823          	sd	a0,-80(s0)
    80003642:	fb043503          	ld	a0,-80(s0)
    80003646:	277010ef          	jal	800050bc <print_uart>
    8000364a:	a1fd                	j	80003b38 <print_float_fixed3+0x56e>
    8000364c:	00002517          	auipc	a0,0x2
    80003650:	0af50513          	addi	a0,a0,175 # 800056fb <matrix_kernel_qmatmul_f32_noblk+0x515>
    80003654:	269010ef          	jal	800050bc <print_uart>
    80003658:	a1c5                	j	80003b38 <print_float_fixed3+0x56e>
    8000365a:	fe446503          	lwu	a0,-28(s0)
    8000365e:	1506                	slli	a0,a0,0x21
    80003660:	e909                	bnez	a0,80003672 <print_float_fixed3+0xa8>
    80003662:	a009                	j	80003664 <print_float_fixed3+0x9a>
    80003664:	00002517          	auipc	a0,0x2
    80003668:	e8850513          	addi	a0,a0,-376 # 800054ec <matrix_kernel_qmatmul_f32_noblk+0x306>
    8000366c:	251010ef          	jal	800050bc <print_uart>
    80003670:	a1e1                	j	80003b38 <print_float_fixed3+0x56e>
    80003672:	fec42787          	flw	fa5,-20(s0)
    80003676:	f0000753          	fmv.w.x	fa4,zero
    8000367a:	a0e79553          	flt.s	a0,fa5,fa4
    8000367e:	fca42a23          	sw	a0,-44(s0)
    80003682:	fd442503          	lw	a0,-44(s0)
    80003686:	c909                	beqz	a0,80003698 <print_float_fixed3+0xce>
    80003688:	a009                	j	8000368a <print_float_fixed3+0xc0>
    8000368a:	fec42787          	flw	fa5,-20(s0)
    8000368e:	20f797d3          	fneg.s	fa5,fa5
    80003692:	fef42627          	fsw	fa5,-20(s0)
    80003696:	a009                	j	80003698 <print_float_fixed3+0xce>
    80003698:	fec42707          	flw	fa4,-20(s0)
    8000369c:	00002517          	auipc	a0,0x2
    800036a0:	d6c50513          	addi	a0,a0,-660 # 80005408 <matrix_kernel_qmatmul_f32_noblk+0x222>
    800036a4:	00052787          	flw	fa5,0(a0)
    800036a8:	a0e78553          	fle.s	a0,fa5,fa4
    800036ac:	2a050863          	beqz	a0,8000395c <print_float_fixed3+0x392>
    800036b0:	a009                	j	800036b2 <print_float_fixed3+0xe8>
    800036b2:	fd442503          	lw	a0,-44(s0)
    800036b6:	c519                	beqz	a0,800036c4 <print_float_fixed3+0xfa>
    800036b8:	a009                	j	800036ba <print_float_fixed3+0xf0>
    800036ba:	02d00513          	li	a0,45
    800036be:	1a0010ef          	jal	8000485e <uart_putc>
    800036c2:	a009                	j	800036c4 <print_float_fixed3+0xfa>
    800036c4:	4501                	li	a0,0
    800036c6:	fca42823          	sw	a0,-48(s0)
    800036ca:	a009                	j	800036cc <print_float_fixed3+0x102>
    800036cc:	fec42707          	flw	fa4,-20(s0)
    800036d0:	41200537          	lui	a0,0x41200
    800036d4:	f00507d3          	fmv.w.x	fa5,a0
    800036d8:	a0e78553          	fle.s	a0,fa5,fa4
    800036dc:	c505                	beqz	a0,80003704 <print_float_fixed3+0x13a>
    800036de:	a009                	j	800036e0 <print_float_fixed3+0x116>
    800036e0:	fec42787          	flw	fa5,-20(s0)
    800036e4:	00002517          	auipc	a0,0x2
    800036e8:	d1450513          	addi	a0,a0,-748 # 800053f8 <matrix_kernel_qmatmul_f32_noblk+0x212>
    800036ec:	00052707          	flw	fa4,0(a0)
    800036f0:	10e7f7d3          	fmul.s	fa5,fa5,fa4
    800036f4:	fef42627          	fsw	fa5,-20(s0)
    800036f8:	fd042503          	lw	a0,-48(s0)
    800036fc:	2505                	addiw	a0,a0,1
    800036fe:	fca42823          	sw	a0,-48(s0)
    80003702:	b7e9                	j	800036cc <print_float_fixed3+0x102>
    80003704:	a009                	j	80003706 <print_float_fixed3+0x13c>
    80003706:	fec42787          	flw	fa5,-20(s0)
    8000370a:	3f800537          	lui	a0,0x3f800
    8000370e:	f0050753          	fmv.w.x	fa4,a0
    80003712:	a0e79553          	flt.s	a0,fa5,fa4
    80003716:	c115                	beqz	a0,8000373a <print_float_fixed3+0x170>
    80003718:	a009                	j	8000371a <print_float_fixed3+0x150>
    8000371a:	fec42787          	flw	fa5,-20(s0)
    8000371e:	41200537          	lui	a0,0x41200
    80003722:	f0050753          	fmv.w.x	fa4,a0
    80003726:	10e7f7d3          	fmul.s	fa5,fa5,fa4
    8000372a:	fef42627          	fsw	fa5,-20(s0)
    8000372e:	fd042503          	lw	a0,-48(s0)
    80003732:	357d                	addiw	a0,a0,-1 # 411fffff <UART0_BASE+0x311fffff>
    80003734:	fca42823          	sw	a0,-48(s0)
    80003738:	b7f9                	j	80003706 <print_float_fixed3+0x13c>
    8000373a:	fec42787          	flw	fa5,-20(s0)
    8000373e:	c0179553          	fcvt.wu.s	a0,fa5,rtz
    80003742:	fca42623          	sw	a0,-52(s0)
    80003746:	fec42787          	flw	fa5,-20(s0)
    8000374a:	fcc46503          	lwu	a0,-52(s0)
    8000374e:	d0157753          	fcvt.s.wu	fa4,a0
    80003752:	08e7f7d3          	fsub.s	fa5,fa5,fa4
    80003756:	fcf42427          	fsw	fa5,-56(s0)
    8000375a:	fc842787          	flw	fa5,-56(s0)
    8000375e:	3f000537          	lui	a0,0x3f000
    80003762:	f00506d3          	fmv.w.x	fa3,a0
    80003766:	00002517          	auipc	a0,0x2
    8000376a:	c8650513          	addi	a0,a0,-890 # 800053ec <matrix_kernel_qmatmul_f32_noblk+0x206>
    8000376e:	00052707          	flw	fa4,0(a0)
    80003772:	68e7f7c3          	fmadd.s	fa5,fa5,fa4,fa3
    80003776:	c0179553          	fcvt.wu.s	a0,fa5,rtz
    8000377a:	fca42223          	sw	a0,-60(s0)
    8000377e:	fc442503          	lw	a0,-60(s0)
    80003782:	000f45b7          	lui	a1,0xf4
    80003786:	24058593          	addi	a1,a1,576 # f4240 <UART0_BASE-0xff0bdc0>
    8000378a:	04b56163          	bltu	a0,a1,800037cc <print_float_fixed3+0x202>
    8000378e:	a009                	j	80003790 <print_float_fixed3+0x1c6>
    80003790:	fcc42503          	lw	a0,-52(s0)
    80003794:	2505                	addiw	a0,a0,1
    80003796:	fca42623          	sw	a0,-52(s0)
    8000379a:	fc442503          	lw	a0,-60(s0)
    8000379e:	fff0c5b7          	lui	a1,0xfff0c
    800037a2:	dc058593          	addi	a1,a1,-576 # fffffffffff0bdc0 <__heap_end+0xffffffff67f0bdc0>
    800037a6:	9d2d                	addw	a0,a0,a1
    800037a8:	fca42223          	sw	a0,-60(s0)
    800037ac:	fcc42503          	lw	a0,-52(s0)
    800037b0:	45a9                	li	a1,10
    800037b2:	00b56c63          	bltu	a0,a1,800037ca <print_float_fixed3+0x200>
    800037b6:	a009                	j	800037b8 <print_float_fixed3+0x1ee>
    800037b8:	4505                	li	a0,1
    800037ba:	fca42623          	sw	a0,-52(s0)
    800037be:	fd042503          	lw	a0,-48(s0)
    800037c2:	2505                	addiw	a0,a0,1
    800037c4:	fca42823          	sw	a0,-48(s0)
    800037c8:	a009                	j	800037ca <print_float_fixed3+0x200>
    800037ca:	a009                	j	800037cc <print_float_fixed3+0x202>
    800037cc:	fcc42503          	lw	a0,-52(s0)
    800037d0:	0ae010ef          	jal	8000487e <print_dec32>
    800037d4:	02e00513          	li	a0,46
    800037d8:	086010ef          	jal	8000485e <uart_putc>
    800037dc:	fc446503          	lwu	a0,-60(s0)
    800037e0:	8115                	srli	a0,a0,0x5
    800037e2:	0a7c65b7          	lui	a1,0xa7c6
    800037e6:	ac558593          	addi	a1,a1,-1339 # a7c5ac5 <UART0_BASE-0x583a53b>
    800037ea:	02b50533          	mul	a0,a0,a1
    800037ee:	911d                	srli	a0,a0,0x27
    800037f0:	1999a5b7          	lui	a1,0x1999a
    800037f4:	99a58593          	addi	a1,a1,-1638 # 1999999a <UART0_BASE+0x999999a>
    800037f8:	f8b43c23          	sd	a1,-104(s0)
    800037fc:	02b505b3          	mul	a1,a0,a1
    80003800:	9181                	srli	a1,a1,0x20
    80003802:	0015961b          	slliw	a2,a1,0x1
    80003806:	0035959b          	slliw	a1,a1,0x3
    8000380a:	9db1                	addw	a1,a1,a2
    8000380c:	9d0d                	subw	a0,a0,a1
    8000380e:	03056513          	ori	a0,a0,48
    80003812:	1502                	slli	a0,a0,0x20
    80003814:	9101                	srli	a0,a0,0x20
    80003816:	048010ef          	jal	8000485e <uart_putc>
    8000381a:	f9843583          	ld	a1,-104(s0)
    8000381e:	fc446503          	lwu	a0,-60(s0)
    80003822:	000d2637          	lui	a2,0xd2
    80003826:	b7160613          	addi	a2,a2,-1167 # d1b71 <UART0_BASE-0xff2e48f>
    8000382a:	0632                	slli	a2,a2,0xc
    8000382c:	75960613          	addi	a2,a2,1881
    80003830:	02c50533          	mul	a0,a0,a2
    80003834:	9135                	srli	a0,a0,0x2d
    80003836:	02b505b3          	mul	a1,a0,a1
    8000383a:	9181                	srli	a1,a1,0x20
    8000383c:	0015961b          	slliw	a2,a1,0x1
    80003840:	0035959b          	slliw	a1,a1,0x3
    80003844:	9db1                	addw	a1,a1,a2
    80003846:	9d0d                	subw	a0,a0,a1
    80003848:	03056513          	ori	a0,a0,48
    8000384c:	1502                	slli	a0,a0,0x20
    8000384e:	9101                	srli	a0,a0,0x20
    80003850:	00e010ef          	jal	8000485e <uart_putc>
    80003854:	f9843583          	ld	a1,-104(s0)
    80003858:	fc446503          	lwu	a0,-60(s0)
    8000385c:	10625637          	lui	a2,0x10625
    80003860:	dd360613          	addi	a2,a2,-557 # 10624dd3 <UART0_BASE+0x624dd3>
    80003864:	02c50533          	mul	a0,a0,a2
    80003868:	9119                	srli	a0,a0,0x26
    8000386a:	02b505b3          	mul	a1,a0,a1
    8000386e:	9181                	srli	a1,a1,0x20
    80003870:	0015961b          	slliw	a2,a1,0x1
    80003874:	0035959b          	slliw	a1,a1,0x3
    80003878:	9db1                	addw	a1,a1,a2
    8000387a:	9d0d                	subw	a0,a0,a1
    8000387c:	03056513          	ori	a0,a0,48
    80003880:	1502                	slli	a0,a0,0x20
    80003882:	9101                	srli	a0,a0,0x20
    80003884:	7db000ef          	jal	8000485e <uart_putc>
    80003888:	f9843583          	ld	a1,-104(s0)
    8000388c:	fc446503          	lwu	a0,-60(s0)
    80003890:	51eb8637          	lui	a2,0x51eb8
    80003894:	51f60613          	addi	a2,a2,1311 # 51eb851f <UART0_BASE+0x41eb851f>
    80003898:	02c50533          	mul	a0,a0,a2
    8000389c:	9115                	srli	a0,a0,0x25
    8000389e:	02b505b3          	mul	a1,a0,a1
    800038a2:	9181                	srli	a1,a1,0x20
    800038a4:	0015961b          	slliw	a2,a1,0x1
    800038a8:	0035959b          	slliw	a1,a1,0x3
    800038ac:	9db1                	addw	a1,a1,a2
    800038ae:	9d0d                	subw	a0,a0,a1
    800038b0:	03056513          	ori	a0,a0,48
    800038b4:	1502                	slli	a0,a0,0x20
    800038b6:	9101                	srli	a0,a0,0x20
    800038b8:	7a7000ef          	jal	8000485e <uart_putc>
    800038bc:	f9843583          	ld	a1,-104(s0)
    800038c0:	fc446503          	lwu	a0,-60(s0)
    800038c4:	000cd637          	lui	a2,0xcd
    800038c8:	ccd60613          	addi	a2,a2,-819 # ccccd <UART0_BASE-0xff33333>
    800038cc:	0632                	slli	a2,a2,0xc
    800038ce:	ccd60613          	addi	a2,a2,-819
    800038d2:	fac43023          	sd	a2,-96(s0)
    800038d6:	02c50533          	mul	a0,a0,a2
    800038da:	910d                	srli	a0,a0,0x23
    800038dc:	02b505b3          	mul	a1,a0,a1
    800038e0:	9181                	srli	a1,a1,0x20
    800038e2:	0015961b          	slliw	a2,a1,0x1
    800038e6:	0035959b          	slliw	a1,a1,0x3
    800038ea:	9db1                	addw	a1,a1,a2
    800038ec:	9d0d                	subw	a0,a0,a1
    800038ee:	03056513          	ori	a0,a0,48
    800038f2:	1502                	slli	a0,a0,0x20
    800038f4:	9101                	srli	a0,a0,0x20
    800038f6:	769000ef          	jal	8000485e <uart_putc>
    800038fa:	fa043583          	ld	a1,-96(s0)
    800038fe:	fc446503          	lwu	a0,-60(s0)
    80003902:	02b505b3          	mul	a1,a0,a1
    80003906:	918d                	srli	a1,a1,0x23
    80003908:	0015961b          	slliw	a2,a1,0x1
    8000390c:	0035959b          	slliw	a1,a1,0x3
    80003910:	9db1                	addw	a1,a1,a2
    80003912:	9d0d                	subw	a0,a0,a1
    80003914:	03056513          	ori	a0,a0,48
    80003918:	1502                	slli	a0,a0,0x20
    8000391a:	9101                	srli	a0,a0,0x20
    8000391c:	743000ef          	jal	8000485e <uart_putc>
    80003920:	06500513          	li	a0,101
    80003924:	73b000ef          	jal	8000485e <uart_putc>
    80003928:	fd042503          	lw	a0,-48(s0)
    8000392c:	00054c63          	bltz	a0,80003944 <print_float_fixed3+0x37a>
    80003930:	a009                	j	80003932 <print_float_fixed3+0x368>
    80003932:	02b00513          	li	a0,43
    80003936:	729000ef          	jal	8000485e <uart_putc>
    8000393a:	fd042503          	lw	a0,-48(s0)
    8000393e:	741000ef          	jal	8000487e <print_dec32>
    80003942:	a821                	j	8000395a <print_float_fixed3+0x390>
    80003944:	02d00513          	li	a0,45
    80003948:	717000ef          	jal	8000485e <uart_putc>
    8000394c:	fd042583          	lw	a1,-48(s0)
    80003950:	4501                	li	a0,0
    80003952:	9d0d                	subw	a0,a0,a1
    80003954:	72b000ef          	jal	8000487e <print_dec32>
    80003958:	a009                	j	8000395a <print_float_fixed3+0x390>
    8000395a:	aaf9                	j	80003b38 <print_float_fixed3+0x56e>
    8000395c:	fec42787          	flw	fa5,-20(s0)
    80003960:	c0179553          	fcvt.wu.s	a0,fa5,rtz
    80003964:	fca42023          	sw	a0,-64(s0)
    80003968:	fec42787          	flw	fa5,-20(s0)
    8000396c:	fc046503          	lwu	a0,-64(s0)
    80003970:	d0157753          	fcvt.s.wu	fa4,a0
    80003974:	08e7f7d3          	fsub.s	fa5,fa5,fa4
    80003978:	faf42e27          	fsw	fa5,-68(s0)
    8000397c:	fbc42787          	flw	fa5,-68(s0)
    80003980:	3f000537          	lui	a0,0x3f000
    80003984:	f00506d3          	fmv.w.x	fa3,a0
    80003988:	00002517          	auipc	a0,0x2
    8000398c:	a6450513          	addi	a0,a0,-1436 # 800053ec <matrix_kernel_qmatmul_f32_noblk+0x206>
    80003990:	00052707          	flw	fa4,0(a0)
    80003994:	68e7f7c3          	fmadd.s	fa5,fa5,fa4,fa3
    80003998:	c0179553          	fcvt.wu.s	a0,fa5,rtz
    8000399c:	faa42c23          	sw	a0,-72(s0)
    800039a0:	fb842503          	lw	a0,-72(s0)
    800039a4:	000f45b7          	lui	a1,0xf4
    800039a8:	24058593          	addi	a1,a1,576 # f4240 <UART0_BASE-0xff0bdc0>
    800039ac:	02b56263          	bltu	a0,a1,800039d0 <print_float_fixed3+0x406>
    800039b0:	a009                	j	800039b2 <print_float_fixed3+0x3e8>
    800039b2:	fc042503          	lw	a0,-64(s0)
    800039b6:	2505                	addiw	a0,a0,1
    800039b8:	fca42023          	sw	a0,-64(s0)
    800039bc:	fb842503          	lw	a0,-72(s0)
    800039c0:	fff0c5b7          	lui	a1,0xfff0c
    800039c4:	dc058593          	addi	a1,a1,-576 # fffffffffff0bdc0 <__heap_end+0xffffffff67f0bdc0>
    800039c8:	9d2d                	addw	a0,a0,a1
    800039ca:	faa42c23          	sw	a0,-72(s0)
    800039ce:	a009                	j	800039d0 <print_float_fixed3+0x406>
    800039d0:	fd442503          	lw	a0,-44(s0)
    800039d4:	c519                	beqz	a0,800039e2 <print_float_fixed3+0x418>
    800039d6:	a009                	j	800039d8 <print_float_fixed3+0x40e>
    800039d8:	02d00513          	li	a0,45
    800039dc:	683000ef          	jal	8000485e <uart_putc>
    800039e0:	a009                	j	800039e2 <print_float_fixed3+0x418>
    800039e2:	fc042503          	lw	a0,-64(s0)
    800039e6:	699000ef          	jal	8000487e <print_dec32>
    800039ea:	02e00513          	li	a0,46
    800039ee:	671000ef          	jal	8000485e <uart_putc>
    800039f2:	fb846503          	lwu	a0,-72(s0)
    800039f6:	8115                	srli	a0,a0,0x5
    800039f8:	0a7c65b7          	lui	a1,0xa7c6
    800039fc:	ac558593          	addi	a1,a1,-1339 # a7c5ac5 <UART0_BASE-0x583a53b>
    80003a00:	02b50533          	mul	a0,a0,a1
    80003a04:	911d                	srli	a0,a0,0x27
    80003a06:	1999a5b7          	lui	a1,0x1999a
    80003a0a:	99a58593          	addi	a1,a1,-1638 # 1999999a <UART0_BASE+0x999999a>
    80003a0e:	f8b43423          	sd	a1,-120(s0)
    80003a12:	02b505b3          	mul	a1,a0,a1
    80003a16:	9181                	srli	a1,a1,0x20
    80003a18:	0015961b          	slliw	a2,a1,0x1
    80003a1c:	0035959b          	slliw	a1,a1,0x3
    80003a20:	9db1                	addw	a1,a1,a2
    80003a22:	9d0d                	subw	a0,a0,a1
    80003a24:	03056513          	ori	a0,a0,48
    80003a28:	1502                	slli	a0,a0,0x20
    80003a2a:	9101                	srli	a0,a0,0x20
    80003a2c:	633000ef          	jal	8000485e <uart_putc>
    80003a30:	f8843583          	ld	a1,-120(s0)
    80003a34:	fb846503          	lwu	a0,-72(s0)
    80003a38:	000d2637          	lui	a2,0xd2
    80003a3c:	b7160613          	addi	a2,a2,-1167 # d1b71 <UART0_BASE-0xff2e48f>
    80003a40:	0632                	slli	a2,a2,0xc
    80003a42:	75960613          	addi	a2,a2,1881
    80003a46:	02c50533          	mul	a0,a0,a2
    80003a4a:	9135                	srli	a0,a0,0x2d
    80003a4c:	02b505b3          	mul	a1,a0,a1
    80003a50:	9181                	srli	a1,a1,0x20
    80003a52:	0015961b          	slliw	a2,a1,0x1
    80003a56:	0035959b          	slliw	a1,a1,0x3
    80003a5a:	9db1                	addw	a1,a1,a2
    80003a5c:	9d0d                	subw	a0,a0,a1
    80003a5e:	03056513          	ori	a0,a0,48
    80003a62:	1502                	slli	a0,a0,0x20
    80003a64:	9101                	srli	a0,a0,0x20
    80003a66:	5f9000ef          	jal	8000485e <uart_putc>
    80003a6a:	f8843583          	ld	a1,-120(s0)
    80003a6e:	fb846503          	lwu	a0,-72(s0)
    80003a72:	10625637          	lui	a2,0x10625
    80003a76:	dd360613          	addi	a2,a2,-557 # 10624dd3 <UART0_BASE+0x624dd3>
    80003a7a:	02c50533          	mul	a0,a0,a2
    80003a7e:	9119                	srli	a0,a0,0x26
    80003a80:	02b505b3          	mul	a1,a0,a1
    80003a84:	9181                	srli	a1,a1,0x20
    80003a86:	0015961b          	slliw	a2,a1,0x1
    80003a8a:	0035959b          	slliw	a1,a1,0x3
    80003a8e:	9db1                	addw	a1,a1,a2
    80003a90:	9d0d                	subw	a0,a0,a1
    80003a92:	03056513          	ori	a0,a0,48
    80003a96:	1502                	slli	a0,a0,0x20
    80003a98:	9101                	srli	a0,a0,0x20
    80003a9a:	5c5000ef          	jal	8000485e <uart_putc>
    80003a9e:	f8843583          	ld	a1,-120(s0)
    80003aa2:	fb846503          	lwu	a0,-72(s0)
    80003aa6:	51eb8637          	lui	a2,0x51eb8
    80003aaa:	51f60613          	addi	a2,a2,1311 # 51eb851f <UART0_BASE+0x41eb851f>
    80003aae:	02c50533          	mul	a0,a0,a2
    80003ab2:	9115                	srli	a0,a0,0x25
    80003ab4:	02b505b3          	mul	a1,a0,a1
    80003ab8:	9181                	srli	a1,a1,0x20
    80003aba:	0015961b          	slliw	a2,a1,0x1
    80003abe:	0035959b          	slliw	a1,a1,0x3
    80003ac2:	9db1                	addw	a1,a1,a2
    80003ac4:	9d0d                	subw	a0,a0,a1
    80003ac6:	03056513          	ori	a0,a0,48
    80003aca:	1502                	slli	a0,a0,0x20
    80003acc:	9101                	srli	a0,a0,0x20
    80003ace:	591000ef          	jal	8000485e <uart_putc>
    80003ad2:	f8843583          	ld	a1,-120(s0)
    80003ad6:	fb846503          	lwu	a0,-72(s0)
    80003ada:	000cd637          	lui	a2,0xcd
    80003ade:	ccd60613          	addi	a2,a2,-819 # ccccd <UART0_BASE-0xff33333>
    80003ae2:	0632                	slli	a2,a2,0xc
    80003ae4:	ccd60613          	addi	a2,a2,-819
    80003ae8:	f8c43823          	sd	a2,-112(s0)
    80003aec:	02c50533          	mul	a0,a0,a2
    80003af0:	910d                	srli	a0,a0,0x23
    80003af2:	02b505b3          	mul	a1,a0,a1
    80003af6:	9181                	srli	a1,a1,0x20
    80003af8:	0015961b          	slliw	a2,a1,0x1
    80003afc:	0035959b          	slliw	a1,a1,0x3
    80003b00:	9db1                	addw	a1,a1,a2
    80003b02:	9d0d                	subw	a0,a0,a1
    80003b04:	03056513          	ori	a0,a0,48
    80003b08:	1502                	slli	a0,a0,0x20
    80003b0a:	9101                	srli	a0,a0,0x20
    80003b0c:	553000ef          	jal	8000485e <uart_putc>
    80003b10:	f9043583          	ld	a1,-112(s0)
    80003b14:	fb846503          	lwu	a0,-72(s0)
    80003b18:	02b505b3          	mul	a1,a0,a1
    80003b1c:	918d                	srli	a1,a1,0x23
    80003b1e:	0015961b          	slliw	a2,a1,0x1
    80003b22:	0035959b          	slliw	a1,a1,0x3
    80003b26:	9db1                	addw	a1,a1,a2
    80003b28:	9d0d                	subw	a0,a0,a1
    80003b2a:	03056513          	ori	a0,a0,48
    80003b2e:	1502                	slli	a0,a0,0x20
    80003b30:	9101                	srli	a0,a0,0x20
    80003b32:	52d000ef          	jal	8000485e <uart_putc>
    80003b36:	a009                	j	80003b38 <print_float_fixed3+0x56e>
    80003b38:	f8040113          	addi	sp,s0,-128
    80003b3c:	70e6                	ld	ra,120(sp)
    80003b3e:	7446                	ld	s0,112(sp)
    80003b40:	6109                	addi	sp,sp,128
    80003b42:	8082                	ret

0000000080003b44 <main>:
    80003b44:	c4010113          	addi	sp,sp,-960
    80003b48:	3a113c23          	sd	ra,952(sp)
    80003b4c:	3a813823          	sd	s0,944(sp)
    80003b50:	0780                	addi	s0,sp,960
    80003b52:	12c000ef          	jal	80003c7e <enable_rvv_state>
    80003b56:	02faf537          	lui	a0,0x2faf
    80003b5a:	08050513          	addi	a0,a0,128 # 2faf080 <UART0_BASE-0xd050f80>
    80003b5e:	65f1                	lui	a1,0x1c
    80003b60:	20058593          	addi	a1,a1,512 # 1c200 <UART0_BASE-0xffe3e00>
    80003b64:	520010ef          	jal	80005084 <init_uart>
    80003b68:	00002517          	auipc	a0,0x2
    80003b6c:	94450513          	addi	a0,a0,-1724 # 800054ac <matrix_kernel_qmatmul_f32_noblk+0x2c6>
    80003b70:	54c010ef          	jal	800050bc <print_uart>
    80003b74:	152000ef          	jal	80003cc6 <embedded_model_size>
    80003b78:	f97fc0ef          	jal	80000b0e <print_uart_int_dec>
    80003b7c:	00002517          	auipc	a0,0x2
    80003b80:	a3a50513          	addi	a0,a0,-1478 # 800055b6 <matrix_kernel_qmatmul_f32_noblk+0x3d0>
    80003b84:	c4a43023          	sd	a0,-960(s0)
    80003b88:	534010ef          	jal	800050bc <print_uart>
    80003b8c:	00002517          	auipc	a0,0x2
    80003b90:	bf350513          	addi	a0,a0,-1037 # 8000577f <matrix_kernel_qmatmul_f32_noblk+0x599>
    80003b94:	528010ef          	jal	800050bc <print_uart>
    80003b98:	154000ef          	jal	80003cec <embedded_tokenizer_size>
    80003b9c:	f73fc0ef          	jal	80000b0e <print_uart_int_dec>
    80003ba0:	c4043503          	ld	a0,-960(s0)
    80003ba4:	518010ef          	jal	800050bc <print_uart>
    80003ba8:	00002517          	auipc	a0,0x2
    80003bac:	91950513          	addi	a0,a0,-1767 # 800054c1 <matrix_kernel_qmatmul_f32_noblk+0x2db>
    80003bb0:	50c010ef          	jal	800050bc <print_uart>
    80003bb4:	ea840513          	addi	a0,s0,-344
    80003bb8:	c4a43c23          	sd	a0,-936(s0)
    80003bbc:	156000ef          	jal	80003d12 <init_transformer_from_embedded>
    80003bc0:	00002517          	auipc	a0,0x2
    80003bc4:	96250513          	addi	a0,a0,-1694 # 80005522 <matrix_kernel_qmatmul_f32_noblk+0x33c>
    80003bc8:	4f4010ef          	jal	800050bc <print_uart>
    80003bcc:	ebc42583          	lw	a1,-324(s0)
    80003bd0:	c8840513          	addi	a0,s0,-888
    80003bd4:	c4a43823          	sd	a0,-944(s0)
    80003bd8:	69c000ef          	jal	80004274 <build_tokenizer_from_embedded>
    80003bdc:	00002517          	auipc	a0,0x2
    80003be0:	b7650513          	addi	a0,a0,-1162 # 80005752 <matrix_kernel_qmatmul_f32_noblk+0x56c>
    80003be4:	4d8010ef          	jal	800050bc <print_uart>
    80003be8:	ebc42583          	lw	a1,-324(s0)
    80003bec:	00001517          	auipc	a0,0x1
    80003bf0:	7f450513          	addi	a0,a0,2036 # 800053e0 <matrix_kernel_qmatmul_f32_noblk+0x1fa>
    80003bf4:	00052507          	flw	fa0,0(a0)
    80003bf8:	00001517          	auipc	a0,0x1
    80003bfc:	7d850513          	addi	a0,a0,2008 # 800053d0 <matrix_kernel_qmatmul_f32_noblk+0x1ea>
    80003c00:	00052587          	flw	fa1,0(a0)
    80003c04:	075bd537          	lui	a0,0x75bd
    80003c08:	d1550613          	addi	a2,a0,-747 # 75bcd15 <UART0_BASE-0x8a432eb>
    80003c0c:	c6840513          	addi	a0,s0,-920
    80003c10:	c4a43423          	sd	a0,-952(s0)
    80003c14:	854ff0ef          	jal	80002c68 <build_sampler>
    80003c18:	00002517          	auipc	a0,0x2
    80003c1c:	93650513          	addi	a0,a0,-1738 # 8000554e <matrix_kernel_qmatmul_f32_noblk+0x368>
    80003c20:	49c010ef          	jal	800050bc <print_uart>
    80003c24:	c4843603          	ld	a2,-952(s0)
    80003c28:	c5043583          	ld	a1,-944(s0)
    80003c2c:	c5843503          	ld	a0,-936(s0)
    80003c30:	46c1                	li	a3,16
    80003c32:	c6d42223          	sw	a3,-924(s0)
    80003c36:	c6442703          	lw	a4,-924(s0)
    80003c3a:	03a6b697          	auipc	a3,0x3a6b
    80003c3e:	51668693          	addi	a3,a3,1302 # 83a6f150 <main.prompt>
    80003c42:	c52ff0ef          	jal	80003094 <generate>
    80003c46:	c4843503          	ld	a0,-952(s0)
    80003c4a:	89aff0ef          	jal	80002ce4 <free_sampler>
    80003c4e:	c5043503          	ld	a0,-944(s0)
    80003c52:	f02fe0ef          	jal	80002354 <free_tokenizer>
    80003c56:	c5843503          	ld	a0,-936(s0)
    80003c5a:	9c7fd0ef          	jal	80001620 <free_transformer>
    80003c5e:	00002517          	auipc	a0,0x2
    80003c62:	ad350513          	addi	a0,a0,-1325 # 80005731 <matrix_kernel_qmatmul_f32_noblk+0x54b>
    80003c66:	456010ef          	jal	800050bc <print_uart>
    80003c6a:	4501                	li	a0,0
    80003c6c:	c4040113          	addi	sp,s0,-960
    80003c70:	3b813083          	ld	ra,952(sp)
    80003c74:	3b013403          	ld	s0,944(sp)
    80003c78:	3c010113          	addi	sp,sp,960
    80003c7c:	8082                	ret

0000000080003c7e <enable_rvv_state>:
    80003c7e:	1101                	addi	sp,sp,-32
    80003c80:	ec06                	sd	ra,24(sp)
    80003c82:	e822                	sd	s0,16(sp)
    80003c84:	1000                	addi	s0,sp,32
    80003c86:	30002573          	csrr	a0,mstatus
    80003c8a:	fea43423          	sd	a0,-24(s0)
    80003c8e:	fe843503          	ld	a0,-24(s0)
    80003c92:	60056513          	ori	a0,a0,1536
    80003c96:	fea43423          	sd	a0,-24(s0)
    80003c9a:	fe843503          	ld	a0,-24(s0)
    80003c9e:	6599                	lui	a1,0x6
    80003ca0:	8d4d                	or	a0,a0,a1
    80003ca2:	fea43423          	sd	a0,-24(s0)
    80003ca6:	fe843503          	ld	a0,-24(s0)
    80003caa:	65e1                	lui	a1,0x18
    80003cac:	8d4d                	or	a0,a0,a1
    80003cae:	fea43423          	sd	a0,-24(s0)
    80003cb2:	fe843503          	ld	a0,-24(s0)
    80003cb6:	30051073          	csrw	mstatus,a0
    80003cba:	fe040113          	addi	sp,s0,-32
    80003cbe:	60e2                	ld	ra,24(sp)
    80003cc0:	6442                	ld	s0,16(sp)
    80003cc2:	6105                	addi	sp,sp,32
    80003cc4:	8082                	ret

0000000080003cc6 <embedded_model_size>:
    80003cc6:	1141                	addi	sp,sp,-16
    80003cc8:	e406                	sd	ra,8(sp)
    80003cca:	e022                	sd	s0,0(sp)
    80003ccc:	0800                	addi	s0,sp,16
    80003cce:	00002517          	auipc	a0,0x2
    80003cd2:	af250593          	addi	a1,a0,-1294 # 800057c0 <_binary_stories15M_bin_start>
    80003cd6:	03a01517          	auipc	a0,0x3a01
    80003cda:	58650513          	addi	a0,a0,1414 # 83a0525c <_binary_stories15M_bin_end>
    80003cde:	8d0d                	sub	a0,a0,a1
    80003ce0:	ff040113          	addi	sp,s0,-16
    80003ce4:	60a2                	ld	ra,8(sp)
    80003ce6:	6402                	ld	s0,0(sp)
    80003ce8:	0141                	addi	sp,sp,16
    80003cea:	8082                	ret

0000000080003cec <embedded_tokenizer_size>:
    80003cec:	1141                	addi	sp,sp,-16
    80003cee:	e406                	sd	ra,8(sp)
    80003cf0:	e022                	sd	s0,0(sp)
    80003cf2:	0800                	addi	s0,sp,16
    80003cf4:	03a01517          	auipc	a0,0x3a01
    80003cf8:	58c50593          	addi	a1,a0,1420 # 83a05280 <_binary_tokenizer_bin_start>
    80003cfc:	03a6b517          	auipc	a0,0x3a6b
    80003d00:	45150513          	addi	a0,a0,1105 # 83a6f14d <_binary_tokenizer_bin_end>
    80003d04:	8d0d                	sub	a0,a0,a1
    80003d06:	ff040113          	addi	sp,s0,-16
    80003d0a:	60a2                	ld	ra,8(sp)
    80003d0c:	6402                	ld	s0,0(sp)
    80003d0e:	0141                	addi	sp,sp,16
    80003d10:	8082                	ret

0000000080003d12 <init_transformer_from_embedded>:
    80003d12:	7125                	addi	sp,sp,-416
    80003d14:	ef06                	sd	ra,408(sp)
    80003d16:	eb22                	sd	s0,400(sp)
    80003d18:	1300                	addi	s0,sp,416
    80003d1a:	fea43423          	sd	a0,-24(s0)
    80003d1e:	fa9ff0ef          	jal	80003cc6 <embedded_model_size>
    80003d22:	fea43023          	sd	a0,-32(s0)
    80003d26:	fe043583          	ld	a1,-32(s0)
    80003d2a:	456d                	li	a0,27
    80003d2c:	00b56a63          	bltu	a0,a1,80003d40 <init_transformer_from_embedded+0x2e>
    80003d30:	a009                	j	80003d32 <init_transformer_from_embedded+0x20>
    80003d32:	00002517          	auipc	a0,0x2
    80003d36:	86f50513          	addi	a0,a0,-1937 # 800055a1 <matrix_kernel_qmatmul_f32_noblk+0x3bb>
    80003d3a:	e08fd0ef          	jal	80001342 <panic>
    80003d3e:	a009                	j	80003d40 <init_transformer_from_embedded+0x2e>
    80003d40:	00002517          	auipc	a0,0x2
    80003d44:	a8050593          	addi	a1,a0,-1408 # 800057c0 <_binary_stories15M_bin_start>
    80003d48:	eab43423          	sd	a1,-344(s0)
    80003d4c:	fc440513          	addi	a0,s0,-60
    80003d50:	4671                	li	a2,28
    80003d52:	ca0fc0ef          	jal	800001f2 <memcpy>
    80003d56:	fd842583          	lw	a1,-40(s0)
    80003d5a:	4501                	li	a0,0
    80003d5c:	00b52533          	slt	a0,a0,a1
    80003d60:	fca42023          	sw	a0,-64(s0)
    80003d64:	fd842503          	lw	a0,-40(s0)
    80003d68:	409000ef          	jal	80004970 <abs_int>
    80003d6c:	85aa                	mv	a1,a0
    80003d6e:	ea843503          	ld	a0,-344(s0)
    80003d72:	fcb42c23          	sw	a1,-40(s0)
    80003d76:	fe843603          	ld	a2,-24(s0)
    80003d7a:	fdc42583          	lw	a1,-36(s0)
    80003d7e:	ce0c                	sw	a1,24(a2)
    80003d80:	fd842583          	lw	a1,-40(s0)
    80003d84:	ca4c                	sw	a1,20(a2)
    80003d86:	fd442583          	lw	a1,-44(s0)
    80003d8a:	ca0c                	sw	a1,16(a2)
    80003d8c:	fd042583          	lw	a1,-48(s0)
    80003d90:	c64c                	sw	a1,12(a2)
    80003d92:	fcc42583          	lw	a1,-52(s0)
    80003d96:	c60c                	sw	a1,8(a2)
    80003d98:	fc842583          	lw	a1,-56(s0)
    80003d9c:	c24c                	sw	a1,4(a2)
    80003d9e:	fc442583          	lw	a1,-60(s0)
    80003da2:	c20c                	sw	a1,0(a2)
    80003da4:	0571                	addi	a0,a0,28
    80003da6:	faa43c23          	sd	a0,-72(s0)
    80003daa:	fe843583          	ld	a1,-24(s0)
    80003dae:	02058513          	addi	a0,a1,32 # 18020 <UART0_BASE-0xffe7fe0>
    80003db2:	fb843603          	ld	a2,-72(s0)
    80003db6:	fc042683          	lw	a3,-64(s0)
    80003dba:	df0fd0ef          	jal	800013aa <memory_map_weights>
    80003dbe:	fe843503          	ld	a0,-24(s0)
    80003dc2:	faa43823          	sd	a0,-80(s0)
    80003dc6:	fe843503          	ld	a0,-24(s0)
    80003dca:	02050513          	addi	a0,a0,32
    80003dce:	faa43423          	sd	a0,-88(s0)
    80003dd2:	fb043503          	ld	a0,-80(s0)
    80003dd6:	4108                	lw	a0,0(a0)
    80003dd8:	faa42223          	sw	a0,-92(s0)
    80003ddc:	fb043583          	ld	a1,-80(s0)
    80003de0:	4188                	lw	a0,0(a1)
    80003de2:	4990                	lw	a2,16(a1)
    80003de4:	02c5053b          	mulw	a0,a0,a2
    80003de8:	45cc                	lw	a1,12(a1)
    80003dea:	02b5453b          	divw	a0,a0,a1
    80003dee:	faa42023          	sw	a0,-96(s0)
    80003df2:	fb043503          	ld	a0,-80(s0)
    80003df6:	4148                	lw	a0,4(a0)
    80003df8:	f8a42e23          	sw	a0,-100(s0)
    80003dfc:	fb043503          	ld	a0,-80(s0)
    80003e00:	4508                	lw	a0,8(a0)
    80003e02:	45c1                	li	a1,16
    80003e04:	eab43823          	sd	a1,-336(s0)
    80003e08:	eaffc0ef          	jal	80000cb6 <calloc>
    80003e0c:	eb043583          	ld	a1,-336(s0)
    80003e10:	fa843603          	ld	a2,-88(s0)
    80003e14:	f228                	sd	a0,96(a2)
    80003e16:	fb043503          	ld	a0,-80(s0)
    80003e1a:	4508                	lw	a0,8(a0)
    80003e1c:	e9bfc0ef          	jal	80000cb6 <calloc>
    80003e20:	eb043583          	ld	a1,-336(s0)
    80003e24:	fa843603          	ld	a2,-88(s0)
    80003e28:	f628                	sd	a0,104(a2)
    80003e2a:	fb043503          	ld	a0,-80(s0)
    80003e2e:	4508                	lw	a0,8(a0)
    80003e30:	e87fc0ef          	jal	80000cb6 <calloc>
    80003e34:	eb043583          	ld	a1,-336(s0)
    80003e38:	fa843603          	ld	a2,-88(s0)
    80003e3c:	fa28                	sd	a0,112(a2)
    80003e3e:	fb043503          	ld	a0,-80(s0)
    80003e42:	4508                	lw	a0,8(a0)
    80003e44:	e73fc0ef          	jal	80000cb6 <calloc>
    80003e48:	eb043583          	ld	a1,-336(s0)
    80003e4c:	fa843603          	ld	a2,-88(s0)
    80003e50:	fe28                	sd	a0,120(a2)
    80003e52:	fb043503          	ld	a0,-80(s0)
    80003e56:	4508                	lw	a0,8(a0)
    80003e58:	e5ffc0ef          	jal	80000cb6 <calloc>
    80003e5c:	eb043583          	ld	a1,-336(s0)
    80003e60:	fa843603          	ld	a2,-88(s0)
    80003e64:	e248                	sd	a0,128(a2)
    80003e66:	fb043503          	ld	a0,-80(s0)
    80003e6a:	4508                	lw	a0,8(a0)
    80003e6c:	e4bfc0ef          	jal	80000cb6 <calloc>
    80003e70:	eb043583          	ld	a1,-336(s0)
    80003e74:	fa843603          	ld	a2,-88(s0)
    80003e78:	e648                	sd	a0,136(a2)
    80003e7a:	fb043503          	ld	a0,-80(s0)
    80003e7e:	4508                	lw	a0,8(a0)
    80003e80:	e37fc0ef          	jal	80000cb6 <calloc>
    80003e84:	fa843583          	ld	a1,-88(s0)
    80003e88:	e9c8                	sd	a0,144(a1)
    80003e8a:	fa843503          	ld	a0,-88(s0)
    80003e8e:	7128                	ld	a0,96(a0)
    80003e90:	c121                	beqz	a0,80003ed0 <init_transformer_from_embedded+0x1be>
    80003e92:	a009                	j	80003e94 <init_transformer_from_embedded+0x182>
    80003e94:	fa843503          	ld	a0,-88(s0)
    80003e98:	7528                	ld	a0,104(a0)
    80003e9a:	c91d                	beqz	a0,80003ed0 <init_transformer_from_embedded+0x1be>
    80003e9c:	a009                	j	80003e9e <init_transformer_from_embedded+0x18c>
    80003e9e:	fa843503          	ld	a0,-88(s0)
    80003ea2:	7928                	ld	a0,112(a0)
    80003ea4:	c515                	beqz	a0,80003ed0 <init_transformer_from_embedded+0x1be>
    80003ea6:	a009                	j	80003ea8 <init_transformer_from_embedded+0x196>
    80003ea8:	fa843503          	ld	a0,-88(s0)
    80003eac:	7d28                	ld	a0,120(a0)
    80003eae:	c10d                	beqz	a0,80003ed0 <init_transformer_from_embedded+0x1be>
    80003eb0:	a009                	j	80003eb2 <init_transformer_from_embedded+0x1a0>
    80003eb2:	fa843503          	ld	a0,-88(s0)
    80003eb6:	6148                	ld	a0,128(a0)
    80003eb8:	cd01                	beqz	a0,80003ed0 <init_transformer_from_embedded+0x1be>
    80003eba:	a009                	j	80003ebc <init_transformer_from_embedded+0x1aa>
    80003ebc:	fa843503          	ld	a0,-88(s0)
    80003ec0:	6548                	ld	a0,136(a0)
    80003ec2:	c519                	beqz	a0,80003ed0 <init_transformer_from_embedded+0x1be>
    80003ec4:	a009                	j	80003ec6 <init_transformer_from_embedded+0x1b4>
    80003ec6:	fa843503          	ld	a0,-88(s0)
    80003eca:	6948                	ld	a0,144(a0)
    80003ecc:	e909                	bnez	a0,80003ede <init_transformer_from_embedded+0x1cc>
    80003ece:	a009                	j	80003ed0 <init_transformer_from_embedded+0x1be>
    80003ed0:	00001517          	auipc	a0,0x1
    80003ed4:	77350513          	addi	a0,a0,1907 # 80005643 <matrix_kernel_qmatmul_f32_noblk+0x45d>
    80003ed8:	c6afd0ef          	jal	80001342 <panic>
    80003edc:	a009                	j	80003ede <init_transformer_from_embedded+0x1cc>
    80003ede:	4501                	li	a0,0
    80003ee0:	f8a42c23          	sw	a0,-104(s0)
    80003ee4:	a009                	j	80003ee6 <init_transformer_from_embedded+0x1d4>
    80003ee6:	f9842503          	lw	a0,-104(s0)
    80003eea:	fb043583          	ld	a1,-80(s0)
    80003eee:	458c                	lw	a1,8(a1)
    80003ef0:	30b55763          	bge	a0,a1,800041fe <init_transformer_from_embedded+0x4ec>
    80003ef4:	a009                	j	80003ef6 <init_transformer_from_embedded+0x1e4>
    80003ef6:	fa442503          	lw	a0,-92(s0)
    80003efa:	f8a42a23          	sw	a0,-108(s0)
    80003efe:	fa442503          	lw	a0,-92(s0)
    80003f02:	f8a42823          	sw	a0,-112(s0)
    80003f06:	f9442503          	lw	a0,-108(s0)
    80003f0a:	f9042583          	lw	a1,-112(s0)
    80003f0e:	02b5053b          	mulw	a0,a0,a1
    80003f12:	f8a42623          	sw	a0,-116(s0)
    80003f16:	fa843503          	ld	a0,-88(s0)
    80003f1a:	7128                	ld	a0,96(a0)
    80003f1c:	f9842583          	lw	a1,-104(s0)
    80003f20:	0592                	slli	a1,a1,0x4
    80003f22:	952e                	add	a0,a0,a1
    80003f24:	e6a43823          	sd	a0,-400(s0)
    80003f28:	f8c42503          	lw	a0,-116(s0)
    80003f2c:	bacfd0ef          	jal	800012d8 <qt_alloc>
    80003f30:	862e                	mv	a2,a1
    80003f32:	e7043583          	ld	a1,-400(s0)
    80003f36:	f8c43023          	sd	a2,-128(s0)
    80003f3a:	f6a43c23          	sd	a0,-136(s0)
    80003f3e:	f8043503          	ld	a0,-128(s0)
    80003f42:	e588                	sd	a0,8(a1)
    80003f44:	f7843503          	ld	a0,-136(s0)
    80003f48:	e188                	sd	a0,0(a1)
    80003f4a:	fa843583          	ld	a1,-88(s0)
    80003f4e:	71a8                	ld	a0,96(a1)
    80003f50:	f9842683          	lw	a3,-104(s0)
    80003f54:	00469613          	slli	a2,a3,0x4
    80003f58:	9532                	add	a0,a0,a2
    80003f5a:	6d8c                	ld	a1,24(a1)
    80003f5c:	f8c42603          	lw	a2,-116(s0)
    80003f60:	02c686b3          	mul	a3,a3,a2
    80003f64:	068a                	slli	a3,a3,0x2
    80003f66:	95b6                	add	a1,a1,a3
    80003f68:	249000ef          	jal	800049b0 <quantize_const>
    80003f6c:	fa442503          	lw	a0,-92(s0)
    80003f70:	f6a42a23          	sw	a0,-140(s0)
    80003f74:	fa042503          	lw	a0,-96(s0)
    80003f78:	f6a42823          	sw	a0,-144(s0)
    80003f7c:	f7442503          	lw	a0,-140(s0)
    80003f80:	f7042583          	lw	a1,-144(s0)
    80003f84:	02b5053b          	mulw	a0,a0,a1
    80003f88:	f6a42623          	sw	a0,-148(s0)
    80003f8c:	fa843503          	ld	a0,-88(s0)
    80003f90:	7528                	ld	a0,104(a0)
    80003f92:	f9842583          	lw	a1,-104(s0)
    80003f96:	0592                	slli	a1,a1,0x4
    80003f98:	952e                	add	a0,a0,a1
    80003f9a:	e6a43c23          	sd	a0,-392(s0)
    80003f9e:	f6c42503          	lw	a0,-148(s0)
    80003fa2:	b36fd0ef          	jal	800012d8 <qt_alloc>
    80003fa6:	862e                	mv	a2,a1
    80003fa8:	e7843583          	ld	a1,-392(s0)
    80003fac:	f6c43023          	sd	a2,-160(s0)
    80003fb0:	f4a43c23          	sd	a0,-168(s0)
    80003fb4:	f6043503          	ld	a0,-160(s0)
    80003fb8:	e588                	sd	a0,8(a1)
    80003fba:	f5843503          	ld	a0,-168(s0)
    80003fbe:	e188                	sd	a0,0(a1)
    80003fc0:	fa843503          	ld	a0,-88(s0)
    80003fc4:	7928                	ld	a0,112(a0)
    80003fc6:	f9842583          	lw	a1,-104(s0)
    80003fca:	0592                	slli	a1,a1,0x4
    80003fcc:	952e                	add	a0,a0,a1
    80003fce:	e8a43023          	sd	a0,-384(s0)
    80003fd2:	f6c42503          	lw	a0,-148(s0)
    80003fd6:	b02fd0ef          	jal	800012d8 <qt_alloc>
    80003fda:	862e                	mv	a2,a1
    80003fdc:	e8043583          	ld	a1,-384(s0)
    80003fe0:	f4c43823          	sd	a2,-176(s0)
    80003fe4:	f4a43423          	sd	a0,-184(s0)
    80003fe8:	f5043503          	ld	a0,-176(s0)
    80003fec:	e588                	sd	a0,8(a1)
    80003fee:	f4843503          	ld	a0,-184(s0)
    80003ff2:	e188                	sd	a0,0(a1)
    80003ff4:	fa843583          	ld	a1,-88(s0)
    80003ff8:	75a8                	ld	a0,104(a1)
    80003ffa:	f9842683          	lw	a3,-104(s0)
    80003ffe:	00469613          	slli	a2,a3,0x4
    80004002:	9532                	add	a0,a0,a2
    80004004:	718c                	ld	a1,32(a1)
    80004006:	f6c42603          	lw	a2,-148(s0)
    8000400a:	02c686b3          	mul	a3,a3,a2
    8000400e:	068a                	slli	a3,a3,0x2
    80004010:	95b6                	add	a1,a1,a3
    80004012:	19f000ef          	jal	800049b0 <quantize_const>
    80004016:	fa843583          	ld	a1,-88(s0)
    8000401a:	79a8                	ld	a0,112(a1)
    8000401c:	f9842683          	lw	a3,-104(s0)
    80004020:	00469613          	slli	a2,a3,0x4
    80004024:	9532                	add	a0,a0,a2
    80004026:	758c                	ld	a1,40(a1)
    80004028:	f6c42603          	lw	a2,-148(s0)
    8000402c:	02c686b3          	mul	a3,a3,a2
    80004030:	068a                	slli	a3,a3,0x2
    80004032:	95b6                	add	a1,a1,a3
    80004034:	17d000ef          	jal	800049b0 <quantize_const>
    80004038:	fa442503          	lw	a0,-92(s0)
    8000403c:	f4a42223          	sw	a0,-188(s0)
    80004040:	fa442503          	lw	a0,-92(s0)
    80004044:	f4a42023          	sw	a0,-192(s0)
    80004048:	f4442503          	lw	a0,-188(s0)
    8000404c:	f4042583          	lw	a1,-192(s0)
    80004050:	02b5053b          	mulw	a0,a0,a1
    80004054:	f2a42e23          	sw	a0,-196(s0)
    80004058:	fa843503          	ld	a0,-88(s0)
    8000405c:	7d28                	ld	a0,120(a0)
    8000405e:	f9842583          	lw	a1,-104(s0)
    80004062:	0592                	slli	a1,a1,0x4
    80004064:	952e                	add	a0,a0,a1
    80004066:	e8a43423          	sd	a0,-376(s0)
    8000406a:	f3c42503          	lw	a0,-196(s0)
    8000406e:	a6afd0ef          	jal	800012d8 <qt_alloc>
    80004072:	862e                	mv	a2,a1
    80004074:	e8843583          	ld	a1,-376(s0)
    80004078:	f2c43823          	sd	a2,-208(s0)
    8000407c:	f2a43423          	sd	a0,-216(s0)
    80004080:	f3043503          	ld	a0,-208(s0)
    80004084:	e588                	sd	a0,8(a1)
    80004086:	f2843503          	ld	a0,-216(s0)
    8000408a:	e188                	sd	a0,0(a1)
    8000408c:	fa843583          	ld	a1,-88(s0)
    80004090:	7da8                	ld	a0,120(a1)
    80004092:	f9842683          	lw	a3,-104(s0)
    80004096:	00469613          	slli	a2,a3,0x4
    8000409a:	9532                	add	a0,a0,a2
    8000409c:	798c                	ld	a1,48(a1)
    8000409e:	f3c42603          	lw	a2,-196(s0)
    800040a2:	02c686b3          	mul	a3,a3,a2
    800040a6:	068a                	slli	a3,a3,0x2
    800040a8:	95b6                	add	a1,a1,a3
    800040aa:	107000ef          	jal	800049b0 <quantize_const>
    800040ae:	fa442503          	lw	a0,-92(s0)
    800040b2:	f2a42223          	sw	a0,-220(s0)
    800040b6:	f9c42503          	lw	a0,-100(s0)
    800040ba:	f2a42023          	sw	a0,-224(s0)
    800040be:	f2442503          	lw	a0,-220(s0)
    800040c2:	f2042583          	lw	a1,-224(s0)
    800040c6:	02b5053b          	mulw	a0,a0,a1
    800040ca:	f0a42e23          	sw	a0,-228(s0)
    800040ce:	fa843503          	ld	a0,-88(s0)
    800040d2:	6148                	ld	a0,128(a0)
    800040d4:	f9842583          	lw	a1,-104(s0)
    800040d8:	0592                	slli	a1,a1,0x4
    800040da:	952e                	add	a0,a0,a1
    800040dc:	e8a43823          	sd	a0,-368(s0)
    800040e0:	f1c42503          	lw	a0,-228(s0)
    800040e4:	9f4fd0ef          	jal	800012d8 <qt_alloc>
    800040e8:	862e                	mv	a2,a1
    800040ea:	e9043583          	ld	a1,-368(s0)
    800040ee:	f0c43823          	sd	a2,-240(s0)
    800040f2:	f0a43423          	sd	a0,-248(s0)
    800040f6:	f1043503          	ld	a0,-240(s0)
    800040fa:	e588                	sd	a0,8(a1)
    800040fc:	f0843503          	ld	a0,-248(s0)
    80004100:	e188                	sd	a0,0(a1)
    80004102:	fa843503          	ld	a0,-88(s0)
    80004106:	6948                	ld	a0,144(a0)
    80004108:	f9842583          	lw	a1,-104(s0)
    8000410c:	0592                	slli	a1,a1,0x4
    8000410e:	952e                	add	a0,a0,a1
    80004110:	e8a43c23          	sd	a0,-360(s0)
    80004114:	f1c42503          	lw	a0,-228(s0)
    80004118:	9c0fd0ef          	jal	800012d8 <qt_alloc>
    8000411c:	862e                	mv	a2,a1
    8000411e:	e9843583          	ld	a1,-360(s0)
    80004122:	f0c43023          	sd	a2,-256(s0)
    80004126:	eea43c23          	sd	a0,-264(s0)
    8000412a:	f0043503          	ld	a0,-256(s0)
    8000412e:	e588                	sd	a0,8(a1)
    80004130:	ef843503          	ld	a0,-264(s0)
    80004134:	e188                	sd	a0,0(a1)
    80004136:	fa843583          	ld	a1,-88(s0)
    8000413a:	61c8                	ld	a0,128(a1)
    8000413c:	f9842683          	lw	a3,-104(s0)
    80004140:	00469613          	slli	a2,a3,0x4
    80004144:	9532                	add	a0,a0,a2
    80004146:	7d8c                	ld	a1,56(a1)
    80004148:	f1c42603          	lw	a2,-228(s0)
    8000414c:	02c686b3          	mul	a3,a3,a2
    80004150:	068a                	slli	a3,a3,0x2
    80004152:	95b6                	add	a1,a1,a3
    80004154:	05d000ef          	jal	800049b0 <quantize_const>
    80004158:	fa843583          	ld	a1,-88(s0)
    8000415c:	69c8                	ld	a0,144(a1)
    8000415e:	f9842683          	lw	a3,-104(s0)
    80004162:	00469613          	slli	a2,a3,0x4
    80004166:	9532                	add	a0,a0,a2
    80004168:	65ac                	ld	a1,72(a1)
    8000416a:	f1c42603          	lw	a2,-228(s0)
    8000416e:	02c686b3          	mul	a3,a3,a2
    80004172:	068a                	slli	a3,a3,0x2
    80004174:	95b6                	add	a1,a1,a3
    80004176:	03b000ef          	jal	800049b0 <quantize_const>
    8000417a:	f9c42503          	lw	a0,-100(s0)
    8000417e:	eea42a23          	sw	a0,-268(s0)
    80004182:	fa442503          	lw	a0,-92(s0)
    80004186:	eea42823          	sw	a0,-272(s0)
    8000418a:	ef442503          	lw	a0,-268(s0)
    8000418e:	ef042583          	lw	a1,-272(s0)
    80004192:	02b5053b          	mulw	a0,a0,a1
    80004196:	eea42623          	sw	a0,-276(s0)
    8000419a:	fa843503          	ld	a0,-88(s0)
    8000419e:	6548                	ld	a0,136(a0)
    800041a0:	f9842583          	lw	a1,-104(s0)
    800041a4:	0592                	slli	a1,a1,0x4
    800041a6:	952e                	add	a0,a0,a1
    800041a8:	eaa43023          	sd	a0,-352(s0)
    800041ac:	eec42503          	lw	a0,-276(s0)
    800041b0:	928fd0ef          	jal	800012d8 <qt_alloc>
    800041b4:	862e                	mv	a2,a1
    800041b6:	ea043583          	ld	a1,-352(s0)
    800041ba:	eec43023          	sd	a2,-288(s0)
    800041be:	eca43c23          	sd	a0,-296(s0)
    800041c2:	ee043503          	ld	a0,-288(s0)
    800041c6:	e588                	sd	a0,8(a1)
    800041c8:	ed843503          	ld	a0,-296(s0)
    800041cc:	e188                	sd	a0,0(a1)
    800041ce:	fa843583          	ld	a1,-88(s0)
    800041d2:	65c8                	ld	a0,136(a1)
    800041d4:	f9842683          	lw	a3,-104(s0)
    800041d8:	00469613          	slli	a2,a3,0x4
    800041dc:	9532                	add	a0,a0,a2
    800041de:	61ac                	ld	a1,64(a1)
    800041e0:	eec42603          	lw	a2,-276(s0)
    800041e4:	02c686b3          	mul	a3,a3,a2
    800041e8:	068a                	slli	a3,a3,0x2
    800041ea:	95b6                	add	a1,a1,a3
    800041ec:	7c4000ef          	jal	800049b0 <quantize_const>
    800041f0:	a009                	j	800041f2 <init_transformer_from_embedded+0x4e0>
    800041f2:	f9842503          	lw	a0,-104(s0)
    800041f6:	2505                	addiw	a0,a0,1
    800041f8:	f8a42c23          	sw	a0,-104(s0)
    800041fc:	b1ed                	j	80003ee6 <init_transformer_from_embedded+0x1d4>
    800041fe:	fa442503          	lw	a0,-92(s0)
    80004202:	eca42a23          	sw	a0,-300(s0)
    80004206:	fb043503          	ld	a0,-80(s0)
    8000420a:	4948                	lw	a0,20(a0)
    8000420c:	eca42823          	sw	a0,-304(s0)
    80004210:	ed442503          	lw	a0,-300(s0)
    80004214:	ed042583          	lw	a1,-304(s0)
    80004218:	02b5053b          	mulw	a0,a0,a1
    8000421c:	eca42623          	sw	a0,-308(s0)
    80004220:	fa843503          	ld	a0,-88(s0)
    80004224:	e6a43423          	sd	a0,-408(s0)
    80004228:	ecc42503          	lw	a0,-308(s0)
    8000422c:	8acfd0ef          	jal	800012d8 <qt_alloc>
    80004230:	862e                	mv	a2,a1
    80004232:	e6843583          	ld	a1,-408(s0)
    80004236:	ecc43023          	sd	a2,-320(s0)
    8000423a:	eaa43c23          	sd	a0,-328(s0)
    8000423e:	ec043503          	ld	a0,-320(s0)
    80004242:	f1c8                	sd	a0,160(a1)
    80004244:	eb843503          	ld	a0,-328(s0)
    80004248:	edc8                	sd	a0,152(a1)
    8000424a:	fa843583          	ld	a1,-88(s0)
    8000424e:	09858513          	addi	a0,a1,152
    80004252:	6dac                	ld	a1,88(a1)
    80004254:	ecc42603          	lw	a2,-308(s0)
    80004258:	758000ef          	jal	800049b0 <quantize_const>
    8000425c:	fe843583          	ld	a1,-24(s0)
    80004260:	0c858513          	addi	a0,a1,200
    80004264:	e51fc0ef          	jal	800010b4 <malloc_run_state>
    80004268:	e6040113          	addi	sp,s0,-416
    8000426c:	60fa                	ld	ra,408(sp)
    8000426e:	645a                	ld	s0,400(sp)
    80004270:	611d                	addi	sp,sp,416
    80004272:	8082                	ret

0000000080004274 <build_tokenizer_from_embedded>:
    80004274:	7139                	addi	sp,sp,-64
    80004276:	fc06                	sd	ra,56(sp)
    80004278:	f822                	sd	s0,48(sp)
    8000427a:	0080                	addi	s0,sp,64
    8000427c:	fea43423          	sd	a0,-24(s0)
    80004280:	feb42223          	sw	a1,-28(s0)
    80004284:	fe442503          	lw	a0,-28(s0)
    80004288:	fe843583          	ld	a1,-24(s0)
    8000428c:	cd88                	sw	a0,24(a1)
    8000428e:	4501                	li	a0,0
    80004290:	fea42023          	sw	a0,-32(s0)
    80004294:	a009                	j	80004296 <build_tokenizer_from_embedded+0x22>
    80004296:	fe042583          	lw	a1,-32(s0)
    8000429a:	0ff00513          	li	a0,255
    8000429e:	02b54d63          	blt	a0,a1,800042d8 <build_tokenizer_from_embedded+0x64>
    800042a2:	a009                	j	800042a4 <build_tokenizer_from_embedded+0x30>
    800042a4:	fe042503          	lw	a0,-32(s0)
    800042a8:	fe843583          	ld	a1,-24(s0)
    800042ac:	0015161b          	slliw	a2,a0,0x1
    800042b0:	95b2                	add	a1,a1,a2
    800042b2:	02a58023          	sb	a0,32(a1)
    800042b6:	fe843503          	ld	a0,-24(s0)
    800042ba:	fe042583          	lw	a1,-32(s0)
    800042be:	0015959b          	slliw	a1,a1,0x1
    800042c2:	95aa                	add	a1,a1,a0
    800042c4:	4501                	li	a0,0
    800042c6:	02a580a3          	sb	a0,33(a1)
    800042ca:	a009                	j	800042cc <build_tokenizer_from_embedded+0x58>
    800042cc:	fe042503          	lw	a0,-32(s0)
    800042d0:	2505                	addiw	a0,a0,1
    800042d2:	fea42023          	sw	a0,-32(s0)
    800042d6:	b7c1                	j	80004296 <build_tokenizer_from_embedded+0x22>
    800042d8:	03a01517          	auipc	a0,0x3a01
    800042dc:	fa850513          	addi	a0,a0,-88 # 83a05280 <_binary_tokenizer_bin_start>
    800042e0:	fca43c23          	sd	a0,-40(s0)
    800042e4:	03a6b517          	auipc	a0,0x3a6b
    800042e8:	e6950513          	addi	a0,a0,-407 # 83a6f14d <_binary_tokenizer_bin_end>
    800042ec:	fca43823          	sd	a0,-48(s0)
    800042f0:	fd843503          	ld	a0,-40(s0)
    800042f4:	00450593          	addi	a1,a0,4
    800042f8:	fd043503          	ld	a0,-48(s0)
    800042fc:	00b57a63          	bgeu	a0,a1,80004310 <build_tokenizer_from_embedded+0x9c>
    80004300:	a009                	j	80004302 <build_tokenizer_from_embedded+0x8e>
    80004302:	00001517          	auipc	a0,0x1
    80004306:	3fd50513          	addi	a0,a0,1021 # 800056ff <matrix_kernel_qmatmul_f32_noblk+0x519>
    8000430a:	838fd0ef          	jal	80001342 <panic>
    8000430e:	a009                	j	80004310 <build_tokenizer_from_embedded+0x9c>
    80004310:	fe843503          	ld	a0,-24(s0)
    80004314:	0571                	addi	a0,a0,28
    80004316:	fd843583          	ld	a1,-40(s0)
    8000431a:	4611                	li	a2,4
    8000431c:	ed7fb0ef          	jal	800001f2 <memcpy>
    80004320:	fd843503          	ld	a0,-40(s0)
    80004324:	0511                	addi	a0,a0,4
    80004326:	fca43c23          	sd	a0,-40(s0)
    8000432a:	fe442503          	lw	a0,-28(s0)
    8000432e:	050e                	slli	a0,a0,0x3
    80004330:	89ffc0ef          	jal	80000bce <malloc>
    80004334:	fe843583          	ld	a1,-24(s0)
    80004338:	e188                	sd	a0,0(a1)
    8000433a:	fe442503          	lw	a0,-28(s0)
    8000433e:	050a                	slli	a0,a0,0x2
    80004340:	88ffc0ef          	jal	80000bce <malloc>
    80004344:	fe843583          	ld	a1,-24(s0)
    80004348:	e588                	sd	a0,8(a1)
    8000434a:	fe843583          	ld	a1,-24(s0)
    8000434e:	4501                	li	a0,0
    80004350:	e988                	sd	a0,16(a1)
    80004352:	fe843503          	ld	a0,-24(s0)
    80004356:	6108                	ld	a0,0(a0)
    80004358:	c519                	beqz	a0,80004366 <build_tokenizer_from_embedded+0xf2>
    8000435a:	a009                	j	8000435c <build_tokenizer_from_embedded+0xe8>
    8000435c:	fe843503          	ld	a0,-24(s0)
    80004360:	6508                	ld	a0,8(a0)
    80004362:	e909                	bnez	a0,80004374 <build_tokenizer_from_embedded+0x100>
    80004364:	a009                	j	80004366 <build_tokenizer_from_embedded+0xf2>
    80004366:	00001517          	auipc	a0,0x1
    8000436a:	1fd50513          	addi	a0,a0,509 # 80005563 <matrix_kernel_qmatmul_f32_noblk+0x37d>
    8000436e:	fd5fc0ef          	jal	80001342 <panic>
    80004372:	a009                	j	80004374 <build_tokenizer_from_embedded+0x100>
    80004374:	4501                	li	a0,0
    80004376:	fca42623          	sw	a0,-52(s0)
    8000437a:	a009                	j	8000437c <build_tokenizer_from_embedded+0x108>
    8000437c:	fcc42503          	lw	a0,-52(s0)
    80004380:	fe442583          	lw	a1,-28(s0)
    80004384:	10b55c63          	bge	a0,a1,8000449c <build_tokenizer_from_embedded+0x228>
    80004388:	a009                	j	8000438a <build_tokenizer_from_embedded+0x116>
    8000438a:	fd843503          	ld	a0,-40(s0)
    8000438e:	00850593          	addi	a1,a0,8
    80004392:	fd043503          	ld	a0,-48(s0)
    80004396:	00b57a63          	bgeu	a0,a1,800043aa <build_tokenizer_from_embedded+0x136>
    8000439a:	a009                	j	8000439c <build_tokenizer_from_embedded+0x128>
    8000439c:	00001517          	auipc	a0,0x1
    800043a0:	25450513          	addi	a0,a0,596 # 800055f0 <matrix_kernel_qmatmul_f32_noblk+0x40a>
    800043a4:	f9ffc0ef          	jal	80001342 <panic>
    800043a8:	a009                	j	800043aa <build_tokenizer_from_embedded+0x136>
    800043aa:	fe843503          	ld	a0,-24(s0)
    800043ae:	6508                	ld	a0,8(a0)
    800043b0:	fcc42583          	lw	a1,-52(s0)
    800043b4:	058a                	slli	a1,a1,0x2
    800043b6:	952e                	add	a0,a0,a1
    800043b8:	fd843583          	ld	a1,-40(s0)
    800043bc:	4611                	li	a2,4
    800043be:	fcc43023          	sd	a2,-64(s0)
    800043c2:	e31fb0ef          	jal	800001f2 <memcpy>
    800043c6:	fc043603          	ld	a2,-64(s0)
    800043ca:	fd843503          	ld	a0,-40(s0)
    800043ce:	0511                	addi	a0,a0,4
    800043d0:	fca43c23          	sd	a0,-40(s0)
    800043d4:	fd843583          	ld	a1,-40(s0)
    800043d8:	fc840513          	addi	a0,s0,-56
    800043dc:	e17fb0ef          	jal	800001f2 <memcpy>
    800043e0:	fd843503          	ld	a0,-40(s0)
    800043e4:	0511                	addi	a0,a0,4
    800043e6:	fca43c23          	sd	a0,-40(s0)
    800043ea:	fd843503          	ld	a0,-40(s0)
    800043ee:	fc842583          	lw	a1,-56(s0)
    800043f2:	95aa                	add	a1,a1,a0
    800043f4:	fd043503          	ld	a0,-48(s0)
    800043f8:	00b57a63          	bgeu	a0,a1,8000440c <build_tokenizer_from_embedded+0x198>
    800043fc:	a009                	j	800043fe <build_tokenizer_from_embedded+0x18a>
    800043fe:	00001517          	auipc	a0,0x1
    80004402:	27850513          	addi	a0,a0,632 # 80005676 <matrix_kernel_qmatmul_f32_noblk+0x490>
    80004406:	f3dfc0ef          	jal	80001342 <panic>
    8000440a:	a009                	j	8000440c <build_tokenizer_from_embedded+0x198>
    8000440c:	fc842503          	lw	a0,-56(s0)
    80004410:	2505                	addiw	a0,a0,1
    80004412:	fbcfc0ef          	jal	80000bce <malloc>
    80004416:	fe843583          	ld	a1,-24(s0)
    8000441a:	618c                	ld	a1,0(a1)
    8000441c:	fcc42603          	lw	a2,-52(s0)
    80004420:	060e                	slli	a2,a2,0x3
    80004422:	95b2                	add	a1,a1,a2
    80004424:	e188                	sd	a0,0(a1)
    80004426:	fe843503          	ld	a0,-24(s0)
    8000442a:	6108                	ld	a0,0(a0)
    8000442c:	fcc42583          	lw	a1,-52(s0)
    80004430:	058e                	slli	a1,a1,0x3
    80004432:	952e                	add	a0,a0,a1
    80004434:	6108                	ld	a0,0(a0)
    80004436:	e909                	bnez	a0,80004448 <build_tokenizer_from_embedded+0x1d4>
    80004438:	a009                	j	8000443a <build_tokenizer_from_embedded+0x1c6>
    8000443a:	00001517          	auipc	a0,0x1
    8000443e:	0c150513          	addi	a0,a0,193 # 800054fb <matrix_kernel_qmatmul_f32_noblk+0x315>
    80004442:	f01fc0ef          	jal	80001342 <panic>
    80004446:	a009                	j	80004448 <build_tokenizer_from_embedded+0x1d4>
    80004448:	fe843503          	ld	a0,-24(s0)
    8000444c:	6108                	ld	a0,0(a0)
    8000444e:	fcc42583          	lw	a1,-52(s0)
    80004452:	058e                	slli	a1,a1,0x3
    80004454:	952e                	add	a0,a0,a1
    80004456:	6108                	ld	a0,0(a0)
    80004458:	fd843583          	ld	a1,-40(s0)
    8000445c:	fc842603          	lw	a2,-56(s0)
    80004460:	d93fb0ef          	jal	800001f2 <memcpy>
    80004464:	fe843503          	ld	a0,-24(s0)
    80004468:	6108                	ld	a0,0(a0)
    8000446a:	fcc42583          	lw	a1,-52(s0)
    8000446e:	058e                	slli	a1,a1,0x3
    80004470:	952e                	add	a0,a0,a1
    80004472:	6108                	ld	a0,0(a0)
    80004474:	fc842583          	lw	a1,-56(s0)
    80004478:	95aa                	add	a1,a1,a0
    8000447a:	4501                	li	a0,0
    8000447c:	00a58023          	sb	a0,0(a1)
    80004480:	fc842583          	lw	a1,-56(s0)
    80004484:	fd843503          	ld	a0,-40(s0)
    80004488:	952e                	add	a0,a0,a1
    8000448a:	fca43c23          	sd	a0,-40(s0)
    8000448e:	a009                	j	80004490 <build_tokenizer_from_embedded+0x21c>
    80004490:	fcc42503          	lw	a0,-52(s0)
    80004494:	2505                	addiw	a0,a0,1
    80004496:	fca42623          	sw	a0,-52(s0)
    8000449a:	b5cd                	j	8000437c <build_tokenizer_from_embedded+0x108>
    8000449c:	fc040113          	addi	sp,s0,-64
    800044a0:	70e2                	ld	ra,56(sp)
    800044a2:	7442                	ld	s0,48(sp)
    800044a4:	6121                	addi	sp,sp,64
    800044a6:	8082                	ret

00000000800044a8 <hex_nibble>:
    800044a8:	1101                	addi	sp,sp,-32
    800044aa:	ec06                	sd	ra,24(sp)
    800044ac:	e822                	sd	s0,16(sp)
    800044ae:	1000                	addi	s0,sp,32
    800044b0:	fea405a3          	sb	a0,-21(s0)
    800044b4:	feb44503          	lbu	a0,-21(s0)
    800044b8:	03000593          	li	a1,48
    800044bc:	02b54163          	blt	a0,a1,800044de <hex_nibble+0x36>
    800044c0:	a009                	j	800044c2 <hex_nibble+0x1a>
    800044c2:	feb44583          	lbu	a1,-21(s0)
    800044c6:	03900513          	li	a0,57
    800044ca:	00b54a63          	blt	a0,a1,800044de <hex_nibble+0x36>
    800044ce:	a009                	j	800044d0 <hex_nibble+0x28>
    800044d0:	feb44503          	lbu	a0,-21(s0)
    800044d4:	fd05051b          	addiw	a0,a0,-48
    800044d8:	fea42623          	sw	a0,-20(s0)
    800044dc:	a8b9                	j	8000453a <hex_nibble+0x92>
    800044de:	feb44503          	lbu	a0,-21(s0)
    800044e2:	06100593          	li	a1,97
    800044e6:	02b54163          	blt	a0,a1,80004508 <hex_nibble+0x60>
    800044ea:	a009                	j	800044ec <hex_nibble+0x44>
    800044ec:	feb44583          	lbu	a1,-21(s0)
    800044f0:	06600513          	li	a0,102
    800044f4:	00b54a63          	blt	a0,a1,80004508 <hex_nibble+0x60>
    800044f8:	a009                	j	800044fa <hex_nibble+0x52>
    800044fa:	feb44503          	lbu	a0,-21(s0)
    800044fe:	fa95051b          	addiw	a0,a0,-87
    80004502:	fea42623          	sw	a0,-20(s0)
    80004506:	a815                	j	8000453a <hex_nibble+0x92>
    80004508:	feb44503          	lbu	a0,-21(s0)
    8000450c:	04100593          	li	a1,65
    80004510:	02b54163          	blt	a0,a1,80004532 <hex_nibble+0x8a>
    80004514:	a009                	j	80004516 <hex_nibble+0x6e>
    80004516:	feb44583          	lbu	a1,-21(s0)
    8000451a:	04600513          	li	a0,70
    8000451e:	00b54a63          	blt	a0,a1,80004532 <hex_nibble+0x8a>
    80004522:	a009                	j	80004524 <hex_nibble+0x7c>
    80004524:	feb44503          	lbu	a0,-21(s0)
    80004528:	fc95051b          	addiw	a0,a0,-55
    8000452c:	fea42623          	sw	a0,-20(s0)
    80004530:	a029                	j	8000453a <hex_nibble+0x92>
    80004532:	557d                	li	a0,-1
    80004534:	fea42623          	sw	a0,-20(s0)
    80004538:	a009                	j	8000453a <hex_nibble+0x92>
    8000453a:	fec42503          	lw	a0,-20(s0)
    8000453e:	fe040113          	addi	sp,s0,-32
    80004542:	60e2                	ld	ra,24(sp)
    80004544:	6442                	ld	s0,16(sp)
    80004546:	6105                	addi	sp,sp,32
    80004548:	8082                	ret

000000008000454a <token_lookup>:
    8000454a:	7139                	addi	sp,sp,-64
    8000454c:	fc06                	sd	ra,56(sp)
    8000454e:	f822                	sd	s0,48(sp)
    80004550:	0080                	addi	s0,sp,64
    80004552:	fea43023          	sd	a0,-32(s0)
    80004556:	fcb43c23          	sd	a1,-40(s0)
    8000455a:	fe043503          	ld	a0,-32(s0)
    8000455e:	0b4000ef          	jal	80004612 <tokenizer_sorted>
    80004562:	fca43823          	sd	a0,-48(s0)
    80004566:	4501                	li	a0,0
    80004568:	fca42623          	sw	a0,-52(s0)
    8000456c:	fe043503          	ld	a0,-32(s0)
    80004570:	4d08                	lw	a0,24(a0)
    80004572:	357d                	addiw	a0,a0,-1
    80004574:	fca42423          	sw	a0,-56(s0)
    80004578:	a009                	j	8000457a <token_lookup+0x30>
    8000457a:	fcc42583          	lw	a1,-52(s0)
    8000457e:	fc842503          	lw	a0,-56(s0)
    80004582:	06b54c63          	blt	a0,a1,800045fa <token_lookup+0xb0>
    80004586:	a009                	j	80004588 <token_lookup+0x3e>
    80004588:	fcc42503          	lw	a0,-52(s0)
    8000458c:	fc842583          	lw	a1,-56(s0)
    80004590:	9d2d                	addw	a0,a0,a1
    80004592:	01f5559b          	srliw	a1,a0,0x1f
    80004596:	9d2d                	addw	a0,a0,a1
    80004598:	4015551b          	sraiw	a0,a0,0x1
    8000459c:	fca42223          	sw	a0,-60(s0)
    800045a0:	fd043503          	ld	a0,-48(s0)
    800045a4:	fc442583          	lw	a1,-60(s0)
    800045a8:	0592                	slli	a1,a1,0x4
    800045aa:	952e                	add	a0,a0,a1
    800045ac:	6108                	ld	a0,0(a0)
    800045ae:	fd843583          	ld	a1,-40(s0)
    800045b2:	de5fb0ef          	jal	80000396 <strcmp>
    800045b6:	fca42023          	sw	a0,-64(s0)
    800045ba:	fc042503          	lw	a0,-64(s0)
    800045be:	ed01                	bnez	a0,800045d6 <token_lookup+0x8c>
    800045c0:	a009                	j	800045c2 <token_lookup+0x78>
    800045c2:	fd043503          	ld	a0,-48(s0)
    800045c6:	fc442583          	lw	a1,-60(s0)
    800045ca:	0592                	slli	a1,a1,0x4
    800045cc:	952e                	add	a0,a0,a1
    800045ce:	4508                	lw	a0,8(a0)
    800045d0:	fea42623          	sw	a0,-20(s0)
    800045d4:	a03d                	j	80004602 <token_lookup+0xb8>
    800045d6:	fc042503          	lw	a0,-64(s0)
    800045da:	00055963          	bgez	a0,800045ec <token_lookup+0xa2>
    800045de:	a009                	j	800045e0 <token_lookup+0x96>
    800045e0:	fc442503          	lw	a0,-60(s0)
    800045e4:	2505                	addiw	a0,a0,1
    800045e6:	fca42623          	sw	a0,-52(s0)
    800045ea:	a039                	j	800045f8 <token_lookup+0xae>
    800045ec:	fc442503          	lw	a0,-60(s0)
    800045f0:	357d                	addiw	a0,a0,-1
    800045f2:	fca42423          	sw	a0,-56(s0)
    800045f6:	a009                	j	800045f8 <token_lookup+0xae>
    800045f8:	b749                	j	8000457a <token_lookup+0x30>
    800045fa:	557d                	li	a0,-1
    800045fc:	fea42623          	sw	a0,-20(s0)
    80004600:	a009                	j	80004602 <token_lookup+0xb8>
    80004602:	fec42503          	lw	a0,-20(s0)
    80004606:	fc040113          	addi	sp,s0,-64
    8000460a:	70e2                	ld	ra,56(sp)
    8000460c:	7442                	ld	s0,48(sp)
    8000460e:	6121                	addi	sp,sp,64
    80004610:	8082                	ret

0000000080004612 <tokenizer_sorted>:
    80004612:	7179                	addi	sp,sp,-48
    80004614:	f406                	sd	ra,40(sp)
    80004616:	f022                	sd	s0,32(sp)
    80004618:	1800                	addi	s0,sp,48
    8000461a:	fea43023          	sd	a0,-32(s0)
    8000461e:	fe043503          	ld	a0,-32(s0)
    80004622:	6908                	ld	a0,16(a0)
    80004624:	c901                	beqz	a0,80004634 <tokenizer_sorted+0x22>
    80004626:	a009                	j	80004628 <tokenizer_sorted+0x16>
    80004628:	fe043503          	ld	a0,-32(s0)
    8000462c:	6908                	ld	a0,16(a0)
    8000462e:	fea43423          	sd	a0,-24(s0)
    80004632:	a871                	j	800046ce <tokenizer_sorted+0xbc>
    80004634:	fe043503          	ld	a0,-32(s0)
    80004638:	4d08                	lw	a0,24(a0)
    8000463a:	0512                	slli	a0,a0,0x4
    8000463c:	d92fc0ef          	jal	80000bce <malloc>
    80004640:	fe043583          	ld	a1,-32(s0)
    80004644:	e988                	sd	a0,16(a1)
    80004646:	fe043503          	ld	a0,-32(s0)
    8000464a:	6908                	ld	a0,16(a0)
    8000464c:	e909                	bnez	a0,8000465e <tokenizer_sorted+0x4c>
    8000464e:	a009                	j	80004650 <tokenizer_sorted+0x3e>
    80004650:	00001517          	auipc	a0,0x1
    80004654:	11c50513          	addi	a0,a0,284 # 8000576c <matrix_kernel_qmatmul_f32_noblk+0x586>
    80004658:	cebfc0ef          	jal	80001342 <panic>
    8000465c:	a009                	j	8000465e <tokenizer_sorted+0x4c>
    8000465e:	4501                	li	a0,0
    80004660:	fca42e23          	sw	a0,-36(s0)
    80004664:	a009                	j	80004666 <tokenizer_sorted+0x54>
    80004666:	fdc42503          	lw	a0,-36(s0)
    8000466a:	fe043583          	ld	a1,-32(s0)
    8000466e:	4d8c                	lw	a1,24(a1)
    80004670:	04b55063          	bge	a0,a1,800046b0 <tokenizer_sorted+0x9e>
    80004674:	a009                	j	80004676 <tokenizer_sorted+0x64>
    80004676:	fe043583          	ld	a1,-32(s0)
    8000467a:	6188                	ld	a0,0(a1)
    8000467c:	fdc42603          	lw	a2,-36(s0)
    80004680:	00361693          	slli	a3,a2,0x3
    80004684:	9536                	add	a0,a0,a3
    80004686:	6108                	ld	a0,0(a0)
    80004688:	698c                	ld	a1,16(a1)
    8000468a:	0612                	slli	a2,a2,0x4
    8000468c:	95b2                	add	a1,a1,a2
    8000468e:	e188                	sd	a0,0(a1)
    80004690:	fdc42503          	lw	a0,-36(s0)
    80004694:	fe043583          	ld	a1,-32(s0)
    80004698:	698c                	ld	a1,16(a1)
    8000469a:	00451613          	slli	a2,a0,0x4
    8000469e:	95b2                	add	a1,a1,a2
    800046a0:	c588                	sw	a0,8(a1)
    800046a2:	a009                	j	800046a4 <tokenizer_sorted+0x92>
    800046a4:	fdc42503          	lw	a0,-36(s0)
    800046a8:	2505                	addiw	a0,a0,1
    800046aa:	fca42e23          	sw	a0,-36(s0)
    800046ae:	bf65                	j	80004666 <tokenizer_sorted+0x54>
    800046b0:	fe043583          	ld	a1,-32(s0)
    800046b4:	6988                	ld	a0,16(a1)
    800046b6:	4d8c                	lw	a1,24(a1)
    800046b8:	fff5861b          	addiw	a2,a1,-1
    800046bc:	4581                	li	a1,0
    800046be:	020000ef          	jal	800046de <quicksort_tokens>
    800046c2:	fe043503          	ld	a0,-32(s0)
    800046c6:	6908                	ld	a0,16(a0)
    800046c8:	fea43423          	sd	a0,-24(s0)
    800046cc:	a009                	j	800046ce <tokenizer_sorted+0xbc>
    800046ce:	fe843503          	ld	a0,-24(s0)
    800046d2:	fd040113          	addi	sp,s0,-48
    800046d6:	70a2                	ld	ra,40(sp)
    800046d8:	7402                	ld	s0,32(sp)
    800046da:	6145                	addi	sp,sp,48
    800046dc:	8082                	ret

00000000800046de <quicksort_tokens>:
    800046de:	7179                	addi	sp,sp,-48
    800046e0:	f406                	sd	ra,40(sp)
    800046e2:	f022                	sd	s0,32(sp)
    800046e4:	1800                	addi	s0,sp,48
    800046e6:	fea43423          	sd	a0,-24(s0)
    800046ea:	feb42223          	sw	a1,-28(s0)
    800046ee:	fec42023          	sw	a2,-32(s0)
    800046f2:	a009                	j	800046f4 <quicksort_tokens+0x16>
    800046f4:	fe442503          	lw	a0,-28(s0)
    800046f8:	fe042583          	lw	a1,-32(s0)
    800046fc:	10b55563          	bge	a0,a1,80004806 <quicksort_tokens+0x128>
    80004700:	a009                	j	80004702 <quicksort_tokens+0x24>
    80004702:	fe442503          	lw	a0,-28(s0)
    80004706:	fca42e23          	sw	a0,-36(s0)
    8000470a:	fe042503          	lw	a0,-32(s0)
    8000470e:	fca42c23          	sw	a0,-40(s0)
    80004712:	fe843503          	ld	a0,-24(s0)
    80004716:	fe442583          	lw	a1,-28(s0)
    8000471a:	fe042603          	lw	a2,-32(s0)
    8000471e:	9e0d                	subw	a2,a2,a1
    80004720:	01f6569b          	srliw	a3,a2,0x1f
    80004724:	9e35                	addw	a2,a2,a3
    80004726:	4016561b          	sraiw	a2,a2,0x1
    8000472a:	9db1                	addw	a1,a1,a2
    8000472c:	0592                	slli	a1,a1,0x4
    8000472e:	952e                	add	a0,a0,a1
    80004730:	6108                	ld	a0,0(a0)
    80004732:	fca43823          	sd	a0,-48(s0)
    80004736:	a009                	j	80004738 <quicksort_tokens+0x5a>
    80004738:	fdc42583          	lw	a1,-36(s0)
    8000473c:	fd842503          	lw	a0,-40(s0)
    80004740:	08b54e63          	blt	a0,a1,800047dc <quicksort_tokens+0xfe>
    80004744:	a009                	j	80004746 <quicksort_tokens+0x68>
    80004746:	a009                	j	80004748 <quicksort_tokens+0x6a>
    80004748:	fe843503          	ld	a0,-24(s0)
    8000474c:	fdc42583          	lw	a1,-36(s0)
    80004750:	0592                	slli	a1,a1,0x4
    80004752:	952e                	add	a0,a0,a1
    80004754:	6108                	ld	a0,0(a0)
    80004756:	fd043583          	ld	a1,-48(s0)
    8000475a:	c3dfb0ef          	jal	80000396 <strcmp>
    8000475e:	00055963          	bgez	a0,80004770 <quicksort_tokens+0x92>
    80004762:	a009                	j	80004764 <quicksort_tokens+0x86>
    80004764:	fdc42503          	lw	a0,-36(s0)
    80004768:	2505                	addiw	a0,a0,1
    8000476a:	fca42e23          	sw	a0,-36(s0)
    8000476e:	bfe9                	j	80004748 <quicksort_tokens+0x6a>
    80004770:	a009                	j	80004772 <quicksort_tokens+0x94>
    80004772:	fe843503          	ld	a0,-24(s0)
    80004776:	fd842583          	lw	a1,-40(s0)
    8000477a:	0592                	slli	a1,a1,0x4
    8000477c:	952e                	add	a0,a0,a1
    8000477e:	6108                	ld	a0,0(a0)
    80004780:	fd043583          	ld	a1,-48(s0)
    80004784:	c13fb0ef          	jal	80000396 <strcmp>
    80004788:	85aa                	mv	a1,a0
    8000478a:	4501                	li	a0,0
    8000478c:	00b55963          	bge	a0,a1,8000479e <quicksort_tokens+0xc0>
    80004790:	a009                	j	80004792 <quicksort_tokens+0xb4>
    80004792:	fd842503          	lw	a0,-40(s0)
    80004796:	357d                	addiw	a0,a0,-1
    80004798:	fca42c23          	sw	a0,-40(s0)
    8000479c:	bfd9                	j	80004772 <quicksort_tokens+0x94>
    8000479e:	fdc42583          	lw	a1,-36(s0)
    800047a2:	fd842503          	lw	a0,-40(s0)
    800047a6:	02b54a63          	blt	a0,a1,800047da <quicksort_tokens+0xfc>
    800047aa:	a009                	j	800047ac <quicksort_tokens+0xce>
    800047ac:	fe843583          	ld	a1,-24(s0)
    800047b0:	fdc42503          	lw	a0,-36(s0)
    800047b4:	0512                	slli	a0,a0,0x4
    800047b6:	952e                	add	a0,a0,a1
    800047b8:	fd842603          	lw	a2,-40(s0)
    800047bc:	0612                	slli	a2,a2,0x4
    800047be:	95b2                	add	a1,a1,a2
    800047c0:	052000ef          	jal	80004812 <swap_token>
    800047c4:	fdc42503          	lw	a0,-36(s0)
    800047c8:	2505                	addiw	a0,a0,1
    800047ca:	fca42e23          	sw	a0,-36(s0)
    800047ce:	fd842503          	lw	a0,-40(s0)
    800047d2:	357d                	addiw	a0,a0,-1
    800047d4:	fca42c23          	sw	a0,-40(s0)
    800047d8:	a009                	j	800047da <quicksort_tokens+0xfc>
    800047da:	bfb9                	j	80004738 <quicksort_tokens+0x5a>
    800047dc:	fe442503          	lw	a0,-28(s0)
    800047e0:	fd842583          	lw	a1,-40(s0)
    800047e4:	00b55c63          	bge	a0,a1,800047fc <quicksort_tokens+0x11e>
    800047e8:	a009                	j	800047ea <quicksort_tokens+0x10c>
    800047ea:	fe843503          	ld	a0,-24(s0)
    800047ee:	fe442583          	lw	a1,-28(s0)
    800047f2:	fd842603          	lw	a2,-40(s0)
    800047f6:	ee9ff0ef          	jal	800046de <quicksort_tokens>
    800047fa:	a009                	j	800047fc <quicksort_tokens+0x11e>
    800047fc:	fdc42503          	lw	a0,-36(s0)
    80004800:	fea42223          	sw	a0,-28(s0)
    80004804:	bdc5                	j	800046f4 <quicksort_tokens+0x16>
    80004806:	fd040113          	addi	sp,s0,-48
    8000480a:	70a2                	ld	ra,40(sp)
    8000480c:	7402                	ld	s0,32(sp)
    8000480e:	6145                	addi	sp,sp,48
    80004810:	8082                	ret

0000000080004812 <swap_token>:
    80004812:	7179                	addi	sp,sp,-48
    80004814:	f406                	sd	ra,40(sp)
    80004816:	f022                	sd	s0,32(sp)
    80004818:	1800                	addi	s0,sp,48
    8000481a:	fea43423          	sd	a0,-24(s0)
    8000481e:	feb43023          	sd	a1,-32(s0)
    80004822:	fe843503          	ld	a0,-24(s0)
    80004826:	650c                	ld	a1,8(a0)
    80004828:	fcb43c23          	sd	a1,-40(s0)
    8000482c:	6108                	ld	a0,0(a0)
    8000482e:	fca43823          	sd	a0,-48(s0)
    80004832:	fe843583          	ld	a1,-24(s0)
    80004836:	fe043503          	ld	a0,-32(s0)
    8000483a:	6510                	ld	a2,8(a0)
    8000483c:	e590                	sd	a2,8(a1)
    8000483e:	6108                	ld	a0,0(a0)
    80004840:	e188                	sd	a0,0(a1)
    80004842:	fe043583          	ld	a1,-32(s0)
    80004846:	fd843503          	ld	a0,-40(s0)
    8000484a:	e588                	sd	a0,8(a1)
    8000484c:	fd043503          	ld	a0,-48(s0)
    80004850:	e188                	sd	a0,0(a1)
    80004852:	fd040113          	addi	sp,s0,-48
    80004856:	70a2                	ld	ra,40(sp)
    80004858:	7402                	ld	s0,32(sp)
    8000485a:	6145                	addi	sp,sp,48
    8000485c:	8082                	ret

000000008000485e <uart_putc>:
    8000485e:	1101                	addi	sp,sp,-32
    80004860:	ec06                	sd	ra,24(sp)
    80004862:	e822                	sd	s0,16(sp)
    80004864:	1000                	addi	s0,sp,32
    80004866:	fea407a3          	sb	a0,-17(s0)
    8000486a:	fef44503          	lbu	a0,-17(s0)
    8000486e:	7e2000ef          	jal	80005050 <write_serial>
    80004872:	fe040113          	addi	sp,s0,-32
    80004876:	60e2                	ld	ra,24(sp)
    80004878:	6442                	ld	s0,16(sp)
    8000487a:	6105                	addi	sp,sp,32
    8000487c:	8082                	ret

000000008000487e <print_dec32>:
    8000487e:	7179                	addi	sp,sp,-48
    80004880:	f406                	sd	ra,40(sp)
    80004882:	f022                	sd	s0,32(sp)
    80004884:	1800                	addi	s0,sp,48
    80004886:	fea42623          	sw	a0,-20(s0)
    8000488a:	4501                	li	a0,0
    8000488c:	fca42c23          	sw	a0,-40(s0)
    80004890:	fec42503          	lw	a0,-20(s0)
    80004894:	e519                	bnez	a0,800048a2 <print_dec32+0x24>
    80004896:	a009                	j	80004898 <print_dec32+0x1a>
    80004898:	03000513          	li	a0,48
    8000489c:	fc3ff0ef          	jal	8000485e <uart_putc>
    800048a0:	a0d1                	j	80004964 <print_dec32+0xe6>
    800048a2:	fec42503          	lw	a0,-20(s0)
    800048a6:	00055e63          	bgez	a0,800048c2 <print_dec32+0x44>
    800048aa:	a009                	j	800048ac <print_dec32+0x2e>
    800048ac:	02d00513          	li	a0,45
    800048b0:	fafff0ef          	jal	8000485e <uart_putc>
    800048b4:	fec42583          	lw	a1,-20(s0)
    800048b8:	4501                	li	a0,0
    800048ba:	9d0d                	subw	a0,a0,a1
    800048bc:	fea42623          	sw	a0,-20(s0)
    800048c0:	a009                	j	800048c2 <print_dec32+0x44>
    800048c2:	a009                	j	800048c4 <print_dec32+0x46>
    800048c4:	fec42503          	lw	a0,-20(s0)
    800048c8:	4581                	li	a1,0
    800048ca:	fcb43823          	sd	a1,-48(s0)
    800048ce:	c909                	beqz	a0,800048e0 <print_dec32+0x62>
    800048d0:	a009                	j	800048d2 <print_dec32+0x54>
    800048d2:	fd842503          	lw	a0,-40(s0)
    800048d6:	01052513          	slti	a0,a0,16
    800048da:	fca43823          	sd	a0,-48(s0)
    800048de:	a009                	j	800048e0 <print_dec32+0x62>
    800048e0:	fd043503          	ld	a0,-48(s0)
    800048e4:	8905                	andi	a0,a0,1
    800048e6:	cd21                	beqz	a0,8000493e <print_dec32+0xc0>
    800048e8:	a009                	j	800048ea <print_dec32+0x6c>
    800048ea:	fec42503          	lw	a0,-20(s0)
    800048ee:	666665b7          	lui	a1,0x66666
    800048f2:	66758593          	addi	a1,a1,1639 # 66666667 <UART0_BASE+0x56666667>
    800048f6:	02b50633          	mul	a2,a0,a1
    800048fa:	03f65693          	srli	a3,a2,0x3f
    800048fe:	9609                	srai	a2,a2,0x22
    80004900:	9e35                	addw	a2,a2,a3
    80004902:	0016169b          	slliw	a3,a2,0x1
    80004906:	0036161b          	slliw	a2,a2,0x3
    8000490a:	9e35                	addw	a2,a2,a3
    8000490c:	9d11                	subw	a0,a0,a2
    8000490e:	0305051b          	addiw	a0,a0,48
    80004912:	fd842683          	lw	a3,-40(s0)
    80004916:	0016861b          	addiw	a2,a3,1
    8000491a:	fcc42c23          	sw	a2,-40(s0)
    8000491e:	fdc40613          	addi	a2,s0,-36
    80004922:	9636                	add	a2,a2,a3
    80004924:	00a60023          	sb	a0,0(a2)
    80004928:	fec42503          	lw	a0,-20(s0)
    8000492c:	02b50533          	mul	a0,a0,a1
    80004930:	03f55593          	srli	a1,a0,0x3f
    80004934:	9509                	srai	a0,a0,0x22
    80004936:	9d2d                	addw	a0,a0,a1
    80004938:	fea42623          	sw	a0,-20(s0)
    8000493c:	b761                	j	800048c4 <print_dec32+0x46>
    8000493e:	a009                	j	80004940 <print_dec32+0xc2>
    80004940:	fd842503          	lw	a0,-40(s0)
    80004944:	fff5059b          	addiw	a1,a0,-1
    80004948:	fcb42c23          	sw	a1,-40(s0)
    8000494c:	cd01                	beqz	a0,80004964 <print_dec32+0xe6>
    8000494e:	a009                	j	80004950 <print_dec32+0xd2>
    80004950:	fd842583          	lw	a1,-40(s0)
    80004954:	fdc40513          	addi	a0,s0,-36
    80004958:	952e                	add	a0,a0,a1
    8000495a:	00054503          	lbu	a0,0(a0)
    8000495e:	f01ff0ef          	jal	8000485e <uart_putc>
    80004962:	bff9                	j	80004940 <print_dec32+0xc2>
    80004964:	fd040113          	addi	sp,s0,-48
    80004968:	70a2                	ld	ra,40(sp)
    8000496a:	7402                	ld	s0,32(sp)
    8000496c:	6145                	addi	sp,sp,48
    8000496e:	8082                	ret

0000000080004970 <abs_int>:
    80004970:	1101                	addi	sp,sp,-32
    80004972:	ec06                	sd	ra,24(sp)
    80004974:	e822                	sd	s0,16(sp)
    80004976:	1000                	addi	s0,sp,32
    80004978:	fea42623          	sw	a0,-20(s0)
    8000497c:	fec42503          	lw	a0,-20(s0)
    80004980:	00055a63          	bgez	a0,80004994 <abs_int+0x24>
    80004984:	a009                	j	80004986 <abs_int+0x16>
    80004986:	fec42583          	lw	a1,-20(s0)
    8000498a:	4501                	li	a0,0
    8000498c:	9d0d                	subw	a0,a0,a1
    8000498e:	fea43023          	sd	a0,-32(s0)
    80004992:	a031                	j	8000499e <abs_int+0x2e>
    80004994:	fec42503          	lw	a0,-20(s0)
    80004998:	fea43023          	sd	a0,-32(s0)
    8000499c:	a009                	j	8000499e <abs_int+0x2e>
    8000499e:	fe043503          	ld	a0,-32(s0)
    800049a2:	2501                	sext.w	a0,a0
    800049a4:	fe040113          	addi	sp,s0,-32
    800049a8:	60e2                	ld	ra,24(sp)
    800049aa:	6442                	ld	s0,16(sp)
    800049ac:	6105                	addi	sp,sp,32
    800049ae:	8082                	ret

00000000800049b0 <quantize_const>:
    800049b0:	7159                	addi	sp,sp,-112
    800049b2:	f486                	sd	ra,104(sp)
    800049b4:	f0a2                	sd	s0,96(sp)
    800049b6:	1880                	addi	s0,sp,112
    800049b8:	fea43423          	sd	a0,-24(s0)
    800049bc:	feb43023          	sd	a1,-32(s0)
    800049c0:	fcc42e23          	sw	a2,-36(s0)
    800049c4:	fdc42503          	lw	a0,-36(s0)
    800049c8:	257d                	addiw	a0,a0,31
    800049ca:	41f5559b          	sraiw	a1,a0,0x1f
    800049ce:	01b5d59b          	srliw	a1,a1,0x1b
    800049d2:	9d2d                	addw	a0,a0,a1
    800049d4:	4055551b          	sraiw	a0,a0,0x5
    800049d8:	fca42c23          	sw	a0,-40(s0)
    800049dc:	42fe0537          	lui	a0,0x42fe0
    800049e0:	fca42a23          	sw	a0,-44(s0)
    800049e4:	4501                	li	a0,0
    800049e6:	fca42823          	sw	a0,-48(s0)
    800049ea:	a009                	j	800049ec <quantize_const+0x3c>
    800049ec:	fd042503          	lw	a0,-48(s0)
    800049f0:	fd842583          	lw	a1,-40(s0)
    800049f4:	1cb55363          	bge	a0,a1,80004bba <quantize_const+0x20a>
    800049f8:	a009                	j	800049fa <quantize_const+0x4a>
    800049fa:	fd042503          	lw	a0,-48(s0)
    800049fe:	0055151b          	slliw	a0,a0,0x5
    80004a02:	fca42623          	sw	a0,-52(s0)
    80004a06:	fcc42503          	lw	a0,-52(s0)
    80004a0a:	0205059b          	addiw	a1,a0,32 # 42fe0020 <UART0_BASE+0x32fe0020>
    80004a0e:	fdc42503          	lw	a0,-36(s0)
    80004a12:	00b54863          	blt	a0,a1,80004a22 <quantize_const+0x72>
    80004a16:	a009                	j	80004a18 <quantize_const+0x68>
    80004a18:	02000513          	li	a0,32
    80004a1c:	faa43023          	sd	a0,-96(s0)
    80004a20:	a809                	j	80004a32 <quantize_const+0x82>
    80004a22:	fdc42503          	lw	a0,-36(s0)
    80004a26:	fcc42583          	lw	a1,-52(s0)
    80004a2a:	9d0d                	subw	a0,a0,a1
    80004a2c:	faa43023          	sd	a0,-96(s0)
    80004a30:	a009                	j	80004a32 <quantize_const+0x82>
    80004a32:	fa043503          	ld	a0,-96(s0)
    80004a36:	fca42423          	sw	a0,-56(s0)
    80004a3a:	4501                	li	a0,0
    80004a3c:	fca42223          	sw	a0,-60(s0)
    80004a40:	fca42023          	sw	a0,-64(s0)
    80004a44:	a009                	j	80004a46 <quantize_const+0x96>
    80004a46:	fc042503          	lw	a0,-64(s0)
    80004a4a:	fc842583          	lw	a1,-56(s0)
    80004a4e:	04b55663          	bge	a0,a1,80004a9a <quantize_const+0xea>
    80004a52:	a009                	j	80004a54 <quantize_const+0xa4>
    80004a54:	fe043503          	ld	a0,-32(s0)
    80004a58:	fcc42583          	lw	a1,-52(s0)
    80004a5c:	fc042603          	lw	a2,-64(s0)
    80004a60:	9db1                	addw	a1,a1,a2
    80004a62:	058a                	slli	a1,a1,0x2
    80004a64:	952e                	add	a0,a0,a1
    80004a66:	00052507          	flw	fa0,0(a0)
    80004a6a:	ddffb0ef          	jal	80000848 <q_fabsf>
    80004a6e:	faa42e27          	fsw	fa0,-68(s0)
    80004a72:	fbc42707          	flw	fa4,-68(s0)
    80004a76:	fc442787          	flw	fa5,-60(s0)
    80004a7a:	a0e79553          	flt.s	a0,fa5,fa4
    80004a7e:	c519                	beqz	a0,80004a8c <quantize_const+0xdc>
    80004a80:	a009                	j	80004a82 <quantize_const+0xd2>
    80004a82:	fbc42787          	flw	fa5,-68(s0)
    80004a86:	fcf42227          	fsw	fa5,-60(s0)
    80004a8a:	a009                	j	80004a8c <quantize_const+0xdc>
    80004a8c:	a009                	j	80004a8e <quantize_const+0xde>
    80004a8e:	fc042503          	lw	a0,-64(s0)
    80004a92:	2505                	addiw	a0,a0,1
    80004a94:	fca42023          	sw	a0,-64(s0)
    80004a98:	b77d                	j	80004a46 <quantize_const+0x96>
    80004a9a:	fc442707          	flw	fa4,-60(s0)
    80004a9e:	f00007d3          	fmv.w.x	fa5,zero
    80004aa2:	a0e79553          	flt.s	a0,fa5,fa4
    80004aa6:	cd09                	beqz	a0,80004ac0 <quantize_const+0x110>
    80004aa8:	a009                	j	80004aaa <quantize_const+0xfa>
    80004aaa:	fc442787          	flw	fa5,-60(s0)
    80004aae:	42fe0537          	lui	a0,0x42fe0
    80004ab2:	f0050753          	fmv.w.x	fa4,a0
    80004ab6:	18e7f7d3          	fdiv.s	fa5,fa5,fa4
    80004aba:	f8f42e27          	fsw	fa5,-100(s0)
    80004abe:	a801                	j	80004ace <quantize_const+0x11e>
    80004ac0:	3f800537          	lui	a0,0x3f800
    80004ac4:	f00507d3          	fmv.w.x	fa5,a0
    80004ac8:	f8f42e27          	fsw	fa5,-100(s0)
    80004acc:	a009                	j	80004ace <quantize_const+0x11e>
    80004ace:	f9c42787          	flw	fa5,-100(s0)
    80004ad2:	faf42c27          	fsw	fa5,-72(s0)
    80004ad6:	fb842787          	flw	fa5,-72(s0)
    80004ada:	fe843503          	ld	a0,-24(s0)
    80004ade:	6508                	ld	a0,8(a0)
    80004ae0:	fd042583          	lw	a1,-48(s0)
    80004ae4:	058a                	slli	a1,a1,0x2
    80004ae6:	952e                	add	a0,a0,a1
    80004ae8:	00f52027          	fsw	fa5,0(a0) # 3f800000 <UART0_BASE+0x2f800000>
    80004aec:	fc442787          	flw	fa5,-60(s0)
    80004af0:	f0000753          	fmv.w.x	fa4,zero
    80004af4:	a0e7a553          	feq.s	a0,fa5,fa4
    80004af8:	c129                	beqz	a0,80004b3a <quantize_const+0x18a>
    80004afa:	a009                	j	80004afc <quantize_const+0x14c>
    80004afc:	4501                	li	a0,0
    80004afe:	faa42a23          	sw	a0,-76(s0)
    80004b02:	a009                	j	80004b04 <quantize_const+0x154>
    80004b04:	fb442503          	lw	a0,-76(s0)
    80004b08:	fc842583          	lw	a1,-56(s0)
    80004b0c:	02b55663          	bge	a0,a1,80004b38 <quantize_const+0x188>
    80004b10:	a009                	j	80004b12 <quantize_const+0x162>
    80004b12:	fe843503          	ld	a0,-24(s0)
    80004b16:	6108                	ld	a0,0(a0)
    80004b18:	fcc42583          	lw	a1,-52(s0)
    80004b1c:	fb442603          	lw	a2,-76(s0)
    80004b20:	9db1                	addw	a1,a1,a2
    80004b22:	95aa                	add	a1,a1,a0
    80004b24:	4501                	li	a0,0
    80004b26:	00a58023          	sb	a0,0(a1)
    80004b2a:	a009                	j	80004b2c <quantize_const+0x17c>
    80004b2c:	fb442503          	lw	a0,-76(s0)
    80004b30:	2505                	addiw	a0,a0,1
    80004b32:	faa42a23          	sw	a0,-76(s0)
    80004b36:	b7f9                	j	80004b04 <quantize_const+0x154>
    80004b38:	a895                	j	80004bac <quantize_const+0x1fc>
    80004b3a:	fb842707          	flw	fa4,-72(s0)
    80004b3e:	3f800537          	lui	a0,0x3f800
    80004b42:	f00507d3          	fmv.w.x	fa5,a0
    80004b46:	18e7f7d3          	fdiv.s	fa5,fa5,fa4
    80004b4a:	faf42827          	fsw	fa5,-80(s0)
    80004b4e:	4501                	li	a0,0
    80004b50:	faa42623          	sw	a0,-84(s0)
    80004b54:	a009                	j	80004b56 <quantize_const+0x1a6>
    80004b56:	fac42503          	lw	a0,-84(s0)
    80004b5a:	fc842583          	lw	a1,-56(s0)
    80004b5e:	04b55663          	bge	a0,a1,80004baa <quantize_const+0x1fa>
    80004b62:	a009                	j	80004b64 <quantize_const+0x1b4>
    80004b64:	fe043503          	ld	a0,-32(s0)
    80004b68:	fcc42583          	lw	a1,-52(s0)
    80004b6c:	fac42603          	lw	a2,-84(s0)
    80004b70:	9db1                	addw	a1,a1,a2
    80004b72:	058a                	slli	a1,a1,0x2
    80004b74:	952e                	add	a0,a0,a1
    80004b76:	00052787          	flw	fa5,0(a0) # 3f800000 <UART0_BASE+0x2f800000>
    80004b7a:	fb042707          	flw	fa4,-80(s0)
    80004b7e:	10e7f553          	fmul.s	fa0,fa5,fa4
    80004b82:	d0bfb0ef          	jal	8000088c <q_round_clamp_i8>
    80004b86:	fe843583          	ld	a1,-24(s0)
    80004b8a:	618c                	ld	a1,0(a1)
    80004b8c:	fcc42603          	lw	a2,-52(s0)
    80004b90:	fac42683          	lw	a3,-84(s0)
    80004b94:	9e35                	addw	a2,a2,a3
    80004b96:	95b2                	add	a1,a1,a2
    80004b98:	00a58023          	sb	a0,0(a1)
    80004b9c:	a009                	j	80004b9e <quantize_const+0x1ee>
    80004b9e:	fac42503          	lw	a0,-84(s0)
    80004ba2:	2505                	addiw	a0,a0,1
    80004ba4:	faa42623          	sw	a0,-84(s0)
    80004ba8:	b77d                	j	80004b56 <quantize_const+0x1a6>
    80004baa:	a009                	j	80004bac <quantize_const+0x1fc>
    80004bac:	a009                	j	80004bae <quantize_const+0x1fe>
    80004bae:	fd042503          	lw	a0,-48(s0)
    80004bb2:	2505                	addiw	a0,a0,1
    80004bb4:	fca42823          	sw	a0,-48(s0)
    80004bb8:	bd15                	j	800049ec <quantize_const+0x3c>
    80004bba:	f9040113          	addi	sp,s0,-112
    80004bbe:	70a6                	ld	ra,104(sp)
    80004bc0:	7406                	ld	s0,96(sp)
    80004bc2:	6165                	addi	sp,sp,112
    80004bc4:	8082                	ret

0000000080004bc6 <matrix_kernel_rvv_accum_i32_to_f32_ws_xs>:
    80004bc6:	4791                	li	a5,4
    80004bc8:	02f68563          	beq	a3,a5,80004bf2 <matrix_kernel_rvv_accum_i32_to_f32_ws_xs+0x2c>
    80004bcc:	08e05563          	blez	a4,80004c56 <matrix_kernel_rvv_accum_i32_to_f32_ws_xs+0x90>
    80004bd0:	00271893          	slli	a7,a4,0x2
    80004bd4:	13a6a797          	auipc	a5,0x13a6a
    80004bd8:	62c78813          	addi	a6,a5,1580 # 93a6f200 <matrix_kernel_ws_pack_buf>
    80004bdc:	98c2                	add	a7,a7,a6
    80004bde:	87c2                	mv	a5,a6
    80004be0:	00062787          	flw	fa5,0(a2)
    80004be4:	00f7a027          	fsw	fa5,0(a5)
    80004be8:	0791                	addi	a5,a5,4
    80004bea:	9636                	add	a2,a2,a3
    80004bec:	ff179ae3          	bne	a5,a7,80004be0 <matrix_kernel_rvv_accum_i32_to_f32_ws_xs+0x1a>
    80004bf0:	8642                	mv	a2,a6
    80004bf2:	cb39                	beqz	a4,80004c48 <matrix_kernel_rvv_accum_i32_to_f32_ws_xs+0x82>
    80004bf4:	e0050853          	fmv.x.w	a6,fa0
    80004bf8:	66e1                	lui	a3,0x18
    80004bfa:	6a068893          	addi	a7,a3,1696 # 186a0 <UART0_BASE-0xffe7960>
    80004bfe:	0d0776d7          	vsetvli	a3,a4,e32,m1,ta,ma
    80004c02:	0205e487          	vle32.v	v9,(a1)
    80004c06:	02066407          	vle32.v	v8,(a2)
    80004c0a:	47d1                	li	a5,20
    80004c0c:	37fd                	addiw	a5,a5,-1
    80004c0e:	0001                	nop
    80004c10:	fff5                	bnez	a5,80004c0c <matrix_kernel_rvv_accum_i32_to_f32_ws_xs+0x46>
    80004c12:	0d077057          	vsetvli	zero,a4,e32,m1,ta,ma
    80004c16:	4a9194d7          	vfcvt.f.x.v	v9,v9
    80004c1a:	02056507          	vle32.v	v10,(a0)
    80004c1e:	92941457          	vfmul.vv	v8,v9,v8
    80004c22:	5e0844d7          	vmv.v.x	v9,a6
    80004c26:	92849457          	vfmul.vv	v8,v8,v9
    80004c2a:	02a41457          	vfadd.vv	v8,v10,v8
    80004c2e:	02056427          	vse32.v	v8,(a0)
    80004c32:	87c6                	mv	a5,a7
    80004c34:	37fd                	addiw	a5,a5,-1
    80004c36:	0001                	nop
    80004c38:	fff5                	bnez	a5,80004c34 <matrix_kernel_rvv_accum_i32_to_f32_ws_xs+0x6e>
    80004c3a:	00269793          	slli	a5,a3,0x2
    80004c3e:	8f15                	sub	a4,a4,a3
    80004c40:	953e                	add	a0,a0,a5
    80004c42:	95be                	add	a1,a1,a5
    80004c44:	963e                	add	a2,a2,a5
    80004c46:	ff45                	bnez	a4,80004bfe <matrix_kernel_rvv_accum_i32_to_f32_ws_xs+0x38>
    80004c48:	6509                	lui	a0,0x2
    80004c4a:	71050513          	addi	a0,a0,1808 # 2710 <UART0_BASE-0xfffd8f0>
    80004c4e:	357d                	addiw	a0,a0,-1
    80004c50:	0001                	nop
    80004c52:	fd75                	bnez	a0,80004c4e <matrix_kernel_rvv_accum_i32_to_f32_ws_xs+0x88>
    80004c54:	8082                	ret
    80004c56:	13a6a617          	auipc	a2,0x13a6a
    80004c5a:	5aa60613          	addi	a2,a2,1450 # 93a6f200 <matrix_kernel_ws_pack_buf>
    80004c5e:	fb59                	bnez	a4,80004bf4 <matrix_kernel_rvv_accum_i32_to_f32_ws_xs+0x2e>
    80004c60:	b7e5                	j	80004c48 <matrix_kernel_rvv_accum_i32_to_f32_ws_xs+0x82>

0000000080004c62 <matrix_kernel_rvv_zero_f32>:
    80004c62:	cd81                	beqz	a1,80004c7a <matrix_kernel_rvv_zero_f32+0x18>
    80004c64:	0d05f657          	vsetvli	a2,a1,e32,m1,ta,ma
    80004c68:	5e003457          	vmv.v.i	v8,0
    80004c6c:	00261693          	slli	a3,a2,0x2
    80004c70:	8d91                	sub	a1,a1,a2
    80004c72:	02056427          	vse32.v	v8,(a0)
    80004c76:	9536                	add	a0,a0,a3
    80004c78:	f5f5                	bnez	a1,80004c64 <matrix_kernel_rvv_zero_f32+0x2>
    80004c7a:	8082                	ret

0000000080004c7c <matrix_kernel_rvv_zero_i32>:
    80004c7c:	c185                	beqz	a1,80004c9c <matrix_kernel_rvv_zero_i32+0x20>
    80004c7e:	0d05f657          	vsetvli	a2,a1,e32,m1,ta,ma
    80004c82:	5e003457          	vmv.v.i	v8,0
    80004c86:	02056427          	vse32.v	v8,(a0)
    80004c8a:	46d1                	li	a3,20
    80004c8c:	36fd                	addiw	a3,a3,-1
    80004c8e:	0001                	nop
    80004c90:	fef5                	bnez	a3,80004c8c <matrix_kernel_rvv_zero_i32+0x10>
    80004c92:	00261693          	slli	a3,a2,0x2
    80004c96:	8d91                	sub	a1,a1,a2
    80004c98:	9536                	add	a0,a0,a3
    80004c9a:	f1f5                	bnez	a1,80004c7e <matrix_kernel_rvv_zero_i32+0x2>
    80004c9c:	6561                	lui	a0,0x18
    80004c9e:	6a050513          	addi	a0,a0,1696 # 186a0 <UART0_BASE-0xffe7960>
    80004ca2:	357d                	addiw	a0,a0,-1
    80004ca4:	0001                	nop
    80004ca6:	fd75                	bnez	a0,80004ca2 <matrix_kernel_rvv_zero_i32+0x26>
    80004ca8:	8082                	ret

0000000080004caa <matrix_kernel_matmul_i8_i32_abt>:
#include "matrix_kernel_1230.h"

int matrix_kernel_matmul_i8_i32_abt(const int8_t *A, const int8_t *B, int32_t *C,
                                                  int m, int n, int k) {
    80004caa:	7119                	addi	sp,sp,-128
    80004cac:	fc86                	sd	ra,120(sp)
    80004cae:	f8a2                	sd	s0,112(sp)
    80004cb0:	0100                	addi	s0,sp,128
    80004cb2:	fea43023          	sd	a0,-32(s0)
    80004cb6:	fcb43c23          	sd	a1,-40(s0)
    80004cba:	fcc43823          	sd	a2,-48(s0)
    80004cbe:	fcd42623          	sw	a3,-52(s0)
    80004cc2:	fce42423          	sw	a4,-56(s0)
    80004cc6:	fcf42223          	sw	a5,-60(s0)
#if MATRIX_KERNEL_DEBUG_PRINT
//print_uart("=== matrix_kernel_matmul_i8_i32_abt entered ===\r\n");
// debug_delay_cycles(20);
#endif
    const int lda_bytes = k * (int)sizeof(int8_t);
    80004cca:	fc442503          	lw	a0,-60(s0)
    80004cce:	fca42023          	sw	a0,-64(s0)
    // B is (n x k) row-major: each row has k elements -> row stride = k bytes
    const int ldb_bytes = k * (int)sizeof(int8_t);
    80004cd2:	fc442503          	lw	a0,-60(s0)
    80004cd6:	faa42e23          	sw	a0,-68(s0)
    const int ldc_bytes = n * (int)sizeof(int32_t);
    80004cda:	fc842503          	lw	a0,-56(s0)
    80004cde:	0025151b          	slliw	a0,a0,0x2
    80004ce2:	faa42c23          	sw	a0,-72(s0)
    80004ce6:	4501                	li	a0,0

    

    int tile_m = 0, tile_n = 0, tile_k = 0;
    80004ce8:	faa42a23          	sw	a0,-76(s0)
    80004cec:	faa42823          	sw	a0,-80(s0)
    80004cf0:	faa42623          	sw	a0,-84(s0)

    for (int i = 0; i < m; i += tile_m) {
    80004cf4:	faa42423          	sw	a0,-88(s0)
    80004cf8:	a009                	j	80004cfa <matrix_kernel_matmul_i8_i32_abt+0x50>
    80004cfa:	fa842503          	lw	a0,-88(s0)
    80004cfe:	fcc42583          	lw	a1,-52(s0)
    80004d02:	12b55b63          	bge	a0,a1,80004e38 <matrix_kernel_matmul_i8_i32_abt+0x18e>
    80004d06:	a009                	j	80004d08 <matrix_kernel_matmul_i8_i32_abt+0x5e>
        tile_m = matrix_kernel_msettilem(m - i);
    80004d08:	fcc42503          	lw	a0,-52(s0)
    80004d0c:	fa842583          	lw	a1,-88(s0)
    80004d10:	9d0d                	subw	a0,a0,a1
    80004d12:	140000ef          	jal	80004e52 <matrix_kernel_msettilem>
    80004d16:	faa42a23          	sw	a0,-76(s0)
    80004d1a:	4501                	li	a0,0
        for (int j = 0; j < n; j += tile_n) {
    80004d1c:	faa42223          	sw	a0,-92(s0)
    80004d20:	a009                	j	80004d22 <matrix_kernel_matmul_i8_i32_abt+0x78>
    80004d22:	fa442503          	lw	a0,-92(s0)
    80004d26:	fc842583          	lw	a1,-56(s0)
    80004d2a:	0eb55e63          	bge	a0,a1,80004e26 <matrix_kernel_matmul_i8_i32_abt+0x17c>
    80004d2e:	a009                	j	80004d30 <matrix_kernel_matmul_i8_i32_abt+0x86>
            tile_n = matrix_kernel_msettilen(n - j);
    80004d30:	fc842503          	lw	a0,-56(s0)
    80004d34:	fa442583          	lw	a1,-92(s0)
    80004d38:	9d0d                	subw	a0,a0,a1
    80004d3a:	148000ef          	jal	80004e82 <matrix_kernel_msettilen>
    80004d3e:	faa42823          	sw	a0,-80(s0)
            int32_t *cptr = C + i * n + j;
    80004d42:	fd043503          	ld	a0,-48(s0)
    80004d46:	fa842583          	lw	a1,-88(s0)
    80004d4a:	fc842603          	lw	a2,-56(s0)
    80004d4e:	02c585bb          	mulw	a1,a1,a2
    80004d52:	058a                	slli	a1,a1,0x2
    80004d54:	952e                	add	a0,a0,a1
    80004d56:	fa442583          	lw	a1,-92(s0)
    80004d5a:	058a                	slli	a1,a1,0x2
    80004d5c:	952e                	add	a0,a0,a1
    80004d5e:	f8a43c23          	sd	a0,-104(s0)
            // const uint64_t dbg_id = ++s_strided_calls;
            // if ((MATRIX_KERNEL_DEBUG_PRINT_EVERY <= 1) || ((dbg_id % (uint64_t)MATRIX_KERNEL_DEBUG_PRINT_EVERY) == 0)) {
            //     matrix_kernel_debug_print_prefix();
            //     print_uart("abt_strided id=");
            //     matrix_kernel_debug_print_u64(dbg_id);
                 print_uart("\r\r");
    80004d62:	00001517          	auipc	a0,0x1
    80004d66:	9e450513          	addi	a0,a0,-1564 # 80005746 <matrix_kernel_qmatmul_f32_noblk+0x560>
    80004d6a:	352000ef          	jal	800050bc <print_uart>
            //     matrix_kernel_debug_print_ptr(cptr);
            //     print_uart("\r\n");

            // }
#endif
            matrix_kernel_mlce32_acc0((const int32_t *)cptr, ldc_bytes);
    80004d6e:	f9843503          	ld	a0,-104(s0)
    80004d72:	fb842583          	lw	a1,-72(s0)
    80004d76:	13c000ef          	jal	80004eb2 <matrix_kernel_mlce32_acc0>
    80004d7a:	4501                	li	a0,0

            for (int kk = 0; kk < k; kk += tile_k) {
    80004d7c:	f8a42a23          	sw	a0,-108(s0)
    80004d80:	a009                	j	80004d82 <matrix_kernel_matmul_i8_i32_abt+0xd8>
    80004d82:	f9442503          	lw	a0,-108(s0)
    80004d86:	fc442583          	lw	a1,-60(s0)
    80004d8a:	06b55f63          	bge	a0,a1,80004e08 <matrix_kernel_matmul_i8_i32_abt+0x15e>
    80004d8e:	a009                	j	80004d90 <matrix_kernel_matmul_i8_i32_abt+0xe6>
                tile_k = matrix_kernel_msettilek(k - kk);
    80004d90:	fc442503          	lw	a0,-60(s0)
    80004d94:	f9442583          	lw	a1,-108(s0)
    80004d98:	9d0d                	subw	a0,a0,a1
    80004d9a:	150000ef          	jal	80004eea <matrix_kernel_msettilek>
    80004d9e:	faa42623          	sw	a0,-84(s0)
                const int8_t *aptr = A + i * k + kk;
    80004da2:	fe043503          	ld	a0,-32(s0)
    80004da6:	fa842583          	lw	a1,-88(s0)
    80004daa:	fc442603          	lw	a2,-60(s0)
    80004dae:	02c585bb          	mulw	a1,a1,a2
    80004db2:	952e                	add	a0,a0,a1
    80004db4:	f9442583          	lw	a1,-108(s0)
    80004db8:	952e                	add	a0,a0,a1
    80004dba:	f8a43423          	sd	a0,-120(s0)
                // B is provided as (n x k) row-major; bptr should point to row j, column kk
                const int8_t *bptr = B + j * k + kk;
    80004dbe:	fd843503          	ld	a0,-40(s0)
    80004dc2:	fa442583          	lw	a1,-92(s0)
    80004dc6:	fc442603          	lw	a2,-60(s0)
    80004dca:	02c585bb          	mulw	a1,a1,a2
    80004dce:	952e                	add	a0,a0,a1
    80004dd0:	f9442583          	lw	a1,-108(s0)
    80004dd4:	952e                	add	a0,a0,a1
    80004dd6:	f8a43023          	sd	a0,-128(s0)
// #if MATRIX_KERNEL_DEBUG_PRINT         
//                 print_uart(" bptr=");
//                 matrix_kernel_debug_print_ptr(bptr);
//                 print_uart("\r\n");
// #endif
                matrix_kernel_mlae8_tr0(aptr, lda_bytes);
    80004dda:	f8843503          	ld	a0,-120(s0)
    80004dde:	fc042583          	lw	a1,-64(s0)
    80004de2:	138000ef          	jal	80004f1a <matrix_kernel_mlae8_tr0>
                matrix_kernel_mlbe8_tr1(bptr, ldb_bytes);
    80004de6:	f8043503          	ld	a0,-128(s0)
    80004dea:	fbc42583          	lw	a1,-68(s0)
    80004dee:	164000ef          	jal	80004f52 <matrix_kernel_mlbe8_tr1>
                matrix_kernel_mqma_b_acc0_tr0_tr1();
    80004df2:	198000ef          	jal	80004f8a <matrix_kernel_mqma_b_acc0_tr0_tr1>
            }
    80004df6:	a009                	j	80004df8 <matrix_kernel_matmul_i8_i32_abt+0x14e>
            for (int kk = 0; kk < k; kk += tile_k) {
    80004df8:	fac42583          	lw	a1,-84(s0)
    80004dfc:	f9442503          	lw	a0,-108(s0)
    80004e00:	9d2d                	addw	a0,a0,a1
    80004e02:	f8a42a23          	sw	a0,-108(s0)
    80004e06:	bfb5                	j	80004d82 <matrix_kernel_matmul_i8_i32_abt+0xd8>

            matrix_kernel_msce32_acc0(cptr, ldc_bytes);
    80004e08:	f9843503          	ld	a0,-104(s0)
    80004e0c:	fb842583          	lw	a1,-72(s0)
    80004e10:	192000ef          	jal	80004fa2 <matrix_kernel_msce32_acc0>
        }
    80004e14:	a009                	j	80004e16 <matrix_kernel_matmul_i8_i32_abt+0x16c>
        for (int j = 0; j < n; j += tile_n) {
    80004e16:	fb042583          	lw	a1,-80(s0)
    80004e1a:	fa442503          	lw	a0,-92(s0)
    80004e1e:	9d2d                	addw	a0,a0,a1
    80004e20:	faa42223          	sw	a0,-92(s0)
    80004e24:	bdfd                	j	80004d22 <matrix_kernel_matmul_i8_i32_abt+0x78>
    }
    80004e26:	a009                	j	80004e28 <matrix_kernel_matmul_i8_i32_abt+0x17e>
    for (int i = 0; i < m; i += tile_m) {
    80004e28:	fb442583          	lw	a1,-76(s0)
    80004e2c:	fa842503          	lw	a0,-88(s0)
    80004e30:	9d2d                	addw	a0,a0,a1
    80004e32:	faa42423          	sw	a0,-88(s0)
    80004e36:	b5d1                	j	80004cfa <matrix_kernel_matmul_i8_i32_abt+0x50>
    80004e38:	6505                	lui	a0,0x1
    80004e3a:	38850513          	addi	a0,a0,904 # 1388 <UART0_BASE-0xfffec78>
    debug_delay_cycles(5000);
    80004e3e:	19c000ef          	jal	80004fda <debug_delay_cycles>
    //return 0;
}
    80004e42:	fec42503          	lw	a0,-20(s0)
    80004e46:	f8040113          	addi	sp,s0,-128
    80004e4a:	70e6                	ld	ra,120(sp)
    80004e4c:	7446                	ld	s0,112(sp)
    80004e4e:	6109                	addi	sp,sp,128
    80004e50:	8082                	ret

0000000080004e52 <matrix_kernel_msettilem>:
// B: row-major (n x k)  (each row is a vector of length k)
// C: row-major (m x n) int32



static BARE_NO_AUTOVEC inline int matrix_kernel_msettilem(int rem) {
    80004e52:	1101                	addi	sp,sp,-32
    80004e54:	ec06                	sd	ra,24(sp)
    80004e56:	e822                	sd	s0,16(sp)
    80004e58:	1000                	addi	s0,sp,32
    80004e5a:	fea42623          	sw	a0,-20(s0)
    register size_t a0 asm("a0") = (size_t)rem;
    80004e5e:	fec42503          	lw	a0,-20(s0)
    80004e62:	fea43023          	sd	a0,-32(s0)
    asm volatile(".word 0x04055577\n\t# msettilem a0,a0" : "+r"(a0) :: "memory");
    80004e66:	fe043503          	ld	a0,-32(s0)
    80004e6a:	04055577          	.word	0x04055577
    80004e6e:	fea43023          	sd	a0,-32(s0)
    return (int)a0;
    80004e72:	fe042503          	lw	a0,-32(s0)
    80004e76:	fe040113          	addi	sp,s0,-32
    80004e7a:	60e2                	ld	ra,24(sp)
    80004e7c:	6442                	ld	s0,16(sp)
    80004e7e:	6105                	addi	sp,sp,32
    80004e80:	8082                	ret

0000000080004e82 <matrix_kernel_msettilen>:
}

static BARE_NO_AUTOVEC inline int matrix_kernel_msettilen(int rem) {
    80004e82:	1101                	addi	sp,sp,-32
    80004e84:	ec06                	sd	ra,24(sp)
    80004e86:	e822                	sd	s0,16(sp)
    80004e88:	1000                	addi	s0,sp,32
    80004e8a:	fea42623          	sw	a0,-20(s0)
    register size_t a0 asm("a0") = (size_t)rem;
    80004e8e:	fec42503          	lw	a0,-20(s0)
    80004e92:	fea43023          	sd	a0,-32(s0)
    asm volatile(".word 0x04054577\n\t# msettilen a0,a0" : "+r"(a0) :: "memory");
    80004e96:	fe043503          	ld	a0,-32(s0)
    80004e9a:	04054577          	.word	0x04054577
    80004e9e:	fea43023          	sd	a0,-32(s0)
    return (int)a0;
    80004ea2:	fe042503          	lw	a0,-32(s0)
    80004ea6:	fe040113          	addi	sp,s0,-32
    80004eaa:	60e2                	ld	ra,24(sp)
    80004eac:	6442                	ld	s0,16(sp)
    80004eae:	6105                	addi	sp,sp,32
    80004eb0:	8082                	ret

0000000080004eb2 <matrix_kernel_mlce32_acc0>:
    register size_t a0 asm("a0") = (size_t)rem;
    asm volatile(".word 0x04056577\n\t# msettilek a0,a0" : "+r"(a0) :: "memory");
    return (int)a0;
}

static BARE_NO_AUTOVEC inline void matrix_kernel_mlce32_acc0(const int32_t *base, int stride_bytes) {
    80004eb2:	7179                	addi	sp,sp,-48
    80004eb4:	f406                	sd	ra,40(sp)
    80004eb6:	f022                	sd	s0,32(sp)
    80004eb8:	1800                	addi	s0,sp,48
    80004eba:	fea43423          	sd	a0,-24(s0)
    80004ebe:	feb42223          	sw	a1,-28(s0)
    register const int32_t *a0 asm("a0") = base;
    80004ec2:	fe843503          	ld	a0,-24(s0)
    80004ec6:	fca43c23          	sd	a0,-40(s0)
    register size_t a1 asm("a1") = (size_t)stride_bytes;
    80004eca:	fe442503          	lw	a0,-28(s0)
    80004ece:	fca43823          	sd	a0,-48(s0)
    asm volatile(".word 0x00b52077\n\t# mlce32.m acc0,(a0),a1" :: "r"(a0), "r"(a1) : "memory");
    80004ed2:	fd843503          	ld	a0,-40(s0)
    80004ed6:	fd043583          	ld	a1,-48(s0)
    80004eda:	00b52077          	.word	0x00b52077
}
    80004ede:	fd040113          	addi	sp,s0,-48
    80004ee2:	70a2                	ld	ra,40(sp)
    80004ee4:	7402                	ld	s0,32(sp)
    80004ee6:	6145                	addi	sp,sp,48
    80004ee8:	8082                	ret

0000000080004eea <matrix_kernel_msettilek>:
static BARE_NO_AUTOVEC inline int matrix_kernel_msettilek(int rem) {
    80004eea:	1101                	addi	sp,sp,-32
    80004eec:	ec06                	sd	ra,24(sp)
    80004eee:	e822                	sd	s0,16(sp)
    80004ef0:	1000                	addi	s0,sp,32
    80004ef2:	fea42623          	sw	a0,-20(s0)
    register size_t a0 asm("a0") = (size_t)rem;
    80004ef6:	fec42503          	lw	a0,-20(s0)
    80004efa:	fea43023          	sd	a0,-32(s0)
    asm volatile(".word 0x04056577\n\t# msettilek a0,a0" : "+r"(a0) :: "memory");
    80004efe:	fe043503          	ld	a0,-32(s0)
    80004f02:	04056577          	.word	0x04056577
    80004f06:	fea43023          	sd	a0,-32(s0)
    return (int)a0;
    80004f0a:	fe042503          	lw	a0,-32(s0)
    80004f0e:	fe040113          	addi	sp,s0,-32
    80004f12:	60e2                	ld	ra,24(sp)
    80004f14:	6442                	ld	s0,16(sp)
    80004f16:	6105                	addi	sp,sp,32
    80004f18:	8082                	ret

0000000080004f1a <matrix_kernel_mlae8_tr0>:
    register int32_t *a0 asm("a0") = base;
    register size_t a1 asm("a1") = (size_t)stride_bytes;
    asm volatile(".word 0x02b52077\n\t# msce32.m acc0,(a0),a1" :: "r"(a0), "r"(a1) : "memory");
}

static BARE_NO_AUTOVEC inline void matrix_kernel_mlae8_tr0(const int8_t *base, int stride_bytes) {
    80004f1a:	7179                	addi	sp,sp,-48
    80004f1c:	f406                	sd	ra,40(sp)
    80004f1e:	f022                	sd	s0,32(sp)
    80004f20:	1800                	addi	s0,sp,48
    80004f22:	fea43423          	sd	a0,-24(s0)
    80004f26:	feb42223          	sw	a1,-28(s0)
    register const int8_t *a0 asm("a0") = base;
    80004f2a:	fe843503          	ld	a0,-24(s0)
    80004f2e:	fca43c23          	sd	a0,-40(s0)
    register size_t a1 asm("a1") = (size_t)stride_bytes;
    80004f32:	fe442503          	lw	a0,-28(s0)
    80004f36:	fca43823          	sd	a0,-48(s0)
    asm volatile(".word 0x04b50077\n\t# mlae8.m tr0,(a0),a1" :: "r"(a0), "r"(a1) : "memory");
    80004f3a:	fd843503          	ld	a0,-40(s0)
    80004f3e:	fd043583          	ld	a1,-48(s0)
    80004f42:	04b50077          	.word	0x04b50077
}
    80004f46:	fd040113          	addi	sp,s0,-48
    80004f4a:	70a2                	ld	ra,40(sp)
    80004f4c:	7402                	ld	s0,32(sp)
    80004f4e:	6145                	addi	sp,sp,48
    80004f50:	8082                	ret

0000000080004f52 <matrix_kernel_mlbe8_tr1>:

static BARE_NO_AUTOVEC inline void matrix_kernel_mlbe8_tr1(const int8_t *base, int stride_bytes) {
    80004f52:	7179                	addi	sp,sp,-48
    80004f54:	f406                	sd	ra,40(sp)
    80004f56:	f022                	sd	s0,32(sp)
    80004f58:	1800                	addi	s0,sp,48
    80004f5a:	fea43423          	sd	a0,-24(s0)
    80004f5e:	feb42223          	sw	a1,-28(s0)
    register const int8_t *a0 asm("a0") = base;
    80004f62:	fe843503          	ld	a0,-24(s0)
    80004f66:	fca43c23          	sd	a0,-40(s0)
    register size_t a1 asm("a1") = (size_t)stride_bytes;
    80004f6a:	fe442503          	lw	a0,-28(s0)
    80004f6e:	fca43823          	sd	a0,-48(s0)
    asm volatile(".word 0x08b500f7\n\t# mlbe8.m tr1,(a0),a1" :: "r"(a0), "r"(a1) : "memory");
    80004f72:	fd843503          	ld	a0,-40(s0)
    80004f76:	fd043583          	ld	a1,-48(s0)
    80004f7a:	08b500f7          	.word	0x08b500f7
}
    80004f7e:	fd040113          	addi	sp,s0,-48
    80004f82:	70a2                	ld	ra,40(sp)
    80004f84:	7402                	ld	s0,32(sp)
    80004f86:	6145                	addi	sp,sp,48
    80004f88:	8082                	ret

0000000080004f8a <matrix_kernel_mqma_b_acc0_tr0_tr1>:

static BARE_NO_AUTOVEC inline void matrix_kernel_mqma_b_acc0_tr0_tr1(void) {
    80004f8a:	1141                	addi	sp,sp,-16
    80004f8c:	e406                	sd	ra,8(sp)
    80004f8e:	e022                	sd	s0,0(sp)
    80004f90:	0800                	addi	s0,sp,16
    asm volatile(".word 0x28180877\n\t# mqma.b.mm acc0,tr0,tr1" ::: "memory");
    80004f92:	28180877          	.word	0x28180877
}
    80004f96:	ff040113          	addi	sp,s0,-16
    80004f9a:	60a2                	ld	ra,8(sp)
    80004f9c:	6402                	ld	s0,0(sp)
    80004f9e:	0141                	addi	sp,sp,16
    80004fa0:	8082                	ret

0000000080004fa2 <matrix_kernel_msce32_acc0>:
static BARE_NO_AUTOVEC inline void matrix_kernel_msce32_acc0(int32_t *base, int stride_bytes) {
    80004fa2:	7179                	addi	sp,sp,-48
    80004fa4:	f406                	sd	ra,40(sp)
    80004fa6:	f022                	sd	s0,32(sp)
    80004fa8:	1800                	addi	s0,sp,48
    80004faa:	fea43423          	sd	a0,-24(s0)
    80004fae:	feb42223          	sw	a1,-28(s0)
    register int32_t *a0 asm("a0") = base;
    80004fb2:	fe843503          	ld	a0,-24(s0)
    80004fb6:	fca43c23          	sd	a0,-40(s0)
    register size_t a1 asm("a1") = (size_t)stride_bytes;
    80004fba:	fe442503          	lw	a0,-28(s0)
    80004fbe:	fca43823          	sd	a0,-48(s0)
    asm volatile(".word 0x02b52077\n\t# msce32.m acc0,(a0),a1" :: "r"(a0), "r"(a1) : "memory");
    80004fc2:	fd843503          	ld	a0,-40(s0)
    80004fc6:	fd043583          	ld	a1,-48(s0)
    80004fca:	02b52077          	.word	0x02b52077
}
    80004fce:	fd040113          	addi	sp,s0,-48
    80004fd2:	70a2                	ld	ra,40(sp)
    80004fd4:	7402                	ld	s0,32(sp)
    80004fd6:	6145                	addi	sp,sp,48
    80004fd8:	8082                	ret

0000000080004fda <debug_delay_cycles>:
static inline void debug_delay_cycles(unsigned cycles) {
    80004fda:	1101                	addi	sp,sp,-32
    80004fdc:	ec06                	sd	ra,24(sp)
    80004fde:	e822                	sd	s0,16(sp)
    80004fe0:	1000                	addi	s0,sp,32
    80004fe2:	fea42623          	sw	a0,-20(s0)
    80004fe6:	4501                	li	a0,0
    for (unsigned i = 0; i < cycles; ++i) {
    80004fe8:	fea42423          	sw	a0,-24(s0)
    80004fec:	a009                	j	80004fee <debug_delay_cycles+0x14>
    80004fee:	fe842503          	lw	a0,-24(s0)
    80004ff2:	fec42583          	lw	a1,-20(s0)
    80004ff6:	00b57b63          	bgeu	a0,a1,8000500c <debug_delay_cycles+0x32>
    80004ffa:	a009                	j	80004ffc <debug_delay_cycles+0x22>
        asm volatile("nop");
    80004ffc:	0001                	nop
    }
    80004ffe:	a009                	j	80005000 <debug_delay_cycles+0x26>
    for (unsigned i = 0; i < cycles; ++i) {
    80005000:	fe842503          	lw	a0,-24(s0)
    80005004:	2505                	addiw	a0,a0,1
    80005006:	fea42423          	sw	a0,-24(s0)
    8000500a:	b7d5                	j	80004fee <debug_delay_cycles+0x14>
}
    8000500c:	fe040113          	addi	sp,s0,-32
    80005010:	60e2                	ld	ra,24(sp)
    80005012:	6442                	ld	s0,16(sp)
    80005014:	6105                	addi	sp,sp,32
    80005016:	8082                	ret

0000000080005018 <write_reg_u8>:
    80005018:	00b50023          	sb	a1,0(a0)
    8000501c:	8082                	ret

000000008000501e <read_reg_u8>:
    8000501e:	00054503          	lbu	a0,0(a0)
    80005022:	8082                	ret

0000000080005024 <is_transmit_empty>:
    80005024:	10000537          	lui	a0,0x10000
    80005028:	01454503          	lbu	a0,20(a0) # 10000014 <UART0_BASE+0x14>
    8000502c:	02057513          	andi	a0,a0,32
    80005030:	8082                	ret

0000000080005032 <is_transmit_empty_altera>:
    80005032:	10000537          	lui	a0,0x10000
    80005036:	00754003          	lbu	zero,7(a0) # 10000007 <UART0_BASE+0x7>
    8000503a:	00654503          	lbu	a0,6(a0)
    8000503e:	8082                	ret

0000000080005040 <is_receive_empty>:
    80005040:	10000537          	lui	a0,0x10000
    80005044:	01454503          	lbu	a0,20(a0) # 10000014 <UART0_BASE+0x14>
    80005048:	fff54513          	not	a0,a0
    8000504c:	8905                	andi	a0,a0,1
    8000504e:	8082                	ret

0000000080005050 <write_serial>:
    80005050:	100005b7          	lui	a1,0x10000
    80005054:	0145c603          	lbu	a2,20(a1) # 10000014 <UART0_BASE+0x14>
    80005058:	02067613          	andi	a2,a2,32
    8000505c:	de65                	beqz	a2,80005054 <write_serial+0x4>
    8000505e:	100005b7          	lui	a1,0x10000
    80005062:	00a58023          	sb	a0,0(a1) # 10000000 <UART0_BASE>
    80005066:	8082                	ret

0000000080005068 <read_serial>:
    80005068:	100005b7          	lui	a1,0x10000
    8000506c:	0145c603          	lbu	a2,20(a1) # 10000014 <UART0_BASE+0x14>
    80005070:	8a05                	andi	a2,a2,1
    80005072:	e219                	bnez	a2,80005078 <read_serial+0x10>
    80005074:	4501                	li	a0,0
    80005076:	8082                	ret
    80005078:	0005c583          	lbu	a1,0(a1)
    8000507c:	00b50023          	sb	a1,0(a0)
    80005080:	4505                	li	a0,1
    80005082:	8082                	ret

0000000080005084 <init_uart>:
    80005084:	0592                	slli	a1,a1,0x4
    80005086:	02b5553b          	divuw	a0,a0,a1
    8000508a:	100005b7          	lui	a1,0x10000
    8000508e:	08000613          	li	a2,128
    80005092:	00058223          	sb	zero,4(a1) # 10000004 <UART0_BASE+0x4>
    80005096:	00c58623          	sb	a2,12(a1)
    8000509a:	460d                	li	a2,3
    8000509c:	00a58023          	sb	a0,0(a1)
    800050a0:	8121                	srli	a0,a0,0x8
    800050a2:	00a58223          	sb	a0,4(a1)
    800050a6:	0c700513          	li	a0,199
    800050aa:	00c58623          	sb	a2,12(a1)
    800050ae:	02000613          	li	a2,32
    800050b2:	00a58423          	sb	a0,8(a1)
    800050b6:	00c58823          	sb	a2,16(a1)
    800050ba:	8082                	ret

00000000800050bc <print_uart>:
    800050bc:	00054583          	lbu	a1,0(a0)
    800050c0:	cd91                	beqz	a1,800050dc <print_uart+0x20>
    800050c2:	10000637          	lui	a2,0x10000
    800050c6:	01464683          	lbu	a3,20(a2) # 10000014 <UART0_BASE+0x14>
    800050ca:	0206f693          	andi	a3,a3,32
    800050ce:	dee5                	beqz	a3,800050c6 <print_uart+0xa>
    800050d0:	00b60023          	sb	a1,0(a2)
    800050d4:	00154583          	lbu	a1,1(a0)
    800050d8:	0505                	addi	a0,a0,1
    800050da:	f5f5                	bnez	a1,800050c6 <print_uart+0xa>
    800050dc:	8082                	ret

00000000800050de <bin_to_hex>:
    800050de:	00f57613          	andi	a2,a0,15
    800050e2:	03a6a697          	auipc	a3,0x3a6a
    800050e6:	09268693          	addi	a3,a3,146 # 83a6f174 <bin_to_hex_table>
    800050ea:	9636                	add	a2,a2,a3
    800050ec:	00064603          	lbu	a2,0(a2)
    800050f0:	8111                	srli	a0,a0,0x4
    800050f2:	00c580a3          	sb	a2,1(a1)
    800050f6:	9536                	add	a0,a0,a3
    800050f8:	00054503          	lbu	a0,0(a0)
    800050fc:	00a58023          	sb	a0,0(a1)
    80005100:	8082                	ret

0000000080005102 <print_uart_int>:
    80005102:	470d                	li	a4,3
    80005104:	100005b7          	lui	a1,0x10000
    80005108:	03a6a617          	auipc	a2,0x3a6a
    8000510c:	06c60813          	addi	a6,a2,108 # 83a6f174 <bin_to_hex_table>
    80005110:	86ba                	mv	a3,a4
    80005112:	070e                	slli	a4,a4,0x3
    80005114:	00e5573b          	srlw	a4,a0,a4
    80005118:	00f77793          	andi	a5,a4,15
    8000511c:	1762                	slli	a4,a4,0x38
    8000511e:	97c2                	add	a5,a5,a6
    80005120:	9371                	srli	a4,a4,0x3c
    80005122:	00e80633          	add	a2,a6,a4
    80005126:	0007c703          	lbu	a4,0(a5)
    8000512a:	00064783          	lbu	a5,0(a2)
    8000512e:	0145c603          	lbu	a2,20(a1) # 10000014 <UART0_BASE+0x14>
    80005132:	02067613          	andi	a2,a2,32
    80005136:	de65                	beqz	a2,8000512e <print_uart_int+0x2c>
    80005138:	00f58023          	sb	a5,0(a1)
    8000513c:	0145c603          	lbu	a2,20(a1)
    80005140:	02067613          	andi	a2,a2,32
    80005144:	de65                	beqz	a2,8000513c <print_uart_int+0x3a>
    80005146:	00e58023          	sb	a4,0(a1)
    8000514a:	fff6871b          	addiw	a4,a3,-1
    8000514e:	f2e9                	bnez	a3,80005110 <print_uart_int+0xe>
    80005150:	8082                	ret

0000000080005152 <print_uart_addr>:
    80005152:	471d                	li	a4,7
    80005154:	100005b7          	lui	a1,0x10000
    80005158:	03a6a617          	auipc	a2,0x3a6a
    8000515c:	01c60813          	addi	a6,a2,28 # 83a6f174 <bin_to_hex_table>
    80005160:	86ba                	mv	a3,a4
    80005162:	070e                	slli	a4,a4,0x3
    80005164:	00e55733          	srl	a4,a0,a4
    80005168:	00f77793          	andi	a5,a4,15
    8000516c:	1762                	slli	a4,a4,0x38
    8000516e:	97c2                	add	a5,a5,a6
    80005170:	9371                	srli	a4,a4,0x3c
    80005172:	00e80633          	add	a2,a6,a4
    80005176:	0007c703          	lbu	a4,0(a5)
    8000517a:	00064783          	lbu	a5,0(a2)
    8000517e:	0145c603          	lbu	a2,20(a1) # 10000014 <UART0_BASE+0x14>
    80005182:	02067613          	andi	a2,a2,32
    80005186:	de65                	beqz	a2,8000517e <print_uart_addr+0x2c>
    80005188:	00f58023          	sb	a5,0(a1)
    8000518c:	0145c603          	lbu	a2,20(a1)
    80005190:	02067613          	andi	a2,a2,32
    80005194:	de65                	beqz	a2,8000518c <print_uart_addr+0x3a>
    80005196:	00e58023          	sb	a4,0(a1)
    8000519a:	fff68713          	addi	a4,a3,-1
    8000519e:	f2e9                	bnez	a3,80005160 <print_uart_addr+0xe>
    800051a0:	8082                	ret

00000000800051a2 <print_uart_byte>:
    800051a2:	00f57593          	andi	a1,a0,15
    800051a6:	03a6a617          	auipc	a2,0x3a6a
    800051aa:	8111                	srli	a0,a0,0x4
    800051ac:	fce60613          	addi	a2,a2,-50 # 83a6f174 <bin_to_hex_table>
    800051b0:	95b2                	add	a1,a1,a2
    800051b2:	962a                	add	a2,a2,a0
    800051b4:	0005c503          	lbu	a0,0(a1)
    800051b8:	00064603          	lbu	a2,0(a2)
    800051bc:	100005b7          	lui	a1,0x10000
    800051c0:	0145c683          	lbu	a3,20(a1) # 10000014 <UART0_BASE+0x14>
    800051c4:	0206f693          	andi	a3,a3,32
    800051c8:	dee5                	beqz	a3,800051c0 <print_uart_byte+0x1e>
    800051ca:	100006b7          	lui	a3,0x10000
    800051ce:	00c68023          	sb	a2,0(a3) # 10000000 <UART0_BASE>
    800051d2:	0145c603          	lbu	a2,20(a1)
    800051d6:	02067613          	andi	a2,a2,32
    800051da:	de65                	beqz	a2,800051d2 <print_uart_byte+0x30>
    800051dc:	100005b7          	lui	a1,0x10000
    800051e0:	00a58023          	sb	a0,0(a1) # 10000000 <UART0_BASE>
    800051e4:	8082                	ret

00000000800051e6 <matrix_kernel_qmatmul_f32_noblk>:
    800051e6:	7155                	addi	sp,sp,-208
    800051e8:	e586                	sd	ra,200(sp)
    800051ea:	e1a2                	sd	s0,192(sp)
    800051ec:	fd26                	sd	s1,184(sp)
    800051ee:	f94a                	sd	s2,176(sp)
    800051f0:	f54e                	sd	s3,168(sp)
    800051f2:	f152                	sd	s4,160(sp)
    800051f4:	ed56                	sd	s5,152(sp)
    800051f6:	e95a                	sd	s6,144(sp)
    800051f8:	e55e                	sd	s7,136(sp)
    800051fa:	e162                	sd	s8,128(sp)
    800051fc:	fce6                	sd	s9,120(sp)
    800051fe:	f8ea                	sd	s10,112(sp)
    80005200:	f4ee                	sd	s11,104(sp)
    80005202:	0980                	addi	s0,sp,208
    80005204:	f6c43823          	sd	a2,-144(s0)
    80005208:	f6b43423          	sd	a1,-152(s0)
    8000520c:	f6a43c23          	sd	a0,-136(s0)
    80005210:	f4f43023          	sd	a5,-192(s0)
    80005214:	16078763          	beqz	a5,80005382 <matrix_kernel_qmatmul_f32_noblk+0x19c>
    80005218:	84c2                	mv	s1,a6
    8000521a:	16080463          	beqz	a6,80005382 <matrix_kernel_qmatmul_f32_noblk+0x19c>
    8000521e:	8ac6                	mv	s5,a7
    80005220:	8a3a                	mv	s4,a4
    80005222:	8cb6                	mv	s9,a3
    80005224:	f4043503          	ld	a0,-192(s0)
    80005228:	9546                	add	a0,a0,a7
    8000522a:	157d                	addi	a0,a0,-1
    8000522c:	0315493b          	divw	s2,a0,a7
    80005230:	f7843503          	ld	a0,-136(s0)
    80005234:	85a6                	mv	a1,s1
    80005236:	a2dff0ef          	jal	80004c62 <matrix_kernel_rvv_zero_f32>
    8000523a:	f7243023          	sd	s2,-160(s0)
    8000523e:	15205263          	blez	s2,80005382 <matrix_kernel_qmatmul_f32_noblk+0x19c>
    80005242:	4981                	li	s3,0
    80005244:	f4043583          	ld	a1,-192(s0)
    80005248:	0355c93b          	divw	s2,a1,s5
    8000524c:	00043b03          	ld	s6,0(s0)
    80005250:	02049513          	slli	a0,s1,0x20
    80005254:	415585b3          	sub	a1,a1,s5
    80005258:	f4b43823          	sd	a1,-176(s0)
    8000525c:	6589                	lui	a1,0x2
    8000525e:	02055c13          	srli	s8,a0,0x20
    80005262:	8179                	srli	a0,a0,0x1e
    80005264:	f2a43c23          	sd	a0,-200(s0)
    80005268:	090a                	slli	s2,s2,0x2
    8000526a:	71058513          	addi	a0,a1,1808 # 2710 <UART0_BASE-0xfffd8f0>
    8000526e:	f4a43423          	sd	a0,-184(s0)
    80005272:	f5543c23          	sd	s5,-168(s0)
    80005276:	f8943823          	sd	s1,-112(s0)
    8000527a:	a805                	j	800052aa <matrix_kernel_qmatmul_f32_noblk+0xc4>
    8000527c:	00299513          	slli	a0,s3,0x2
    80005280:	f7043583          	ld	a1,-144(s0)
    80005284:	952e                	add	a0,a0,a1
    80005286:	00052507          	flw	fa0,0(a0)
    8000528a:	4691                	li	a3,4
    8000528c:	f7843503          	ld	a0,-136(s0)
    80005290:	85ee                	mv	a1,s11
    80005292:	8726                	mv	a4,s1
    80005294:	933ff0ef          	jal	80004bc6 <matrix_kernel_rvv_accum_i32_to_f32_ws_xs>
    80005298:	f8043103          	ld	sp,-128(s0)
    8000529c:	0985                	addi	s3,s3,1
    8000529e:	9cd6                	add	s9,s9,s5
    800052a0:	0a11                	addi	s4,s4,4
    800052a2:	f6043503          	ld	a0,-160(s0)
    800052a6:	0ca98e63          	beq	s3,a0,80005382 <matrix_kernel_qmatmul_f32_noblk+0x19c>
    800052aa:	03598bb3          	mul	s7,s3,s5
    800052ae:	f5043503          	ld	a0,-176(s0)
    800052b2:	01755663          	bge	a0,s7,800052be <matrix_kernel_qmatmul_f32_noblk+0xd8>
    800052b6:	f4043503          	ld	a0,-192(s0)
    800052ba:	41750abb          	subw	s5,a0,s7
    800052be:	f8243023          	sd	sp,-128(s0)
    800052c2:	029a8533          	mul	a0,s5,s1
    800052c6:	1502                	slli	a0,a0,0x20
    800052c8:	9101                	srli	a0,a0,0x20
    800052ca:	053d                	addi	a0,a0,15
    800052cc:	9941                	andi	a0,a0,-16
    800052ce:	40a10d33          	sub	s10,sp,a0
    800052d2:	816a                	mv	sp,s10
    800052d4:	02905c63          	blez	s1,8000530c <matrix_kernel_qmatmul_f32_noblk+0x126>
    800052d8:	4501                	li	a0,0
    800052da:	85e6                	mv	a1,s9
    800052dc:	866a                	mv	a2,s10
    800052de:	a031                	j	800052ea <matrix_kernel_qmatmul_f32_noblk+0x104>
    800052e0:	0505                	addi	a0,a0,1
    800052e2:	9656                	add	a2,a2,s5
    800052e4:	95da                	add	a1,a1,s6
    800052e6:	03850363          	beq	a0,s8,8000530c <matrix_kernel_qmatmul_f32_noblk+0x126>
    800052ea:	ff505be3          	blez	s5,800052e0 <matrix_kernel_qmatmul_f32_noblk+0xfa>
    800052ee:	02aa86b3          	mul	a3,s5,a0
    800052f2:	96d6                	add	a3,a3,s5
    800052f4:	96ea                	add	a3,a3,s10
    800052f6:	872e                	mv	a4,a1
    800052f8:	87b2                	mv	a5,a2
    800052fa:	00074483          	lbu	s1,0(a4)
    800052fe:	00978023          	sb	s1,0(a5)
    80005302:	0785                	addi	a5,a5,1
    80005304:	0705                	addi	a4,a4,1
    80005306:	fed79ae3          	bne	a5,a3,800052fa <matrix_kernel_qmatmul_f32_noblk+0x114>
    8000530a:	bfd9                	j	800052e0 <matrix_kernel_qmatmul_f32_noblk+0xfa>
    8000530c:	f9443423          	sd	s4,-120(s0)
    80005310:	f6843503          	ld	a0,-152(s0)
    80005314:	9baa                	add	s7,s7,a0
    80005316:	002c1513          	slli	a0,s8,0x2
    8000531a:	053d                	addi	a0,a0,15
    8000531c:	ff057a13          	andi	s4,a0,-16
    80005320:	41410db3          	sub	s11,sp,s4
    80005324:	816e                	mv	sp,s11
    80005326:	856e                	mv	a0,s11
    80005328:	f9043483          	ld	s1,-112(s0)
    8000532c:	85a6                	mv	a1,s1
    8000532e:	94fff0ef          	jal	80004c7c <matrix_kernel_rvv_zero_i32>
    80005332:	4705                	li	a4,1
    80005334:	856a                	mv	a0,s10
    80005336:	85de                	mv	a1,s7
    80005338:	866e                	mv	a2,s11
    8000533a:	86a6                	mv	a3,s1
    8000533c:	87d6                	mv	a5,s5
    8000533e:	96dff0ef          	jal	80004caa <matrix_kernel_matmul_i8_i32_abt>
    80005342:	f4843503          	ld	a0,-184(s0)
    80005346:	357d                	addiw	a0,a0,-1
    80005348:	0001                	nop
    8000534a:	fd75                	bnez	a0,80005346 <matrix_kernel_qmatmul_f32_noblk+0x160>
    8000534c:	0330000f          	fence	rw,rw
    80005350:	41410633          	sub	a2,sp,s4
    80005354:	8132                	mv	sp,a2
    80005356:	f5843a83          	ld	s5,-168(s0)
    8000535a:	f9043483          	ld	s1,-112(s0)
    8000535e:	f8843a03          	ld	s4,-120(s0)
    80005362:	f0905de3          	blez	s1,8000527c <matrix_kernel_qmatmul_f32_noblk+0x96>
    80005366:	f3843503          	ld	a0,-200(s0)
    8000536a:	9532                	add	a0,a0,a2
    8000536c:	85d2                	mv	a1,s4
    8000536e:	86b2                	mv	a3,a2
    80005370:	0005a787          	flw	fa5,0(a1)
    80005374:	00f6a027          	fsw	fa5,0(a3)
    80005378:	0691                	addi	a3,a3,4
    8000537a:	95ca                	add	a1,a1,s2
    8000537c:	fea69ae3          	bne	a3,a0,80005370 <matrix_kernel_qmatmul_f32_noblk+0x18a>
    80005380:	bdf5                	j	8000527c <matrix_kernel_qmatmul_f32_noblk+0x96>
    80005382:	f3040113          	addi	sp,s0,-208
    80005386:	60ae                	ld	ra,200(sp)
    80005388:	640e                	ld	s0,192(sp)
    8000538a:	74ea                	ld	s1,184(sp)
    8000538c:	794a                	ld	s2,176(sp)
    8000538e:	79aa                	ld	s3,168(sp)
    80005390:	7a0a                	ld	s4,160(sp)
    80005392:	6aea                	ld	s5,152(sp)
    80005394:	6b4a                	ld	s6,144(sp)
    80005396:	6baa                	ld	s7,136(sp)
    80005398:	6c0a                	ld	s8,128(sp)
    8000539a:	7ce6                	ld	s9,120(sp)
    8000539c:	7d46                	ld	s10,112(sp)
    8000539e:	7da6                	ld	s11,104(sp)
    800053a0:	6169                	addi	sp,sp,208
    800053a2:	8082                	ret
